asset_id,plant,unit,instrument_type,oem,model,last_patch_date,maintenance_status,next_maintenance,criticality
"BOD-001","Detroit Assembly","Body Shop","Quality Scanner","KUKA","QualityScanner-1745","2025-03-14","Current","2026-01-20","Critical"
"BOD-003","Detroit Assembly","Body Shop","Welding Controller","ABB","WeldingController-6982","2025-02-01","Overdue","2025-12-18","Critical"
"BOD-004","Detroit Assembly","Body Shop","Conveyor Controller","ABB","ConveyorController-9816","2025-06-21","Overdue","2025-12-15","Critical"
"BOD-005","Detroit Assembly","Body Shop","HMI Station","Fanuc","HMIStation-7060","2025-01-01","Current","2026-01-19","Critical"
"BOD-007","Detroit Assembly","Body Shop","Paint Robot","Rockwell","PaintRobot-6144","2025-07-16","Current","2026-01-03","Critical"
"BOD-008","Detroit Assembly","Body Shop","Robot Controller","Rockwell","RobotController-4264","2025-06-26","Current","2025-11-03","Critical"
"BOD-009","Detroit Assembly","Body Shop","HMI Station","KUKA","HMIStation-9052","2025-01-24","Current","2025-12-27","Critical"
"BOD-010","Detroit Assembly","Body Shop","Paint Controller","Fanuc","PaintController-9757","2024-11-17","Current","2025-12-23","Critical"
"BOD-011","Detroit Assembly","Body Shop","Assembly Robot","Fanuc","AssemblyRobot-7906","2024-11-07","Overdue","2025-11-11","Critical"
"BOD-012","Detroit Assembly","Body Shop","Welding Robot","KUKA","WeldingRobot-9062","2025-10-09","Current","2025-11-25","Critical"
"BOD-013","Detroit Assembly","Body Shop","Paint Controller","KUKA","PaintController-5312","2025-10-11","Overdue","2025-12-13","Critical"
"BOD-014","Detroit Assembly","Body Shop","Robot Controller","Fanuc","RobotController-4776","2025-05-08","Current","2025-12-06","Critical"
"BOD-015","Detroit Assembly","Body Shop","Conveyor Controller","ABB","ConveyorController-3753","2025-10-10","Overdue","2026-01-13","Critical"
"BOD-016","Detroit Assembly","Body Shop","Quality Scanner","KUKA","QualityScanner-3554","2025-01-24","Current","2025-12-06","Critical"
"BOD-019","Detroit Assembly","Body Shop","Safety PLC","KUKA","SafetyPLC-1258","2025-04-16","Current","2025-10-30","Critical"
"BOD-020","Detroit Assembly","Body Shop","Vision System","ABB","VisionSystem-9052","2025-02-03","Current","2026-01-04","Critical"
"BOD-021","Detroit Assembly","Body Shop","Welding Controller","Siemens","WeldingController-9028","2025-02-19","Current","2025-12-13","Critical"
"BOD-022","Detroit Assembly","Body Shop","Conveyor Controller","Rockwell","ConveyorController-4880","2025-02-21","Current","2025-11-02","Critical"
"BOD-023","Detroit Assembly","Body Shop","Safety PLC","KUKA","SafetyPLC-6186","2025-05-06","Current","2026-01-04","Critical"
"BOD-024","Detroit Assembly","Body Shop","SCADA System","ABB","SCADASystem-9164","2025-03-10","Current","2025-11-13","Critical"
"BOD-025","Detroit Assembly","Body Shop","Safety PLC","KUKA","SafetyPLC-6735","2025-01-15","Overdue","2025-11-27","Critical"
"BOD-026","Detroit Assembly","Body Shop","Robot Controller","Siemens","RobotController-6004","2025-07-27","Current","2025-12-13","Critical"
"BOD-027","Detroit Assembly","Body Shop","Safety PLC","Rockwell","SafetyPLC-1079","2025-04-27","Current","2026-01-20","Critical"
"PAI-001","Detroit Assembly","Paint Shop","Paint Robot","Siemens","PaintRobot-8624","2025-03-23","Current","2025-11-03","Critical"
"PAI-002","Detroit Assembly","Paint Shop","HMI Station","KUKA","HMIStation-6521","2024-11-17","Overdue","2026-01-04","Critical"
"PAI-003","Detroit Assembly","Paint Shop","Conveyor Controller","KUKA","ConveyorController-7922","2025-04-06","Current","2025-11-29","Critical"
"PAI-004","Detroit Assembly","Paint Shop","Paint Controller","KUKA","PaintController-8012","2025-04-20","Current","2025-12-30","Critical"
"PAI-005","Detroit Assembly","Paint Shop","Paint Controller","ABB","PaintController-4967","2025-09-29","Current","2025-11-25","Critical"
"PAI-007","Detroit Assembly","Paint Shop","Robot Controller","ABB","RobotController-2733","2025-05-04","Overdue","2025-11-08","Critical"
"PAI-008","Detroit Assembly","Paint Shop","SCADA System","KUKA","SCADASystem-8588","2025-06-01","Current","2025-11-05","Critical"
"PAI-009","Detroit Assembly","Paint Shop","SCADA System","Fanuc","SCADASystem-7611","2025-02-02","Current","2025-11-02","Critical"
"PAI-010","Detroit Assembly","Paint Shop","Welding Controller","ABB","WeldingController-9538","2025-05-14","Current","2025-11-11","Critical"
"PAI-011","Detroit Assembly","Paint Shop","Safety PLC","Rockwell","SafetyPLC-1795","2025-05-05","Overdue","2026-01-02","Critical"
"PAI-012","Detroit Assembly","Paint Shop","Conveyor Controller","Rockwell","ConveyorController-8392","2025-04-03","Overdue","2026-01-11","Critical"
"PAI-013","Detroit Assembly","Paint Shop","Vision System","Fanuc","VisionSystem-6902","2025-09-17","Current","2025-11-12","Critical"
"PAI-014","Detroit Assembly","Paint Shop","HMI Station","Fanuc","HMIStation-4215","2025-02-23","Current","2026-01-11","Critical"
"PAI-015","Detroit Assembly","Paint Shop","Safety PLC","Fanuc","SafetyPLC-9242","2025-04-08","Current","2025-11-06","Critical"
"PAI-016","Detroit Assembly","Paint Shop","Conveyor Controller","ABB","ConveyorController-6339","2025-05-12","Current","2025-10-31","Critical"
"PAI-017","Detroit Assembly","Paint Shop","HMI Station","ABB","HMIStation-6520","2025-02-13","Current","2025-11-03","Critical"
"PAI-018","Detroit Assembly","Paint Shop","Conveyor Controller","Fanuc","ConveyorController-9808","2025-07-16","Current","2025-12-26","Critical"
"PAI-019","Detroit Assembly","Paint Shop","Safety PLC","Siemens","SafetyPLC-5119","2025-08-09","Current","2025-10-31","Critical"
"PAI-020","Detroit Assembly","Paint Shop","Assembly Robot","Siemens","AssemblyRobot-8536","2025-04-18","Overdue","2025-11-20","Critical"
"PAI-021","Detroit Assembly","Paint Shop","Welding Robot","KUKA","WeldingRobot-1610","2025-09-07","Current","2026-01-11","Critical"
"PAI-022","Detroit Assembly","Paint Shop","Robot Controller","ABB","RobotController-9406","2025-10-06","Current","2025-12-11","Critical"
"PAI-024","Detroit Assembly","Paint Shop","Robot Controller","Fanuc","RobotController-6098","2024-11-25","Overdue","2025-11-17","Critical"
"PAI-025","Detroit Assembly","Paint Shop","Conveyor Controller","Rockwell","ConveyorController-4387","2025-05-09","Overdue","2026-01-10","Critical"
"PAI-027","Detroit Assembly","Paint Shop","Vision System","ABB","VisionSystem-8774","2025-10-10","Current","2025-12-15","Critical"
"PAI-030","Detroit Assembly","Paint Shop","Paint Controller","ABB","PaintController-6126","2025-06-15","Overdue","2025-10-30","Critical"
"PAI-033","Detroit Assembly","Paint Shop","SCADA System","Siemens","SCADASystem-7980","2025-06-05","Current","2025-11-06","Critical"
"PAI-034","Detroit Assembly","Paint Shop","Paint Robot","Rockwell","PaintRobot-7821","2025-01-19","Current","2026-01-13","Critical"
"PAI-035","Detroit Assembly","Paint Shop","Vision System","Fanuc","VisionSystem-7149","2024-12-24","Current","2025-12-23","Critical"
"PAI-036","Detroit Assembly","Paint Shop","Quality Scanner","Fanuc","QualityScanner-1894","2025-04-03","Current","2026-01-19","Critical"
"PAI-037","Detroit Assembly","Paint Shop","Welding Controller","Siemens","WeldingController-1652","2025-09-18","Current","2025-12-28","Critical"
"PAI-038","Detroit Assembly","Paint Shop","Paint Robot","Rockwell","PaintRobot-9275","2025-08-28","Current","2025-11-05","Critical"
"ASS-001","Detroit Assembly","Assembly Line","SCADA System","Siemens","SCADASystem-1209","2025-08-28","Current","2025-12-29","Critical"
"ASS-002","Detroit Assembly","Assembly Line","Safety PLC","ABB","SafetyPLC-7535","2025-06-19","Current","2026-01-09","Critical"
"ASS-003","Detroit Assembly","Assembly Line","Paint Controller","Fanuc","PaintController-2524","2025-04-21","Current","2025-12-10","Critical"
"ASS-004","Detroit Assembly","Assembly Line","Robot Controller","Fanuc","RobotController-4402","2025-08-13","Current","2025-11-06","Critical"
"ASS-005","Detroit Assembly","Assembly Line","Assembly Robot","Rockwell","AssemblyRobot-6876","2025-07-07","Current","2025-12-13","Critical"
"ASS-006","Detroit Assembly","Assembly Line","Paint Robot","Siemens","PaintRobot-1711","2025-01-16","Current","2025-11-08","Critical"
"ASS-007","Detroit Assembly","Assembly Line","Paint Robot","Fanuc","PaintRobot-7177","2025-04-28","Current","2025-11-18","Critical"
"ASS-008","Detroit Assembly","Assembly Line","Paint Robot","KUKA","PaintRobot-8725","2025-06-30","Overdue","2025-11-05","Critical"
"ASS-010","Detroit Assembly","Assembly Line","Quality Scanner","Rockwell","QualityScanner-4936","2025-10-22","Current","2025-11-22","Critical"
"ASS-011","Detroit Assembly","Assembly Line","Paint Controller","Rockwell","PaintController-7518","2024-12-08","Current","2025-11-23","Critical"
"ASS-012","Detroit Assembly","Assembly Line","HMI Station","Siemens","HMIStation-5025","2025-06-26","Current","2025-11-27","Critical"
"ASS-013","Detroit Assembly","Assembly Line","Vision System","Rockwell","VisionSystem-3158","2025-02-03","Current","2025-12-09","Critical"
"ASS-014","Detroit Assembly","Assembly Line","Paint Controller","KUKA","PaintController-1732","2024-12-02","Current","2025-11-27","Critical"
"ASS-015","Detroit Assembly","Assembly Line","Quality Scanner","Fanuc","QualityScanner-1729","2024-11-07","Current","2025-10-26","Critical"
"ASS-016","Detroit Assembly","Assembly Line","HMI Station","ABB","HMIStation-9393","2025-05-25","Current","2025-11-21","Critical"
"ASS-017","Detroit Assembly","Assembly Line","Safety PLC","Siemens","SafetyPLC-5185","2025-07-08","Current","2026-01-18","Critical"
"ASS-018","Detroit Assembly","Assembly Line","HMI Station","KUKA","HMIStation-2213","2025-09-24","Current","2025-11-21","Critical"
"ASS-020","Detroit Assembly","Assembly Line","Paint Robot","Fanuc","PaintRobot-8582","2025-04-23","Current","2025-11-01","Critical"
"ASS-021","Detroit Assembly","Assembly Line","Assembly Robot","Siemens","AssemblyRobot-8732","2025-09-10","Overdue","2025-11-14","Critical"
"ASS-023","Detroit Assembly","Assembly Line","Robot Controller","ABB","RobotController-5779","2024-11-19","Overdue","2026-01-22","Critical"
"ASS-024","Detroit Assembly","Assembly Line","Assembly Robot","Rockwell","AssemblyRobot-5468","2025-05-21","Overdue","2025-11-22","Critical"
"ASS-025","Detroit Assembly","Assembly Line","Welding Controller","Siemens","WeldingController-7559","2025-01-22","Current","2025-11-08","Critical"
"ASS-026","Detroit Assembly","Assembly Line","Quality Scanner","Fanuc","QualityScanner-2348","2025-01-29","Overdue","2025-11-24","Critical"
"ASS-027","Detroit Assembly","Assembly Line","Safety PLC","Fanuc","SafetyPLC-3307","2025-01-29","Current","2025-10-29","Critical"
"ASS-028","Detroit Assembly","Assembly Line","Welding Controller","Fanuc","WeldingController-6564","2025-01-19","Current","2025-11-09","Critical"
"ASS-030","Detroit Assembly","Assembly Line","Paint Robot","Fanuc","PaintRobot-3889","2025-08-19","Current","2025-10-30","Critical"
"ASS-031","Detroit Assembly","Assembly Line","Robot Controller","Rockwell","RobotController-9024","2025-04-14","Overdue","2025-11-17","Critical"
"ASS-032","Detroit Assembly","Assembly Line","Paint Robot","Siemens","PaintRobot-9790","2025-04-12","Overdue","2025-12-30","Critical"
"ASS-033","Detroit Assembly","Assembly Line","Welding Robot","Rockwell","WeldingRobot-1608","2024-12-16","Current","2025-11-14","Critical"
"ASS-034","Detroit Assembly","Assembly Line","Conveyor Controller","Siemens","ConveyorController-5090","2025-08-17","Overdue","2025-11-20","Critical"
"ASS-035","Detroit Assembly","Assembly Line","Paint Robot","Fanuc","PaintRobot-8972","2025-01-19","Current","2025-12-13","Critical"
"ASS-037","Detroit Assembly","Assembly Line","Robot Controller","Fanuc","RobotController-2338","2025-05-17","Overdue","2025-11-24","Critical"
"ASS-038","Detroit Assembly","Assembly Line","Robot Controller","Rockwell","RobotController-9234","2025-07-16","Current","2025-12-30","Critical"
"ASS-039","Detroit Assembly","Assembly Line","Quality Scanner","KUKA","QualityScanner-9623","2024-12-24","Current","2025-12-31","Critical"
"ASS-040","Detroit Assembly","Assembly Line","Safety PLC","KUKA","SafetyPLC-8028","2025-06-21","Current","2025-12-18","Critical"
"ASS-041","Detroit Assembly","Assembly Line","Robot Controller","KUKA","RobotController-2530","2025-10-14","Current","2025-11-20","Critical"
"ASS-044","Detroit Assembly","Assembly Line","Vision System","Siemens","VisionSystem-8343","2025-04-24","Overdue","2025-11-14","Critical"
"ASS-045","Detroit Assembly","Assembly Line","Paint Robot","KUKA","PaintRobot-1062","2025-07-28","Current","2025-11-22","Critical"
"ASS-046","Detroit Assembly","Assembly Line","Welding Robot","Siemens","WeldingRobot-6231","2025-03-15","Current","2025-12-21","Critical"
"ASS-047","Detroit Assembly","Assembly Line","Conveyor Controller","ABB","ConveyorController-7668","2025-08-11","Current","2025-12-27","Critical"
"ASS-048","Detroit Assembly","Assembly Line","SCADA System","Siemens","SCADASystem-7789","2025-07-25","Current","2026-01-22","Critical"
"ASS-049","Detroit Assembly","Assembly Line","Quality Scanner","Fanuc","QualityScanner-6999","2025-05-16","Current","2026-01-05","Critical"
"ASS-051","Detroit Assembly","Assembly Line","Conveyor Controller","Fanuc","ConveyorController-6370","2025-09-16","Overdue","2025-11-23","Critical"
"ASS-052","Detroit Assembly","Assembly Line","Conveyor Controller","ABB","ConveyorController-8784","2025-05-10","Current","2025-10-27","Critical"
"ASS-053","Detroit Assembly","Assembly Line","Robot Controller","ABB","RobotController-9130","2025-09-17","Current","2025-12-20","Critical"
"ASS-054","Detroit Assembly","Assembly Line","Vision System","KUKA","VisionSystem-1400","2024-10-27","Overdue","2025-12-08","Critical"
"ASS-055","Detroit Assembly","Assembly Line","Assembly Robot","Rockwell","AssemblyRobot-5606","2025-01-29","Overdue","2025-12-21","Critical"
"ASS-056","Detroit Assembly","Assembly Line","Welding Robot","Siemens","WeldingRobot-3595","2025-05-03","Current","2025-11-29","Critical"
"ASS-057","Detroit Assembly","Assembly Line","Robot Controller","Rockwell","RobotController-2667","2025-04-19","Current","2025-12-12","Critical"
"ASS-058","Detroit Assembly","Assembly Line","Robot Controller","Fanuc","RobotController-7856","2025-03-29","Overdue","2025-12-24","Critical"
"ASS-060","Detroit Assembly","Assembly Line","SCADA System","Siemens","SCADASystem-7804","2025-06-19","Current","2026-01-08","Critical"
"ASS-061","Detroit Assembly","Assembly Line","Vision System","Rockwell","VisionSystem-8866","2025-10-12","Current","2025-12-01","Critical"
"ASS-062","Detroit Assembly","Assembly Line","Vision System","Siemens","VisionSystem-5855","2025-09-23","Current","2026-01-02","Critical"
"ASS-064","Detroit Assembly","Assembly Line","Paint Controller","Siemens","PaintController-6368","2024-10-28","Current","2025-12-31","Critical"
"ASS-065","Detroit Assembly","Assembly Line","Robot Controller","Siemens","RobotController-2237","2025-01-31","Current","2025-12-01","Critical"
"ASS-066","Detroit Assembly","Assembly Line","Paint Robot","KUKA","PaintRobot-1056","2025-10-11","Current","2026-01-19","Critical"
"ASS-067","Detroit Assembly","Assembly Line","Paint Robot","ABB","PaintRobot-7950","2025-06-29","Overdue","2026-01-15","Critical"
"POW-001","Detroit Assembly","Powertrain","Assembly Robot","KUKA","AssemblyRobot-1347","2025-04-09","Current","2025-12-22","Medium"
"POW-002","Detroit Assembly","Powertrain","Safety PLC","Fanuc","SafetyPLC-6813","2025-10-05","Overdue","2025-11-25","Medium"
"POW-003","Detroit Assembly","Powertrain","Welding Controller","Siemens","WeldingController-9770","2025-01-25","Current","2025-11-24","Medium"
"POW-004","Detroit Assembly","Powertrain","Assembly Robot","Siemens","AssemblyRobot-4062","2025-01-05","Current","2025-11-03","Medium"
"POW-005","Detroit Assembly","Powertrain","Safety PLC","Siemens","SafetyPLC-8278","2024-11-25","Overdue","2026-01-09","Medium"
"POW-006","Detroit Assembly","Powertrain","Quality Scanner","Rockwell","QualityScanner-8044","2025-03-02","Overdue","2025-11-08","Medium"
"POW-007","Detroit Assembly","Powertrain","Paint Robot","Rockwell","PaintRobot-9292","2025-03-25","Current","2026-01-01","Medium"
"POW-008","Detroit Assembly","Powertrain","Robot Controller","Fanuc","RobotController-4162","2024-11-13","Current","2026-01-18","Medium"
"POW-009","Detroit Assembly","Powertrain","SCADA System","ABB","SCADASystem-5809","2025-07-07","Current","2025-12-15","Medium"
"POW-010","Detroit Assembly","Powertrain","Conveyor Controller","ABB","ConveyorController-6775","2024-11-29","Current","2025-12-08","Medium"
"POW-012","Detroit Assembly","Powertrain","Welding Robot","ABB","WeldingRobot-7009","2024-12-21","Current","2025-12-30","Medium"
"POW-013","Detroit Assembly","Powertrain","Assembly Robot","Siemens","AssemblyRobot-3157","2025-09-09","Overdue","2025-12-10","Medium"
"POW-014","Detroit Assembly","Powertrain","Robot Controller","Rockwell","RobotController-7150","2025-09-07","Overdue","2025-12-31","Medium"
"POW-015","Detroit Assembly","Powertrain","Paint Controller","Rockwell","PaintController-7589","2025-08-06","Current","2025-12-06","Medium"
"POW-016","Detroit Assembly","Powertrain","Welding Controller","Rockwell","WeldingController-1740","2025-08-22","Current","2025-12-13","Medium"
"POW-017","Detroit Assembly","Powertrain","Assembly Robot","Siemens","AssemblyRobot-4054","2025-07-30","Current","2026-01-17","Medium"
"POW-018","Detroit Assembly","Powertrain","HMI Station","Rockwell","HMIStation-6543","2025-09-03","Current","2025-12-16","Medium"
"POW-019","Detroit Assembly","Powertrain","Paint Controller","ABB","PaintController-6168","2024-12-14","Current","2025-11-04","Medium"
"POW-020","Detroit Assembly","Powertrain","Safety PLC","Rockwell","SafetyPLC-2198","2025-09-27","Current","2025-12-14","Medium"
"QUA-001","Detroit Assembly","Quality Control","Welding Robot","ABB","WeldingRobot-1518","2025-01-25","Current","2026-01-20","High"
"QUA-003","Detroit Assembly","Quality Control","Welding Robot","ABB","WeldingRobot-7988","2025-02-20","Overdue","2026-01-16","High"
"QUA-004","Detroit Assembly","Quality Control","Robot Controller","ABB","RobotController-3993","2025-06-15","Overdue","2025-11-02","High"
"QUA-005","Detroit Assembly","Quality Control","Welding Controller","Fanuc","WeldingController-4742","2025-03-22","Current","2025-11-17","High"
"QUA-007","Detroit Assembly","Quality Control","Safety PLC","Siemens","SafetyPLC-4385","2025-08-16","Current","2025-12-07","High"
"QUA-008","Detroit Assembly","Quality Control","Robot Controller","KUKA","RobotController-4337","2024-12-20","Current","2025-11-12","High"
"QUA-009","Detroit Assembly","Quality Control","Safety PLC","Siemens","SafetyPLC-4021","2025-01-21","Current","2025-12-20","High"
"QUA-010","Detroit Assembly","Quality Control","HMI Station","ABB","HMIStation-9390","2024-12-07","Overdue","2025-10-30","High"
"QUA-013","Detroit Assembly","Quality Control","SCADA System","Rockwell","SCADASystem-4541","2025-01-16","Overdue","2025-11-22","High"
"QUA-014","Detroit Assembly","Quality Control","SCADA System","Rockwell","SCADASystem-6526","2025-09-02","Overdue","2025-11-22","High"
"QUA-016","Detroit Assembly","Quality Control","Welding Controller","Siemens","WeldingController-2224","2025-08-18","Current","2026-01-13","High"
"QUA-018","Detroit Assembly","Quality Control","SCADA System","Fanuc","SCADASystem-1825","2025-07-22","Overdue","2025-11-03","High"
"QUA-019","Detroit Assembly","Quality Control","Paint Controller","Siemens","PaintController-5628","2024-11-29","Current","2025-11-13","High"
"QUA-020","Detroit Assembly","Quality Control","Safety PLC","Siemens","SafetyPLC-9831","2025-07-14","Overdue","2025-10-28","High"
"QUA-021","Detroit Assembly","Quality Control","Conveyor Controller","ABB","ConveyorController-6505","2025-08-24","Current","2025-12-02","High"
"QUA-023","Detroit Assembly","Quality Control","Welding Robot","Fanuc","WeldingRobot-2910","2025-07-16","Overdue","2025-12-17","High"
"QUA-024","Detroit Assembly","Quality Control","Vision System","KUKA","VisionSystem-1339","2025-05-02","Current","2025-11-02","High"
"QUA-026","Detroit Assembly","Quality Control","Quality Scanner","Fanuc","QualityScanner-8908","2025-09-15","Overdue","2025-12-25","High"
"QUA-027","Detroit Assembly","Quality Control","Assembly Robot","ABB","AssemblyRobot-8514","2025-10-15","Current","2025-12-29","High"
"QUA-028","Detroit Assembly","Quality Control","Paint Controller","KUKA","PaintController-1994","2025-07-13","Current","2026-01-21","High"
"QUA-029","Detroit Assembly","Quality Control","Paint Controller","KUKA","PaintController-9852","2025-01-03","Current","2025-12-25","High"
"QUA-031","Detroit Assembly","Quality Control","Assembly Robot","ABB","AssemblyRobot-1811","2025-03-25","Overdue","2025-12-25","High"
"QUA-032","Detroit Assembly","Quality Control","Welding Controller","KUKA","WeldingController-8069","2025-08-05","Overdue","2025-10-30","High"
"QUA-033","Detroit Assembly","Quality Control","Robot Controller","Rockwell","RobotController-3124","2025-07-18","Overdue","2025-11-11","High"
"QUA-034","Detroit Assembly","Quality Control","Paint Robot","Siemens","PaintRobot-6440","2024-12-07","Overdue","2025-11-01","High"
"QUA-035","Detroit Assembly","Quality Control","Conveyor Controller","Fanuc","ConveyorController-3676","2025-07-19","Current","2025-11-18","High"
"QUA-036","Detroit Assembly","Quality Control","Assembly Robot","Siemens","AssemblyRobot-9559","2025-05-11","Overdue","2025-10-26","High"
"QUA-037","Detroit Assembly","Quality Control","Quality Scanner","KUKA","QualityScanner-1233","2025-01-29","Current","2025-11-30","High"
"QUA-038","Detroit Assembly","Quality Control","Paint Controller","ABB","PaintController-3394","2025-02-06","Current","2025-10-25","High"
"QUA-039","Detroit Assembly","Quality Control","Welding Robot","Siemens","WeldingRobot-7671","2025-05-29","Current","2025-11-18","High"
"QUA-040","Detroit Assembly","Quality Control","Welding Controller","KUKA","WeldingController-1270","2025-01-02","Current","2025-12-03","High"
"QUA-041","Detroit Assembly","Quality Control","Robot Controller","Siemens","RobotController-7004","2025-06-02","Current","2025-12-27","High"
"QUA-042","Detroit Assembly","Quality Control","Welding Robot","Siemens","WeldingRobot-1017","2025-01-10","Overdue","2026-01-04","High"
"QUA-044","Detroit Assembly","Quality Control","Conveyor Controller","Fanuc","ConveyorController-3049","2025-07-09","Overdue","2025-12-24","High"
"QUA-050","Detroit Assembly","Quality Control","Vision System","Siemens","VisionSystem-1981","2025-10-20","Overdue","2026-01-15","High"
"QUA-051","Detroit Assembly","Quality Control","Conveyor Controller","Siemens","ConveyorController-6136","2025-05-21","Current","2026-01-12","High"
"STA-001","Detroit Assembly","Stamping","Quality Scanner","KUKA","QualityScanner-3227","2025-06-02","Current","2025-12-22","Medium"
"STA-002","Detroit Assembly","Stamping","Assembly Robot","ABB","AssemblyRobot-7077","2025-03-15","Current","2026-01-01","Medium"
"STA-003","Detroit Assembly","Stamping","Safety PLC","Siemens","SafetyPLC-4297","2025-06-13","Overdue","2025-12-20","Medium"
"STA-004","Detroit Assembly","Stamping","Vision System","Rockwell","VisionSystem-9313","2024-11-11","Current","2026-01-01","Medium"
"STA-005","Detroit Assembly","Stamping","Robot Controller","Rockwell","RobotController-7055","2024-12-25","Current","2025-11-28","Medium"
"STA-006","Detroit Assembly","Stamping","Paint Controller","Fanuc","PaintController-1396","2025-07-27","Current","2026-01-21","Medium"
"STA-007","Detroit Assembly","Stamping","Welding Robot","KUKA","WeldingRobot-6243","2025-06-11","Current","2025-11-28","Medium"
"STA-008","Detroit Assembly","Stamping","Robot Controller","Siemens","RobotController-1241","2025-06-27","Current","2025-11-21","Medium"
"STA-009","Detroit Assembly","Stamping","Paint Robot","Siemens","PaintRobot-7297","2025-07-14","Overdue","2025-12-10","Medium"
"STA-010","Detroit Assembly","Stamping","SCADA System","Fanuc","SCADASystem-1749","2025-07-18","Current","2025-11-22","Medium"
"STA-012","Detroit Assembly","Stamping","HMI Station","Fanuc","HMIStation-7408","2025-06-06","Overdue","2026-01-16","Medium"
"STA-013","Detroit Assembly","Stamping","Assembly Robot","Rockwell","AssemblyRobot-2773","2025-03-17","Current","2025-11-08","Medium"
"STA-014","Detroit Assembly","Stamping","Robot Controller","ABB","RobotController-4165","2025-02-11","Current","2025-12-05","Medium"
"STA-018","Detroit Assembly","Stamping","HMI Station","Rockwell","HMIStation-8232","2025-07-08","Current","2025-11-01","Medium"
"STA-021","Detroit Assembly","Stamping","Quality Scanner","Rockwell","QualityScanner-4206","2025-02-19","Current","2025-11-27","Medium"
"STA-022","Detroit Assembly","Stamping","Welding Robot","ABB","WeldingRobot-3392","2025-09-19","Current","2025-11-03","Medium"
"STA-023","Detroit Assembly","Stamping","Paint Robot","ABB","PaintRobot-6236","2025-05-25","Overdue","2026-01-16","Medium"
"STA-024","Detroit Assembly","Stamping","Robot Controller","Rockwell","RobotController-4175","2025-01-14","Current","2026-01-04","Medium"
"STA-025","Detroit Assembly","Stamping","SCADA System","KUKA","SCADASystem-2953","2025-10-22","Current","2025-11-10","Medium"
"STA-026","Detroit Assembly","Stamping","SCADA System","Siemens","SCADASystem-2814","2025-03-25","Current","2025-12-31","Medium"
"STA-027","Detroit Assembly","Stamping","Paint Controller","Siemens","PaintController-5808","2025-02-28","Overdue","2025-11-25","Medium"
"STA-029","Detroit Assembly","Stamping","Welding Controller","ABB","WeldingController-2211","2025-03-26","Current","2025-11-10","Medium"
"STA-030","Detroit Assembly","Stamping","Conveyor Controller","ABB","ConveyorController-3076","2025-06-14","Current","2026-01-11","Medium"
"STA-032","Detroit Assembly","Stamping","Welding Controller","ABB","WeldingController-3031","2024-11-13","Current","2025-12-09","Medium"
"STA-033","Detroit Assembly","Stamping","HMI Station","KUKA","HMIStation-1181","2025-10-14","Current","2025-12-13","Medium"
"STA-034","Detroit Assembly","Stamping","Welding Robot","Siemens","WeldingRobot-4237","2025-08-31","Overdue","2025-11-16","Medium"
"STA-035","Detroit Assembly","Stamping","Welding Robot","Rockwell","WeldingRobot-1774","2025-07-05","Current","2025-11-22","Medium"
"STA-037","Detroit Assembly","Stamping","Paint Controller","KUKA","PaintController-3477","2025-06-26","Current","2026-01-17","Medium"
"STA-038","Detroit Assembly","Stamping","Assembly Robot","Fanuc","AssemblyRobot-4918","2025-06-30","Current","2025-11-16","Medium"
"STA-039","Detroit Assembly","Stamping","Conveyor Controller","Rockwell","ConveyorController-3452","2024-11-01","Overdue","2025-12-15","Medium"
"STA-040","Detroit Assembly","Stamping","Paint Robot","Fanuc","PaintRobot-3762","2025-06-30","Current","2025-12-13","Medium"
"STA-041","Detroit Assembly","Stamping","SCADA System","Rockwell","SCADASystem-1100","2025-05-22","Current","2026-01-11","Medium"
"STA-042","Detroit Assembly","Stamping","Paint Controller","Fanuc","PaintController-9944","2025-06-15","Current","2025-12-27","Medium"
"STA-043","Detroit Assembly","Stamping","Safety PLC","ABB","SafetyPLC-3230","2025-01-03","Current","2025-12-09","Medium"
"STA-044","Detroit Assembly","Stamping","Welding Robot","KUKA","WeldingRobot-6378","2025-03-29","Current","2025-12-18","Medium"
"STA-045","Detroit Assembly","Stamping","Vision System","Siemens","VisionSystem-5552","2024-11-24","Current","2025-12-18","Medium"
"STA-046","Detroit Assembly","Stamping","Quality Scanner","ABB","QualityScanner-1021","2025-01-11","Current","2026-01-08","Medium"
"STA-047","Detroit Assembly","Stamping","SCADA System","Rockwell","SCADASystem-2680","2025-09-30","Current","2025-11-02","Medium"
"STA-048","Detroit Assembly","Stamping","Conveyor Controller","ABB","ConveyorController-3089","2025-04-14","Current","2026-01-15","Medium"
"STA-049","Detroit Assembly","Stamping","Paint Robot","Siemens","PaintRobot-5658","2025-02-25","Current","2025-11-03","Medium"
"STA-050","Detroit Assembly","Stamping","Conveyor Controller","Fanuc","ConveyorController-5868","2025-06-11","Current","2025-11-01","Medium"
"STA-051","Detroit Assembly","Stamping","Quality Scanner","Siemens","QualityScanner-1250","2024-11-09","Current","2025-11-17","Medium"
"BOD-002","Kentucky Assembly","Body Shop","Welding Controller","Fanuc","WeldingController-8312","2025-04-04","Current","2025-12-17","Critical"
"BOD-003","Kentucky Assembly","Body Shop","Conveyor Controller","ABB","ConveyorController-3779","2025-02-15","Overdue","2025-11-27","Critical"
"BOD-004","Kentucky Assembly","Body Shop","Paint Controller","Siemens","PaintController-6006","2025-08-21","Current","2026-01-21","Critical"
"BOD-005","Kentucky Assembly","Body Shop","Paint Controller","ABB","PaintController-2626","2025-04-23","Current","2026-01-14","Critical"
"BOD-006","Kentucky Assembly","Body Shop","Safety PLC","KUKA","SafetyPLC-1207","2025-03-28","Overdue","2026-01-13","Critical"
"BOD-008","Kentucky Assembly","Body Shop","Safety PLC","Fanuc","SafetyPLC-1441","2025-07-02","Current","2025-11-25","Critical"
"BOD-010","Kentucky Assembly","Body Shop","Vision System","ABB","VisionSystem-7567","2025-04-22","Current","2025-11-11","Critical"
"BOD-011","Kentucky Assembly","Body Shop","Paint Robot","KUKA","PaintRobot-9143","2024-12-08","Overdue","2025-12-12","Critical"
"BOD-012","Kentucky Assembly","Body Shop","Conveyor Controller","KUKA","ConveyorController-8663","2025-01-27","Current","2025-11-01","Critical"
"BOD-013","Kentucky Assembly","Body Shop","HMI Station","KUKA","HMIStation-1291","2025-03-31","Current","2025-12-28","Critical"
"BOD-016","Kentucky Assembly","Body Shop","Vision System","Rockwell","VisionSystem-5732","2024-12-19","Current","2026-01-01","Critical"
"BOD-018","Kentucky Assembly","Body Shop","HMI Station","Fanuc","HMIStation-5540","2025-06-04","Current","2025-12-04","Critical"
"BOD-019","Kentucky Assembly","Body Shop","HMI Station","Fanuc","HMIStation-6313","2025-06-02","Current","2025-11-09","Critical"
"BOD-021","Kentucky Assembly","Body Shop","Welding Controller","ABB","WeldingController-4067","2025-01-14","Overdue","2025-12-17","Critical"
"BOD-023","Kentucky Assembly","Body Shop","Conveyor Controller","Siemens","ConveyorController-2576","2025-09-21","Overdue","2025-10-30","Critical"
"BOD-024","Kentucky Assembly","Body Shop","Safety PLC","Fanuc","SafetyPLC-6972","2025-04-16","Current","2025-11-27","Critical"
"BOD-026","Kentucky Assembly","Body Shop","Conveyor Controller","ABB","ConveyorController-7003","2025-08-20","Current","2025-12-24","Critical"
"BOD-027","Kentucky Assembly","Body Shop","Robot Controller","KUKA","RobotController-5215","2025-10-07","Current","2026-01-15","Critical"
"PAI-001","Kentucky Assembly","Paint Shop","SCADA System","ABB","SCADASystem-8849","2025-02-16","Overdue","2025-12-09","Critical"
"PAI-002","Kentucky Assembly","Paint Shop","Welding Robot","ABB","WeldingRobot-1366","2025-03-26","Current","2025-11-26","Critical"
"PAI-003","Kentucky Assembly","Paint Shop","Welding Robot","KUKA","WeldingRobot-2506","2025-03-17","Overdue","2025-12-25","Critical"
"PAI-004","Kentucky Assembly","Paint Shop","Welding Controller","KUKA","WeldingController-8341","2025-08-24","Current","2025-11-17","Critical"
"PAI-005","Kentucky Assembly","Paint Shop","Safety PLC","Rockwell","SafetyPLC-4552","2025-01-17","Current","2025-12-25","Critical"
"PAI-006","Kentucky Assembly","Paint Shop","HMI Station","ABB","HMIStation-5632","2025-08-21","Current","2026-01-01","Critical"
"PAI-007","Kentucky Assembly","Paint Shop","Paint Controller","Siemens","PaintController-5048","2025-07-27","Overdue","2025-11-15","Critical"
"PAI-008","Kentucky Assembly","Paint Shop","SCADA System","KUKA","SCADASystem-1368","2025-01-03","Overdue","2025-10-29","Critical"
"PAI-009","Kentucky Assembly","Paint Shop","Conveyor Controller","KUKA","ConveyorController-6268","2025-07-09","Overdue","2025-12-09","Critical"
"PAI-010","Kentucky Assembly","Paint Shop","Conveyor Controller","Rockwell","ConveyorController-1534","2025-09-02","Overdue","2025-12-17","Critical"
"PAI-011","Kentucky Assembly","Paint Shop","Welding Controller","Rockwell","WeldingController-2336","2025-05-31","Current","2025-12-02","Critical"
"PAI-013","Kentucky Assembly","Paint Shop","Conveyor Controller","ABB","ConveyorController-4127","2025-09-15","Overdue","2026-01-09","Critical"
"PAI-015","Kentucky Assembly","Paint Shop","Quality Scanner","Siemens","QualityScanner-9171","2024-11-22","Overdue","2025-11-07","Critical"
"PAI-017","Kentucky Assembly","Paint Shop","Paint Robot","Siemens","PaintRobot-7163","2025-09-04","Current","2026-01-06","Critical"
"PAI-018","Kentucky Assembly","Paint Shop","Paint Controller","KUKA","PaintController-7639","2024-12-29","Overdue","2025-12-19","Critical"
"PAI-019","Kentucky Assembly","Paint Shop","Welding Robot","ABB","WeldingRobot-3278","2024-11-08","Current","2025-12-04","Critical"
"PAI-020","Kentucky Assembly","Paint Shop","SCADA System","Fanuc","SCADASystem-2104","2025-07-03","Current","2025-12-28","Critical"
"PAI-021","Kentucky Assembly","Paint Shop","Paint Controller","ABB","PaintController-2765","2025-02-09","Current","2025-11-03","Critical"
"PAI-022","Kentucky Assembly","Paint Shop","Safety PLC","KUKA","SafetyPLC-5699","2024-12-31","Current","2026-01-03","Critical"
"PAI-023","Kentucky Assembly","Paint Shop","Quality Scanner","KUKA","QualityScanner-2903","2025-08-11","Current","2026-01-01","Critical"
"PAI-024","Kentucky Assembly","Paint Shop","Paint Robot","Fanuc","PaintRobot-2540","2025-05-12","Current","2025-12-08","Critical"
"PAI-025","Kentucky Assembly","Paint Shop","Welding Robot","Rockwell","WeldingRobot-4746","2025-02-23","Overdue","2026-01-06","Critical"
"PAI-026","Kentucky Assembly","Paint Shop","Welding Robot","ABB","WeldingRobot-2772","2025-04-04","Current","2025-10-28","Critical"
"PAI-027","Kentucky Assembly","Paint Shop","Paint Controller","Fanuc","PaintController-7888","2025-01-20","Current","2025-12-22","Critical"
"PAI-029","Kentucky Assembly","Paint Shop","Welding Robot","KUKA","WeldingRobot-7452","2025-08-09","Overdue","2025-12-17","Critical"
"PAI-030","Kentucky Assembly","Paint Shop","SCADA System","Siemens","SCADASystem-6327","2025-04-12","Current","2025-12-12","Critical"
"PAI-031","Kentucky Assembly","Paint Shop","Quality Scanner","ABB","QualityScanner-8052","2024-11-05","Current","2025-11-09","Critical"
"ASS-001","Kentucky Assembly","Assembly Line","Welding Robot","Rockwell","WeldingRobot-1497","2025-07-04","Overdue","2025-11-13","Critical"
"ASS-002","Kentucky Assembly","Assembly Line","Robot Controller","ABB","RobotController-3892","2025-08-16","Overdue","2025-11-13","Critical"
"ASS-003","Kentucky Assembly","Assembly Line","Welding Robot","ABB","WeldingRobot-6260","2025-06-26","Current","2025-11-22","Critical"
"ASS-004","Kentucky Assembly","Assembly Line","Conveyor Controller","Siemens","ConveyorController-5674","2025-04-03","Current","2025-12-04","Critical"
"ASS-006","Kentucky Assembly","Assembly Line","Conveyor Controller","KUKA","ConveyorController-3147","2025-03-17","Current","2025-11-12","Critical"
"ASS-007","Kentucky Assembly","Assembly Line","Vision System","Fanuc","VisionSystem-6038","2024-12-24","Current","2025-11-20","Critical"
"ASS-008","Kentucky Assembly","Assembly Line","Conveyor Controller","ABB","ConveyorController-4314","2025-04-16","Current","2025-12-05","Critical"
"ASS-009","Kentucky Assembly","Assembly Line","SCADA System","Fanuc","SCADASystem-5148","2025-03-28","Current","2026-01-09","Critical"
"ASS-011","Kentucky Assembly","Assembly Line","Welding Controller","KUKA","WeldingController-4564","2025-03-16","Current","2025-12-21","Critical"
"ASS-012","Kentucky Assembly","Assembly Line","SCADA System","ABB","SCADASystem-8272","2024-12-29","Current","2026-01-10","Critical"
"ASS-013","Kentucky Assembly","Assembly Line","Paint Controller","KUKA","PaintController-1499","2025-09-11","Current","2025-11-14","Critical"
"ASS-014","Kentucky Assembly","Assembly Line","Robot Controller","KUKA","RobotController-8360","2024-11-17","Overdue","2025-11-16","Critical"
"ASS-015","Kentucky Assembly","Assembly Line","Quality Scanner","Siemens","QualityScanner-8227","2025-03-15","Overdue","2025-12-19","Critical"
"ASS-016","Kentucky Assembly","Assembly Line","Paint Controller","Siemens","PaintController-5887","2025-04-26","Overdue","2026-01-03","Critical"
"ASS-017","Kentucky Assembly","Assembly Line","Conveyor Controller","KUKA","ConveyorController-6256","2024-12-17","Overdue","2026-01-06","Critical"
"ASS-019","Kentucky Assembly","Assembly Line","Vision System","Fanuc","VisionSystem-2970","2025-03-04","Current","2025-12-22","Critical"
"ASS-022","Kentucky Assembly","Assembly Line","Conveyor Controller","Siemens","ConveyorController-2192","2024-12-12","Overdue","2025-11-04","Critical"
"ASS-023","Kentucky Assembly","Assembly Line","HMI Station","Siemens","HMIStation-4438","2025-09-14","Overdue","2025-10-25","Critical"
"ASS-024","Kentucky Assembly","Assembly Line","Robot Controller","KUKA","RobotController-5488","2025-03-31","Current","2025-10-25","Critical"
"ASS-025","Kentucky Assembly","Assembly Line","Robot Controller","Rockwell","RobotController-5977","2024-12-24","Current","2025-12-29","Critical"
"ASS-026","Kentucky Assembly","Assembly Line","HMI Station","KUKA","HMIStation-5262","2024-10-30","Current","2025-11-13","Critical"
"ASS-027","Kentucky Assembly","Assembly Line","Assembly Robot","Fanuc","AssemblyRobot-5778","2024-11-27","Current","2025-12-05","Critical"
"ASS-028","Kentucky Assembly","Assembly Line","SCADA System","Rockwell","SCADASystem-8073","2025-02-04","Current","2025-11-01","Critical"
"ASS-029","Kentucky Assembly","Assembly Line","Assembly Robot","ABB","AssemblyRobot-1556","2025-10-23","Current","2025-12-11","Critical"
"ASS-030","Kentucky Assembly","Assembly Line","HMI Station","KUKA","HMIStation-4360","2025-03-09","Current","2025-11-15","Critical"
"ASS-032","Kentucky Assembly","Assembly Line","Vision System","KUKA","VisionSystem-9902","2025-08-18","Overdue","2025-11-20","Critical"
"ASS-033","Kentucky Assembly","Assembly Line","Conveyor Controller","Rockwell","ConveyorController-8513","2025-08-29","Overdue","2026-01-19","Critical"
"POW-001","Kentucky Assembly","Powertrain","Quality Scanner","ABB","QualityScanner-7489","2025-08-31","Current","2025-12-06","Medium"
"POW-002","Kentucky Assembly","Powertrain","Paint Controller","Siemens","PaintController-9317","2025-09-15","Current","2025-12-12","Medium"
"POW-003","Kentucky Assembly","Powertrain","Assembly Robot","Fanuc","AssemblyRobot-5821","2025-07-13","Overdue","2025-12-08","Medium"
"POW-004","Kentucky Assembly","Powertrain","Conveyor Controller","Rockwell","ConveyorController-9314","2025-07-07","Current","2025-12-01","Medium"
"POW-005","Kentucky Assembly","Powertrain","Assembly Robot","ABB","AssemblyRobot-2776","2025-04-15","Current","2025-10-30","Medium"
"POW-006","Kentucky Assembly","Powertrain","SCADA System","Fanuc","SCADASystem-3934","2025-04-14","Overdue","2025-10-26","Medium"
"POW-007","Kentucky Assembly","Powertrain","Assembly Robot","Fanuc","AssemblyRobot-4339","2025-06-25","Current","2025-11-16","Medium"
"POW-009","Kentucky Assembly","Powertrain","Welding Robot","Rockwell","WeldingRobot-7626","2025-08-04","Current","2025-12-19","Medium"
"POW-010","Kentucky Assembly","Powertrain","Robot Controller","Siemens","RobotController-7990","2024-11-04","Current","2025-11-25","Medium"
"POW-013","Kentucky Assembly","Powertrain","Safety PLC","KUKA","SafetyPLC-9488","2024-12-28","Current","2025-12-19","Medium"
"POW-014","Kentucky Assembly","Powertrain","Paint Controller","Fanuc","PaintController-3298","2025-02-19","Current","2025-11-25","Medium"
"POW-015","Kentucky Assembly","Powertrain","Paint Controller","KUKA","PaintController-7606","2025-07-24","Current","2025-11-30","Medium"
"POW-016","Kentucky Assembly","Powertrain","Assembly Robot","Fanuc","AssemblyRobot-2971","2024-12-28","Overdue","2025-10-26","Medium"
"POW-017","Kentucky Assembly","Powertrain","Quality Scanner","KUKA","QualityScanner-1407","2024-10-30","Overdue","2025-12-22","Medium"
"POW-018","Kentucky Assembly","Powertrain","Quality Scanner","Siemens","QualityScanner-1983","2025-08-06","Current","2025-11-08","Medium"
"POW-019","Kentucky Assembly","Powertrain","HMI Station","ABB","HMIStation-9497","2025-04-17","Overdue","2025-12-15","Medium"
"POW-020","Kentucky Assembly","Powertrain","Welding Robot","KUKA","WeldingRobot-6348","2025-02-13","Current","2025-12-30","Medium"
"QUA-001","Kentucky Assembly","Quality Control","Conveyor Controller","Fanuc","ConveyorController-7076","2025-01-31","Current","2025-11-22","High"
"QUA-002","Kentucky Assembly","Quality Control","Paint Robot","Fanuc","PaintRobot-4600","2025-08-06","Overdue","2025-12-07","High"
"QUA-005","Kentucky Assembly","Quality Control","Welding Controller","Fanuc","WeldingController-5446","2025-03-01","Current","2026-01-01","High"
"QUA-006","Kentucky Assembly","Quality Control","Welding Robot","ABB","WeldingRobot-8167","2025-02-19","Current","2025-11-09","High"
"QUA-007","Kentucky Assembly","Quality Control","Welding Controller","Rockwell","WeldingController-2377","2025-07-17","Overdue","2025-11-10","High"
"QUA-008","Kentucky Assembly","Quality Control","Paint Robot","Fanuc","PaintRobot-4008","2025-09-19","Current","2025-12-25","High"
"QUA-009","Kentucky Assembly","Quality Control","Vision System","Rockwell","VisionSystem-3440","2025-04-28","Current","2026-01-07","High"
"QUA-010","Kentucky Assembly","Quality Control","Vision System","Rockwell","VisionSystem-9488","2025-05-20","Current","2025-10-28","High"
"QUA-011","Kentucky Assembly","Quality Control","Vision System","Siemens","VisionSystem-7712","2025-05-29","Current","2025-12-26","High"
"QUA-014","Kentucky Assembly","Quality Control","SCADA System","Rockwell","SCADASystem-6962","2025-09-01","Current","2025-11-21","High"
"QUA-015","Kentucky Assembly","Quality Control","HMI Station","Rockwell","HMIStation-3192","2024-11-28","Current","2025-12-07","High"
"QUA-018","Kentucky Assembly","Quality Control","Vision System","Fanuc","VisionSystem-6006","2024-12-25","Current","2025-12-14","High"
"QUA-019","Kentucky Assembly","Quality Control","Quality Scanner","ABB","QualityScanner-9836","2025-10-06","Current","2026-01-07","High"
"QUA-020","Kentucky Assembly","Quality Control","Welding Robot","KUKA","WeldingRobot-1353","2025-03-23","Overdue","2026-01-13","High"
"QUA-021","Kentucky Assembly","Quality Control","Vision System","ABB","VisionSystem-7741","2025-03-13","Current","2026-01-07","High"
"QUA-022","Kentucky Assembly","Quality Control","Welding Robot","KUKA","WeldingRobot-4666","2024-12-13","Current","2026-01-09","High"
"QUA-023","Kentucky Assembly","Quality Control","Assembly Robot","Rockwell","AssemblyRobot-8947","2025-07-13","Current","2025-11-24","High"
"QUA-024","Kentucky Assembly","Quality Control","Welding Robot","Fanuc","WeldingRobot-2274","2025-05-05","Current","2025-11-26","High"
"QUA-025","Kentucky Assembly","Quality Control","Quality Scanner","ABB","QualityScanner-3402","2025-06-12","Overdue","2025-12-22","High"
"QUA-026","Kentucky Assembly","Quality Control","HMI Station","KUKA","HMIStation-8686","2025-06-20","Current","2025-11-23","High"
"STA-001","Kentucky Assembly","Stamping","Conveyor Controller","KUKA","ConveyorController-2119","2025-09-18","Current","2026-01-04","Medium"
"STA-003","Kentucky Assembly","Stamping","Conveyor Controller","KUKA","ConveyorController-6966","2025-01-08","Overdue","2026-01-21","Medium"
"STA-005","Kentucky Assembly","Stamping","Assembly Robot","KUKA","AssemblyRobot-8666","2024-12-29","Current","2026-01-07","Medium"
"STA-007","Kentucky Assembly","Stamping","Vision System","Siemens","VisionSystem-2649","2024-11-24","Current","2025-10-26","Medium"
"STA-008","Kentucky Assembly","Stamping","Assembly Robot","KUKA","AssemblyRobot-2934","2025-02-22","Overdue","2025-12-27","Medium"
"STA-009","Kentucky Assembly","Stamping","HMI Station","Siemens","HMIStation-4523","2025-05-13","Overdue","2025-11-03","Medium"
"STA-010","Kentucky Assembly","Stamping","Quality Scanner","Siemens","QualityScanner-5982","2025-02-05","Current","2025-12-08","Medium"
"STA-011","Kentucky Assembly","Stamping","Conveyor Controller","ABB","ConveyorController-1470","2025-05-03","Current","2025-12-15","Medium"
"STA-013","Kentucky Assembly","Stamping","Conveyor Controller","Siemens","ConveyorController-4353","2024-11-10","Current","2025-12-01","Medium"
"STA-014","Kentucky Assembly","Stamping","HMI Station","ABB","HMIStation-8785","2025-01-02","Current","2025-12-09","Medium"
"STA-015","Kentucky Assembly","Stamping","Quality Scanner","KUKA","QualityScanner-4242","2025-06-07","Current","2025-10-30","Medium"
"STA-017","Kentucky Assembly","Stamping","Vision System","Fanuc","VisionSystem-5814","2025-03-14","Current","2025-11-02","Medium"
"STA-018","Kentucky Assembly","Stamping","Safety PLC","Rockwell","SafetyPLC-6776","2025-02-05","Current","2025-12-27","Medium"
"STA-019","Kentucky Assembly","Stamping","Paint Controller","Siemens","PaintController-5126","2024-12-22","Current","2026-01-01","Medium"
"STA-020","Kentucky Assembly","Stamping","Paint Robot","ABB","PaintRobot-2545","2025-01-05","Current","2025-11-30","Medium"
"STA-021","Kentucky Assembly","Stamping","Welding Robot","ABB","WeldingRobot-5998","2025-05-12","Current","2025-10-28","Medium"
"STA-022","Kentucky Assembly","Stamping","Paint Controller","Rockwell","PaintController-9992","2025-05-10","Current","2026-01-10","Medium"
"STA-023","Kentucky Assembly","Stamping","Assembly Robot","Siemens","AssemblyRobot-8793","2025-08-19","Current","2025-12-07","Medium"
"STA-024","Kentucky Assembly","Stamping","Welding Controller","Fanuc","WeldingController-1194","2025-07-18","Current","2025-12-10","Medium"
"STA-025","Kentucky Assembly","Stamping","Quality Scanner","Fanuc","QualityScanner-5132","2024-12-07","Current","2025-10-31","Medium"
"STA-026","Kentucky Assembly","Stamping","Quality Scanner","Siemens","QualityScanner-3891","2024-12-29","Current","2025-12-07","Medium"
"STA-027","Kentucky Assembly","Stamping","Quality Scanner","ABB","QualityScanner-1945","2025-01-12","Overdue","2025-11-30","Medium"
"STA-028","Kentucky Assembly","Stamping","Quality Scanner","Rockwell","QualityScanner-5946","2025-04-18","Current","2025-10-31","Medium"
"STA-029","Kentucky Assembly","Stamping","Robot Controller","Siemens","RobotController-3616","2025-06-04","Current","2025-12-17","Medium"
"STA-030","Kentucky Assembly","Stamping","Robot Controller","Fanuc","RobotController-3586","2025-05-16","Current","2026-01-21","Medium"
"STA-031","Kentucky Assembly","Stamping","Safety PLC","Siemens","SafetyPLC-3690","2025-03-29","Current","2026-01-07","Medium"
"STA-032","Kentucky Assembly","Stamping","Welding Controller","Fanuc","WeldingController-9945","2025-07-20","Current","2025-12-12","Medium"
"STA-033","Kentucky Assembly","Stamping","SCADA System","Fanuc","SCADASystem-8228","2024-12-28","Current","2026-01-13","Medium"
"STA-034","Kentucky Assembly","Stamping","Conveyor Controller","Siemens","ConveyorController-1602","2025-07-04","Overdue","2025-11-18","Medium"
"STA-036","Kentucky Assembly","Stamping","Safety PLC","KUKA","SafetyPLC-1542","2025-09-13","Overdue","2025-11-29","Medium"
"STA-037","Kentucky Assembly","Stamping","Welding Controller","Rockwell","WeldingController-8604","2025-04-03","Overdue","2026-01-01","Medium"
"STA-038","Kentucky Assembly","Stamping","SCADA System","Rockwell","SCADASystem-1607","2025-08-25","Overdue","2026-01-14","Medium"
"STA-039","Kentucky Assembly","Stamping","Paint Controller","KUKA","PaintController-9339","2025-10-16","Current","2025-11-21","Medium"
"BOD-001","Texas Assembly","Body Shop","Welding Controller","ABB","WeldingController-3549","2025-09-04","Current","2025-10-28","Critical"
"BOD-002","Texas Assembly","Body Shop","Vision System","Siemens","VisionSystem-6065","2025-08-21","Current","2025-12-11","Critical"
"BOD-003","Texas Assembly","Body Shop","SCADA System","Siemens","SCADASystem-8988","2025-08-15","Current","2025-11-10","Critical"
"BOD-004","Texas Assembly","Body Shop","Robot Controller","ABB","RobotController-2649","2025-09-14","Overdue","2026-01-02","Critical"
"BOD-005","Texas Assembly","Body Shop","Welding Controller","Fanuc","WeldingController-5241","2025-03-27","Overdue","2026-01-10","Critical"
"BOD-006","Texas Assembly","Body Shop","SCADA System","Rockwell","SCADASystem-5088","2025-02-02","Overdue","2026-01-06","Critical"
"BOD-007","Texas Assembly","Body Shop","Paint Robot","ABB","PaintRobot-3608","2025-03-26","Current","2025-10-29","Critical"
"BOD-008","Texas Assembly","Body Shop","Vision System","Siemens","VisionSystem-6618","2025-02-07","Current","2025-12-14","Critical"
"BOD-009","Texas Assembly","Body Shop","Paint Robot","KUKA","PaintRobot-5656","2025-08-23","Current","2026-01-12","Critical"
"BOD-010","Texas Assembly","Body Shop","Robot Controller","Fanuc","RobotController-4161","2025-06-03","Current","2025-11-07","Critical"
"BOD-011","Texas Assembly","Body Shop","Welding Controller","KUKA","WeldingController-3342","2025-08-26","Current","2025-11-16","Critical"
"BOD-013","Texas Assembly","Body Shop","Paint Robot","Siemens","PaintRobot-4127","2024-11-18","Current","2026-01-10","Critical"
"BOD-016","Texas Assembly","Body Shop","Welding Robot","Fanuc","WeldingRobot-1879","2025-04-03","Current","2025-12-14","Critical"
"BOD-017","Texas Assembly","Body Shop","Assembly Robot","Siemens","AssemblyRobot-4387","2025-08-31","Current","2026-01-19","Critical"
"BOD-018","Texas Assembly","Body Shop","Conveyor Controller","Rockwell","ConveyorController-9687","2025-03-14","Current","2025-10-26","Critical"
"BOD-019","Texas Assembly","Body Shop","Assembly Robot","Siemens","AssemblyRobot-1650","2025-10-20","Current","2025-11-18","Critical"
"BOD-020","Texas Assembly","Body Shop","Assembly Robot","Siemens","AssemblyRobot-9269","2024-12-26","Overdue","2025-11-17","Critical"
"BOD-021","Texas Assembly","Body Shop","Assembly Robot","Rockwell","AssemblyRobot-9802","2025-01-06","Current","2025-11-07","Critical"
"BOD-023","Texas Assembly","Body Shop","Quality Scanner","ABB","QualityScanner-1869","2024-11-18","Overdue","2025-10-29","Critical"
"BOD-024","Texas Assembly","Body Shop","Quality Scanner","ABB","QualityScanner-9735","2025-09-23","Current","2025-11-15","Critical"
"BOD-025","Texas Assembly","Body Shop","HMI Station","KUKA","HMIStation-5058","2025-01-10","Overdue","2025-11-20","Critical"
"BOD-026","Texas Assembly","Body Shop","Paint Controller","ABB","PaintController-8040","2025-07-17","Current","2025-11-18","Critical"
"BOD-027","Texas Assembly","Body Shop","Paint Controller","KUKA","PaintController-2107","2024-12-21","Current","2025-11-05","Critical"
"BOD-028","Texas Assembly","Body Shop","Welding Robot","Siemens","WeldingRobot-7595","2025-08-18","Overdue","2025-10-28","Critical"
"BOD-029","Texas Assembly","Body Shop","Paint Robot","ABB","PaintRobot-1204","2025-06-16","Current","2025-10-31","Critical"
"BOD-030","Texas Assembly","Body Shop","Welding Robot","KUKA","WeldingRobot-5303","2025-09-25","Current","2025-11-23","Critical"
"BOD-031","Texas Assembly","Body Shop","Safety PLC","Rockwell","SafetyPLC-9267","2025-04-05","Current","2025-12-19","Critical"
"BOD-032","Texas Assembly","Body Shop","Paint Robot","Fanuc","PaintRobot-8073","2025-04-11","Overdue","2025-12-16","Critical"
"BOD-033","Texas Assembly","Body Shop","Assembly Robot","Siemens","AssemblyRobot-6010","2025-07-05","Current","2025-11-15","Critical"
"BOD-034","Texas Assembly","Body Shop","Robot Controller","KUKA","RobotController-3778","2025-02-13","Current","2025-12-10","Critical"
"BOD-038","Texas Assembly","Body Shop","Paint Robot","KUKA","PaintRobot-6550","2024-12-31","Current","2025-12-18","Critical"
"BOD-039","Texas Assembly","Body Shop","Welding Robot","KUKA","WeldingRobot-6585","2025-07-24","Overdue","2025-11-04","Critical"
"BOD-040","Texas Assembly","Body Shop","Welding Controller","Siemens","WeldingController-8980","2025-05-19","Current","2025-11-08","Critical"
"BOD-041","Texas Assembly","Body Shop","Welding Controller","Rockwell","WeldingController-1028","2025-08-17","Current","2026-01-18","Critical"
"BOD-042","Texas Assembly","Body Shop","Paint Controller","ABB","PaintController-7406","2025-10-01","Current","2025-12-08","Critical"
"BOD-043","Texas Assembly","Body Shop","Assembly Robot","Fanuc","AssemblyRobot-9367","2025-07-17","Current","2025-10-30","Critical"
"BOD-044","Texas Assembly","Body Shop","Vision System","Fanuc","VisionSystem-5321","2025-03-27","Current","2025-11-12","Critical"
"BOD-045","Texas Assembly","Body Shop","Paint Controller","Fanuc","PaintController-2277","2025-05-28","Current","2025-11-15","Critical"
"BOD-046","Texas Assembly","Body Shop","HMI Station","Rockwell","HMIStation-6887","2024-12-26","Current","2025-12-05","Critical"
"BOD-047","Texas Assembly","Body Shop","Robot Controller","Siemens","RobotController-3997","2024-12-19","Overdue","2025-11-16","Critical"
"BOD-048","Texas Assembly","Body Shop","Paint Controller","Fanuc","PaintController-5499","2024-11-08","Current","2025-10-25","Critical"
"BOD-049","Texas Assembly","Body Shop","Conveyor Controller","ABB","ConveyorController-4174","2025-06-09","Current","2025-10-31","Critical"
"BOD-050","Texas Assembly","Body Shop","Paint Robot","ABB","PaintRobot-6568","2025-09-29","Current","2026-01-16","Critical"
"BOD-051","Texas Assembly","Body Shop","Safety PLC","KUKA","SafetyPLC-2295","2025-03-28","Current","2025-11-03","Critical"
"BOD-053","Texas Assembly","Body Shop","SCADA System","Siemens","SCADASystem-3184","2024-11-03","Overdue","2025-12-31","Critical"
"BOD-054","Texas Assembly","Body Shop","Quality Scanner","Siemens","QualityScanner-3425","2025-05-15","Current","2025-11-14","Critical"
"BOD-055","Texas Assembly","Body Shop","Assembly Robot","Rockwell","AssemblyRobot-5001","2025-04-18","Current","2025-12-13","Critical"
"BOD-056","Texas Assembly","Body Shop","Paint Controller","Siemens","PaintController-4372","2025-04-23","Current","2025-11-28","Critical"
"BOD-057","Texas Assembly","Body Shop","HMI Station","Rockwell","HMIStation-1986","2025-06-03","Overdue","2026-01-21","Critical"
"BOD-058","Texas Assembly","Body Shop","Paint Robot","Siemens","PaintRobot-1714","2025-05-16","Current","2025-11-05","Critical"
"BOD-060","Texas Assembly","Body Shop","Paint Controller","Fanuc","PaintController-7007","2025-02-24","Current","2025-11-25","Critical"
"BOD-061","Texas Assembly","Body Shop","HMI Station","KUKA","HMIStation-2731","2025-06-28","Current","2025-12-03","Critical"
"BOD-062","Texas Assembly","Body Shop","Paint Controller","Siemens","PaintController-3681","2025-03-03","Overdue","2025-12-05","Critical"
"PAI-001","Texas Assembly","Paint Shop","Paint Robot","Siemens","PaintRobot-2423","2025-06-03","Overdue","2026-01-21","Critical"
"PAI-002","Texas Assembly","Paint Shop","Assembly Robot","Fanuc","AssemblyRobot-5027","2024-11-03","Overdue","2025-11-29","Critical"
"PAI-003","Texas Assembly","Paint Shop","Paint Robot","Rockwell","PaintRobot-7990","2025-01-22","Current","2025-12-09","Critical"
"PAI-004","Texas Assembly","Paint Shop","Welding Robot","Fanuc","WeldingRobot-6573","2025-08-15","Current","2025-10-24","Critical"
"PAI-005","Texas Assembly","Paint Shop","Quality Scanner","Rockwell","QualityScanner-7871","2024-11-13","Overdue","2025-12-07","Critical"
"PAI-006","Texas Assembly","Paint Shop","Welding Controller","Fanuc","WeldingController-7533","2025-09-19","Current","2025-11-28","Critical"
"PAI-007","Texas Assembly","Paint Shop","Safety PLC","KUKA","SafetyPLC-4418","2025-06-02","Current","2025-12-10","Critical"
"PAI-008","Texas Assembly","Paint Shop","Paint Robot","Rockwell","PaintRobot-7902","2024-12-04","Overdue","2026-01-03","Critical"
"PAI-009","Texas Assembly","Paint Shop","Conveyor Controller","Fanuc","ConveyorController-2100","2024-12-25","Current","2025-12-01","Critical"
"PAI-010","Texas Assembly","Paint Shop","Safety PLC","Siemens","SafetyPLC-6245","2025-08-05","Current","2025-12-31","Critical"
"PAI-011","Texas Assembly","Paint Shop","SCADA System","KUKA","SCADASystem-5774","2024-11-07","Current","2025-12-22","Critical"
"PAI-013","Texas Assembly","Paint Shop","HMI Station","KUKA","HMIStation-6292","2025-05-07","Current","2025-11-07","Critical"
"PAI-014","Texas Assembly","Paint Shop","HMI Station","ABB","HMIStation-9125","2025-03-30","Current","2025-11-22","Critical"
"PAI-015","Texas Assembly","Paint Shop","Welding Controller","ABB","WeldingController-2922","2025-08-08","Current","2025-11-22","Critical"
"PAI-016","Texas Assembly","Paint Shop","Conveyor Controller","Siemens","ConveyorController-3562","2024-10-26","Current","2026-01-17","Critical"
"PAI-017","Texas Assembly","Paint Shop","Welding Robot","Siemens","WeldingRobot-6257","2024-12-24","Current","2025-12-11","Critical"
"PAI-019","Texas Assembly","Paint Shop","HMI Station","KUKA","HMIStation-9414","2025-09-29","Overdue","2026-01-03","Critical"
"PAI-020","Texas Assembly","Paint Shop","SCADA System","KUKA","SCADASystem-2534","2025-03-28","Current","2026-01-06","Critical"
"PAI-021","Texas Assembly","Paint Shop","Welding Controller","Fanuc","WeldingController-2870","2025-07-22","Overdue","2025-12-04","Critical"
"PAI-022","Texas Assembly","Paint Shop","Paint Controller","KUKA","PaintController-6431","2025-03-04","Overdue","2026-01-09","Critical"
"PAI-023","Texas Assembly","Paint Shop","Welding Controller","ABB","WeldingController-2812","2025-08-20","Overdue","2026-01-06","Critical"
"PAI-026","Texas Assembly","Paint Shop","Welding Controller","Rockwell","WeldingController-7000","2025-09-12","Current","2026-01-21","Critical"
"PAI-028","Texas Assembly","Paint Shop","SCADA System","Rockwell","SCADASystem-9867","2025-03-13","Current","2025-12-10","Critical"
"PAI-029","Texas Assembly","Paint Shop","Robot Controller","Rockwell","RobotController-2187","2025-06-15","Overdue","2026-01-20","Critical"
"PAI-030","Texas Assembly","Paint Shop","Welding Controller","Siemens","WeldingController-1468","2025-01-01","Current","2026-01-22","Critical"
"PAI-031","Texas Assembly","Paint Shop","Paint Robot","Rockwell","PaintRobot-9931","2024-11-03","Current","2025-12-19","Critical"
"PAI-032","Texas Assembly","Paint Shop","Welding Robot","Rockwell","WeldingRobot-8217","2025-01-03","Overdue","2025-12-26","Critical"
"PAI-033","Texas Assembly","Paint Shop","Robot Controller","Rockwell","RobotController-7053","2024-12-30","Current","2025-10-29","Critical"
"PAI-034","Texas Assembly","Paint Shop","Conveyor Controller","Fanuc","ConveyorController-1977","2025-07-20","Current","2025-10-29","Critical"
"PAI-036","Texas Assembly","Paint Shop","Conveyor Controller","Siemens","ConveyorController-1832","2025-09-27","Overdue","2026-01-16","Critical"
"PAI-038","Texas Assembly","Paint Shop","Paint Robot","Rockwell","PaintRobot-9863","2025-08-31","Current","2025-12-04","Critical"
"PAI-039","Texas Assembly","Paint Shop","Assembly Robot","Rockwell","AssemblyRobot-8074","2025-02-09","Current","2026-01-20","Critical"
"PAI-040","Texas Assembly","Paint Shop","Paint Robot","Rockwell","PaintRobot-7538","2025-01-21","Overdue","2026-01-04","Critical"
"PAI-042","Texas Assembly","Paint Shop","HMI Station","KUKA","HMIStation-6913","2025-06-26","Overdue","2025-10-25","Critical"
"PAI-043","Texas Assembly","Paint Shop","Vision System","Rockwell","VisionSystem-9876","2025-03-12","Overdue","2025-11-17","Critical"
"PAI-044","Texas Assembly","Paint Shop","Vision System","Fanuc","VisionSystem-7818","2025-01-11","Current","2025-11-30","Critical"
"ASS-001","Texas Assembly","Assembly Line","Robot Controller","Siemens","RobotController-5175","2025-07-07","Current","2025-11-11","Critical"
"ASS-002","Texas Assembly","Assembly Line","Assembly Robot","KUKA","AssemblyRobot-1502","2025-10-22","Current","2025-11-07","Critical"
"ASS-004","Texas Assembly","Assembly Line","Safety PLC","Fanuc","SafetyPLC-9301","2025-01-25","Current","2025-12-17","Critical"
"ASS-005","Texas Assembly","Assembly Line","SCADA System","Siemens","SCADASystem-2066","2024-11-14","Current","2025-10-28","Critical"
"ASS-006","Texas Assembly","Assembly Line","Paint Controller","ABB","PaintController-9662","2024-12-26","Current","2026-01-16","Critical"
"ASS-007","Texas Assembly","Assembly Line","Assembly Robot","Rockwell","AssemblyRobot-1746","2024-12-14","Current","2025-11-30","Critical"
"ASS-008","Texas Assembly","Assembly Line","Quality Scanner","KUKA","QualityScanner-9577","2024-11-13","Current","2025-12-22","Critical"
"ASS-011","Texas Assembly","Assembly Line","Quality Scanner","Fanuc","QualityScanner-3456","2025-03-30","Current","2026-01-11","Critical"
"ASS-012","Texas Assembly","Assembly Line","Paint Robot","Rockwell","PaintRobot-1629","2025-10-01","Current","2025-12-01","Critical"
"ASS-014","Texas Assembly","Assembly Line","Robot Controller","Fanuc","RobotController-1034","2025-08-06","Overdue","2025-12-19","Critical"
"ASS-015","Texas Assembly","Assembly Line","Robot Controller","Siemens","RobotController-3806","2025-01-29","Current","2025-11-22","Critical"
"ASS-017","Texas Assembly","Assembly Line","Assembly Robot","Rockwell","AssemblyRobot-8610","2025-10-14","Overdue","2025-11-26","Critical"
"ASS-018","Texas Assembly","Assembly Line","HMI Station","Rockwell","HMIStation-3586","2024-11-23","Current","2025-12-08","Critical"
"ASS-019","Texas Assembly","Assembly Line","Assembly Robot","ABB","AssemblyRobot-5651","2025-09-01","Current","2025-11-11","Critical"
"ASS-022","Texas Assembly","Assembly Line","Assembly Robot","Fanuc","AssemblyRobot-3164","2025-03-29","Current","2025-11-27","Critical"
"ASS-023","Texas Assembly","Assembly Line","Robot Controller","ABB","RobotController-2121","2025-02-23","Current","2025-12-14","Critical"
"POW-001","Texas Assembly","Powertrain","Welding Robot","Rockwell","WeldingRobot-7359","2025-10-12","Current","2025-12-05","Medium"
"POW-002","Texas Assembly","Powertrain","Assembly Robot","Rockwell","AssemblyRobot-1062","2025-02-11","Current","2025-12-30","Medium"
"POW-003","Texas Assembly","Powertrain","Assembly Robot","Rockwell","AssemblyRobot-7568","2025-06-20","Current","2025-11-16","Medium"
"POW-004","Texas Assembly","Powertrain","SCADA System","KUKA","SCADASystem-9086","2025-05-03","Current","2025-12-30","Medium"
"POW-005","Texas Assembly","Powertrain","Paint Robot","Rockwell","PaintRobot-2996","2025-04-07","Overdue","2026-01-06","Medium"
"POW-006","Texas Assembly","Powertrain","Welding Controller","Fanuc","WeldingController-6841","2025-06-01","Overdue","2025-12-05","Medium"
"POW-007","Texas Assembly","Powertrain","Paint Robot","KUKA","PaintRobot-1419","2025-05-11","Current","2025-11-02","Medium"
"POW-008","Texas Assembly","Powertrain","Quality Scanner","Siemens","QualityScanner-8825","2024-11-04","Current","2025-11-15","Medium"
"POW-009","Texas Assembly","Powertrain","Conveyor Controller","Fanuc","ConveyorController-2887","2025-07-27","Current","2025-10-29","Medium"
"POW-010","Texas Assembly","Powertrain","Welding Robot","Rockwell","WeldingRobot-1696","2025-02-01","Current","2025-12-11","Medium"
"POW-011","Texas Assembly","Powertrain","Paint Controller","Siemens","PaintController-8640","2025-06-17","Current","2025-12-02","Medium"
"POW-012","Texas Assembly","Powertrain","Safety PLC","Fanuc","SafetyPLC-4499","2025-08-26","Overdue","2026-01-19","Medium"
"POW-013","Texas Assembly","Powertrain","Robot Controller","Siemens","RobotController-3228","2025-07-15","Current","2026-01-02","Medium"
"POW-014","Texas Assembly","Powertrain","SCADA System","Fanuc","SCADASystem-8103","2025-10-19","Current","2025-11-30","Medium"
"POW-016","Texas Assembly","Powertrain","Vision System","ABB","VisionSystem-5961","2025-04-13","Current","2025-11-12","Medium"
"POW-019","Texas Assembly","Powertrain","Welding Controller","Siemens","WeldingController-5783","2025-01-04","Current","2025-11-23","Medium"
"POW-020","Texas Assembly","Powertrain","Paint Controller","ABB","PaintController-2167","2025-02-13","Current","2025-12-08","Medium"
"POW-022","Texas Assembly","Powertrain","Welding Controller","Fanuc","WeldingController-2851","2025-02-28","Overdue","2025-12-09","Medium"
"POW-023","Texas Assembly","Powertrain","Welding Robot","Siemens","WeldingRobot-2547","2024-12-21","Overdue","2026-01-06","Medium"
"POW-024","Texas Assembly","Powertrain","Paint Robot","KUKA","PaintRobot-4183","2025-03-13","Current","2025-12-19","Medium"
"POW-025","Texas Assembly","Powertrain","Vision System","Rockwell","VisionSystem-6967","2025-08-26","Current","2025-12-28","Medium"
"POW-026","Texas Assembly","Powertrain","SCADA System","Rockwell","SCADASystem-1378","2025-03-25","Current","2025-12-28","Medium"
"POW-027","Texas Assembly","Powertrain","Robot Controller","Siemens","RobotController-4753","2025-02-07","Current","2025-12-16","Medium"
"POW-028","Texas Assembly","Powertrain","Safety PLC","Siemens","SafetyPLC-7600","2025-10-14","Current","2025-11-17","Medium"
"POW-029","Texas Assembly","Powertrain","Safety PLC","KUKA","SafetyPLC-7447","2025-07-07","Overdue","2026-01-22","Medium"
"POW-030","Texas Assembly","Powertrain","Safety PLC","Fanuc","SafetyPLC-8160","2025-02-26","Current","2025-12-20","Medium"
"POW-032","Texas Assembly","Powertrain","Conveyor Controller","KUKA","ConveyorController-5961","2025-07-25","Current","2026-01-02","Medium"
"POW-033","Texas Assembly","Powertrain","Safety PLC","ABB","SafetyPLC-6716","2025-02-26","Current","2026-01-12","Medium"
"POW-034","Texas Assembly","Powertrain","HMI Station","Siemens","HMIStation-6572","2024-10-27","Current","2025-12-01","Medium"
"POW-035","Texas Assembly","Powertrain","Quality Scanner","Rockwell","QualityScanner-3002","2025-07-03","Current","2026-01-19","Medium"
"POW-036","Texas Assembly","Powertrain","Quality Scanner","Rockwell","QualityScanner-4430","2025-09-19","Overdue","2026-01-12","Medium"
"POW-038","Texas Assembly","Powertrain","HMI Station","Fanuc","HMIStation-7926","2025-04-26","Current","2025-11-17","Medium"
"POW-039","Texas Assembly","Powertrain","Paint Robot","Rockwell","PaintRobot-6269","2025-09-03","Current","2025-11-24","Medium"
"POW-040","Texas Assembly","Powertrain","Assembly Robot","Rockwell","AssemblyRobot-4308","2025-02-18","Overdue","2025-10-30","Medium"
"POW-041","Texas Assembly","Powertrain","Quality Scanner","KUKA","QualityScanner-9358","2025-08-17","Current","2025-12-30","Medium"
"POW-046","Texas Assembly","Powertrain","Paint Controller","Fanuc","PaintController-9895","2024-12-20","Overdue","2026-01-12","Medium"
"POW-047","Texas Assembly","Powertrain","Robot Controller","Siemens","RobotController-2769","2024-11-15","Current","2026-01-16","Medium"
"POW-048","Texas Assembly","Powertrain","Vision System","Siemens","VisionSystem-2685","2025-06-15","Current","2025-11-19","Medium"
"POW-049","Texas Assembly","Powertrain","Safety PLC","ABB","SafetyPLC-1926","2025-08-18","Current","2025-10-26","Medium"
"POW-050","Texas Assembly","Powertrain","Paint Robot","Siemens","PaintRobot-4591","2025-05-16","Overdue","2025-12-04","Medium"
"POW-051","Texas Assembly","Powertrain","Safety PLC","KUKA","SafetyPLC-8033","2025-09-20","Overdue","2025-11-20","Medium"
"POW-052","Texas Assembly","Powertrain","Welding Robot","Siemens","WeldingRobot-9595","2024-12-05","Current","2026-01-10","Medium"
"POW-053","Texas Assembly","Powertrain","Quality Scanner","Rockwell","QualityScanner-7126","2025-06-10","Current","2025-12-31","Medium"
"POW-054","Texas Assembly","Powertrain","Welding Robot","Rockwell","WeldingRobot-8594","2025-09-27","Current","2026-01-20","Medium"
"POW-055","Texas Assembly","Powertrain","Welding Robot","Rockwell","WeldingRobot-6084","2025-10-06","Current","2025-12-08","Medium"
"POW-056","Texas Assembly","Powertrain","Welding Controller","ABB","WeldingController-4624","2025-08-13","Overdue","2025-11-24","Medium"
"QUA-001","Texas Assembly","Quality Control","Vision System","Rockwell","VisionSystem-6460","2025-03-27","Current","2025-11-29","High"
"QUA-002","Texas Assembly","Quality Control","Conveyor Controller","Rockwell","ConveyorController-1847","2025-02-03","Overdue","2025-11-14","High"
"QUA-003","Texas Assembly","Quality Control","Quality Scanner","Siemens","QualityScanner-3321","2024-12-11","Current","2025-12-18","High"
"QUA-004","Texas Assembly","Quality Control","SCADA System","ABB","SCADASystem-6440","2025-02-24","Current","2025-12-25","High"
"QUA-005","Texas Assembly","Quality Control","Vision System","Rockwell","VisionSystem-4014","2025-08-02","Overdue","2025-11-29","High"
"QUA-006","Texas Assembly","Quality Control","Quality Scanner","ABB","QualityScanner-2370","2025-04-21","Overdue","2025-12-30","High"
"QUA-007","Texas Assembly","Quality Control","HMI Station","KUKA","HMIStation-1861","2025-01-17","Current","2025-11-06","High"
"QUA-008","Texas Assembly","Quality Control","Assembly Robot","Rockwell","AssemblyRobot-9954","2025-08-06","Current","2026-01-11","High"
"QUA-009","Texas Assembly","Quality Control","HMI Station","ABB","HMIStation-8211","2025-09-15","Current","2025-10-30","High"
"QUA-011","Texas Assembly","Quality Control","Assembly Robot","Siemens","AssemblyRobot-7079","2024-11-15","Current","2025-12-22","High"
"QUA-012","Texas Assembly","Quality Control","Conveyor Controller","Rockwell","ConveyorController-6793","2025-03-08","Overdue","2026-01-04","High"
"QUA-013","Texas Assembly","Quality Control","Paint Robot","Rockwell","PaintRobot-8056","2025-06-11","Current","2025-12-11","High"
"QUA-014","Texas Assembly","Quality Control","Safety PLC","Fanuc","SafetyPLC-2883","2025-10-05","Overdue","2026-01-11","High"
"QUA-015","Texas Assembly","Quality Control","Vision System","KUKA","VisionSystem-8696","2025-05-22","Current","2025-12-02","High"
"QUA-016","Texas Assembly","Quality Control","Conveyor Controller","Siemens","ConveyorController-6419","2025-03-28","Current","2025-12-28","High"
"QUA-018","Texas Assembly","Quality Control","Safety PLC","Rockwell","SafetyPLC-5856","2025-05-10","Current","2026-01-15","High"
"QUA-020","Texas Assembly","Quality Control","SCADA System","ABB","SCADASystem-3352","2025-04-19","Current","2025-11-30","High"
"QUA-021","Texas Assembly","Quality Control","Safety PLC","KUKA","SafetyPLC-5598","2025-09-13","Current","2026-01-17","High"
"QUA-022","Texas Assembly","Quality Control","Paint Controller","Rockwell","PaintController-5017","2025-03-21","Current","2025-11-11","High"
"QUA-023","Texas Assembly","Quality Control","Welding Robot","Rockwell","WeldingRobot-7868","2024-11-18","Current","2025-11-26","High"
"QUA-024","Texas Assembly","Quality Control","Quality Scanner","KUKA","QualityScanner-2937","2025-07-16","Current","2025-12-28","High"
"QUA-026","Texas Assembly","Quality Control","Robot Controller","KUKA","RobotController-5300","2025-08-07","Current","2025-11-24","High"
"QUA-027","Texas Assembly","Quality Control","Conveyor Controller","ABB","ConveyorController-5415","2025-10-22","Current","2026-01-05","High"
"QUA-029","Texas Assembly","Quality Control","Paint Controller","KUKA","PaintController-3770","2025-04-21","Current","2025-10-27","High"
"QUA-033","Texas Assembly","Quality Control","Conveyor Controller","Rockwell","ConveyorController-9552","2024-11-06","Overdue","2025-11-11","High"
"QUA-034","Texas Assembly","Quality Control","Paint Robot","Siemens","PaintRobot-7115","2025-03-25","Current","2025-11-12","High"
"QUA-035","Texas Assembly","Quality Control","HMI Station","Siemens","HMIStation-6066","2024-11-08","Overdue","2025-10-28","High"
"QUA-036","Texas Assembly","Quality Control","Safety PLC","Fanuc","SafetyPLC-4278","2025-09-06","Current","2025-11-08","High"
"QUA-037","Texas Assembly","Quality Control","Paint Controller","KUKA","PaintController-7180","2024-12-07","Overdue","2025-12-22","High"
"QUA-038","Texas Assembly","Quality Control","Paint Robot","Fanuc","PaintRobot-6763","2024-12-28","Current","2025-11-24","High"
"QUA-042","Texas Assembly","Quality Control","Robot Controller","ABB","RobotController-2621","2025-09-01","Current","2025-12-13","High"
"QUA-043","Texas Assembly","Quality Control","Quality Scanner","Rockwell","QualityScanner-5901","2025-06-05","Current","2025-11-11","High"
"QUA-044","Texas Assembly","Quality Control","HMI Station","ABB","HMIStation-8279","2025-02-21","Overdue","2025-11-21","High"
"QUA-046","Texas Assembly","Quality Control","Quality Scanner","Rockwell","QualityScanner-2518","2024-12-23","Overdue","2026-01-17","High"
"QUA-047","Texas Assembly","Quality Control","Quality Scanner","Fanuc","QualityScanner-2040","2025-07-20","Current","2025-11-11","High"
"QUA-048","Texas Assembly","Quality Control","Welding Controller","KUKA","WeldingController-3445","2025-05-16","Current","2026-01-17","High"
"QUA-050","Texas Assembly","Quality Control","HMI Station","Rockwell","HMIStation-7208","2025-09-09","Overdue","2025-10-27","High"
"QUA-051","Texas Assembly","Quality Control","Safety PLC","Siemens","SafetyPLC-3049","2025-08-28","Current","2025-12-04","High"
"QUA-052","Texas Assembly","Quality Control","SCADA System","KUKA","SCADASystem-7633","2025-01-18","Overdue","2025-11-15","High"
"QUA-053","Texas Assembly","Quality Control","Conveyor Controller","KUKA","ConveyorController-6170","2025-09-04","Overdue","2025-11-23","High"
"QUA-054","Texas Assembly","Quality Control","Paint Controller","Siemens","PaintController-9187","2024-12-12","Current","2025-12-28","High"
"QUA-055","Texas Assembly","Quality Control","Vision System","Fanuc","VisionSystem-9222","2024-11-13","Overdue","2025-10-26","High"
"QUA-056","Texas Assembly","Quality Control","Conveyor Controller","ABB","ConveyorController-3325","2025-04-27","Current","2026-01-15","High"
"QUA-057","Texas Assembly","Quality Control","SCADA System","Rockwell","SCADASystem-1862","2025-04-06","Overdue","2025-10-30","High"
"QUA-058","Texas Assembly","Quality Control","Assembly Robot","KUKA","AssemblyRobot-5227","2025-07-01","Overdue","2025-11-03","High"
"QUA-060","Texas Assembly","Quality Control","SCADA System","KUKA","SCADASystem-4001","2024-10-25","Current","2025-12-17","High"
"QUA-061","Texas Assembly","Quality Control","Paint Controller","Fanuc","PaintController-3386","2025-02-27","Overdue","2025-12-30","High"
"QUA-062","Texas Assembly","Quality Control","Welding Controller","Fanuc","WeldingController-5594","2025-02-23","Current","2025-12-17","High"
"QUA-063","Texas Assembly","Quality Control","Assembly Robot","Rockwell","AssemblyRobot-3774","2025-03-02","Current","2025-12-03","High"
"QUA-064","Texas Assembly","Quality Control","Robot Controller","Fanuc","RobotController-9913","2025-10-14","Current","2025-12-06","High"
"QUA-065","Texas Assembly","Quality Control","SCADA System","KUKA","SCADASystem-5192","2025-06-08","Current","2025-11-19","High"
"QUA-066","Texas Assembly","Quality Control","Welding Robot","ABB","WeldingRobot-2653","2024-10-26","Current","2025-11-24","High"
"STA-001","Texas Assembly","Stamping","SCADA System","Fanuc","SCADASystem-6257","2025-05-19","Overdue","2025-10-27","Medium"
"STA-002","Texas Assembly","Stamping","Paint Controller","Rockwell","PaintController-8773","2025-09-20","Overdue","2025-11-03","Medium"
"STA-003","Texas Assembly","Stamping","Conveyor Controller","KUKA","ConveyorController-6938","2025-01-05","Overdue","2025-12-22","Medium"
"STA-004","Texas Assembly","Stamping","Assembly Robot","Rockwell","AssemblyRobot-2959","2025-03-24","Current","2026-01-13","Medium"
"STA-005","Texas Assembly","Stamping","HMI Station","Siemens","HMIStation-5146","2025-05-28","Overdue","2025-11-30","Medium"
"STA-006","Texas Assembly","Stamping","Conveyor Controller","Siemens","ConveyorController-7279","2025-07-25","Overdue","2026-01-03","Medium"
"STA-007","Texas Assembly","Stamping","Quality Scanner","Rockwell","QualityScanner-1501","2025-09-25","Overdue","2025-11-17","Medium"
"STA-008","Texas Assembly","Stamping","Safety PLC","Fanuc","SafetyPLC-9558","2024-12-28","Overdue","2025-12-28","Medium"
"STA-012","Texas Assembly","Stamping","Welding Robot","KUKA","WeldingRobot-6112","2025-02-22","Overdue","2025-12-03","Medium"
"STA-013","Texas Assembly","Stamping","Safety PLC","Siemens","SafetyPLC-3192","2025-05-24","Overdue","2025-12-28","Medium"
"STA-014","Texas Assembly","Stamping","Welding Controller","Fanuc","WeldingController-2352","2025-06-08","Current","2025-11-05","Medium"
"STA-015","Texas Assembly","Stamping","Paint Controller","Siemens","PaintController-7679","2025-02-20","Overdue","2025-12-07","Medium"
"STA-017","Texas Assembly","Stamping","Assembly Robot","Siemens","AssemblyRobot-2311","2025-04-29","Current","2025-12-18","Medium"
"STA-018","Texas Assembly","Stamping","Conveyor Controller","Siemens","ConveyorController-7315","2025-08-20","Current","2025-12-22","Medium"
"STA-019","Texas Assembly","Stamping","HMI Station","Fanuc","HMIStation-6763","2025-02-06","Current","2025-11-26","Medium"
"STA-021","Texas Assembly","Stamping","Assembly Robot","Rockwell","AssemblyRobot-9769","2024-11-23","Overdue","2025-11-17","Medium"
"STA-023","Texas Assembly","Stamping","Robot Controller","Rockwell","RobotController-6076","2025-06-12","Current","2025-11-02","Medium"
"STA-024","Texas Assembly","Stamping","Assembly Robot","Fanuc","AssemblyRobot-6728","2025-05-20","Overdue","2025-12-07","Medium"
"STA-025","Texas Assembly","Stamping","Paint Robot","ABB","PaintRobot-1793","2025-05-06","Current","2025-11-23","Medium"
"STA-029","Texas Assembly","Stamping","Paint Controller","ABB","PaintController-9293","2024-12-07","Current","2025-12-29","Medium"
"STA-035","Texas Assembly","Stamping","Paint Controller","ABB","PaintController-4272","2025-05-22","Current","2026-01-20","Medium"
"STA-036","Texas Assembly","Stamping","Quality Scanner","KUKA","QualityScanner-3494","2025-07-01","Current","2025-12-17","Medium"
"STA-037","Texas Assembly","Stamping","Vision System","Siemens","VisionSystem-1451","2025-03-30","Current","2025-11-04","Medium"
"STA-038","Texas Assembly","Stamping","Safety PLC","KUKA","SafetyPLC-6419","2025-03-05","Current","2025-12-28","Medium"
"STA-039","Texas Assembly","Stamping","Welding Controller","ABB","WeldingController-5008","2025-05-29","Current","2025-12-20","Medium"
"STA-040","Texas Assembly","Stamping","SCADA System","ABB","SCADASystem-9151","2025-06-22","Overdue","2025-12-23","Medium"
"STA-041","Texas Assembly","Stamping","Paint Robot","KUKA","PaintRobot-8047","2024-11-14","Overdue","2025-11-21","Medium"
"STA-042","Texas Assembly","Stamping","Vision System","Fanuc","VisionSystem-7159","2024-12-28","Current","2025-12-29","Medium"
"STA-043","Texas Assembly","Stamping","Welding Robot","Rockwell","WeldingRobot-7256","2025-09-16","Current","2026-01-06","Medium"
"STA-044","Texas Assembly","Stamping","Robot Controller","Rockwell","RobotController-5704","2024-12-19","Current","2025-11-07","Medium"
"STA-047","Texas Assembly","Stamping","Quality Scanner","Fanuc","QualityScanner-6845","2025-09-04","Overdue","2026-01-15","Medium"
"STA-048","Texas Assembly","Stamping","Assembly Robot","KUKA","AssemblyRobot-2030","2024-12-09","Current","2025-12-12","Medium"