tag_id,plant,unit,instrument_type,timestamp,uptime_pct,alarm_count,cycle_time,quality_rate,oee
"BOD-002","Detroit Assembly","Body Shop","Assembly Robot","2025-10-24T03:10:52.147Z","97","2","30","99","80"
"BOD-003","Detroit Assembly","Body Shop","Welding Controller","2025-10-24T05:02:31.983Z","91","8","33","94","80"
"BOD-004","Detroit Assembly","Body Shop","Conveyor Controller","2025-10-23T18:44:16.397Z","87","4","38","91","90"
"BOD-005","Detroit Assembly","Body Shop","HMI Station","2025-10-24T10:11:02.036Z","99","8","21","91","93"
"BOD-006","Detroit Assembly","Body Shop","Welding Robot","2025-10-24T03:11:21.494Z","99","8","20","97","92"
"BOD-007","Detroit Assembly","Body Shop","Paint Robot","2025-10-24T12:24:41.053Z","97","6","14","94","88"
"BOD-009","Detroit Assembly","Body Shop","HMI Station","2025-10-24T02:10:43.468Z","83","8","13","97","82"
"BOD-010","Detroit Assembly","Body Shop","Paint Controller","2025-10-24T01:31:01.389Z","90","9","13","99","80"
"BOD-011","Detroit Assembly","Body Shop","Assembly Robot","2025-10-24T14:14:17.623Z","81","8","34","90","92"
"BOD-012","Detroit Assembly","Body Shop","Welding Robot","2025-10-24T12:58:17.101Z","89","0","29","90","95"
"BOD-013","Detroit Assembly","Body Shop","Paint Controller","2025-10-24T08:08:43.733Z","97","1","23","95","82"
"BOD-014","Detroit Assembly","Body Shop","Robot Controller","2025-10-24T13:41:02.309Z","90","4","35","97","85"
"BOD-015","Detroit Assembly","Body Shop","Conveyor Controller","2025-10-24T15:51:29.438Z","96","4","13","90","98"
"BOD-018","Detroit Assembly","Body Shop","Conveyor Controller","2025-10-24T16:10:59.603Z","93","9","21","98","97"
"BOD-019","Detroit Assembly","Body Shop","Safety PLC","2025-10-24T17:42:13.507Z","83","2","15","90","85"
"BOD-021","Detroit Assembly","Body Shop","Welding Controller","2025-10-24T14:43:11.025Z","99","8","14","98","93"
"BOD-022","Detroit Assembly","Body Shop","Conveyor Controller","2025-10-24T03:01:39.862Z","86","9","16","96","90"
"BOD-023","Detroit Assembly","Body Shop","Safety PLC","2025-10-24T10:58:17.194Z","98","2","14","91","88"
"BOD-025","Detroit Assembly","Body Shop","Safety PLC","2025-10-24T17:23:35.058Z","80","3","24","93","89"
"BOD-026","Detroit Assembly","Body Shop","Robot Controller","2025-10-24T10:26:23.391Z","95","6","39","94","95"
"PAI-001","Detroit Assembly","Paint Shop","Paint Robot","2025-10-24T10:12:56.863Z","87","2","15","90","93"
"PAI-002","Detroit Assembly","Paint Shop","HMI Station","2025-10-24T00:57:33.769Z","85","8","28","98","87"
"PAI-003","Detroit Assembly","Paint Shop","Conveyor Controller","2025-10-24T05:56:19.142Z","93","0","12","96","83"
"PAI-004","Detroit Assembly","Paint Shop","Paint Controller","2025-10-24T10:17:56.804Z","93","2","22","93","84"
"PAI-005","Detroit Assembly","Paint Shop","Paint Controller","2025-10-23T23:45:53.776Z","93","4","29","97","87"
"PAI-008","Detroit Assembly","Paint Shop","SCADA System","2025-10-24T13:32:06.620Z","99","1","27","90","97"
"PAI-013","Detroit Assembly","Paint Shop","Vision System","2025-10-24T02:48:05.688Z","89","3","37","99","88"
"PAI-014","Detroit Assembly","Paint Shop","HMI Station","2025-10-23T22:52:15.602Z","89","9","14","95","97"
"PAI-016","Detroit Assembly","Paint Shop","Conveyor Controller","2025-10-24T10:05:23.164Z","80","7","28","90","84"
"PAI-017","Detroit Assembly","Paint Shop","HMI Station","2025-10-24T07:09:30.893Z","88","7","13","90","83"
"PAI-018","Detroit Assembly","Paint Shop","Conveyor Controller","2025-10-24T13:41:41.414Z","90","0","29","99","90"
"PAI-019","Detroit Assembly","Paint Shop","Safety PLC","2025-10-24T18:13:44.521Z","85","3","39","97","90"
"PAI-020","Detroit Assembly","Paint Shop","Assembly Robot","2025-10-23T21:53:49.369Z","83","3","17","92","87"
"PAI-022","Detroit Assembly","Paint Shop","Robot Controller","2025-10-24T17:35:33.743Z","89","4","34","90","98"
"PAI-024","Detroit Assembly","Paint Shop","Robot Controller","2025-10-24T13:14:11.326Z","82","9","26","99","82"
"PAI-025","Detroit Assembly","Paint Shop","Conveyor Controller","2025-10-23T22:00:49.503Z","81","5","22","99","98"
"PAI-026","Detroit Assembly","Paint Shop","SCADA System","2025-10-24T15:29:41.152Z","82","8","37","91","99"
"PAI-027","Detroit Assembly","Paint Shop","Vision System","2025-10-23T19:35:54.662Z","85","1","17","94","85"
"PAI-028","Detroit Assembly","Paint Shop","Assembly Robot","2025-10-24T01:42:52.131Z","96","5","29","91","81"
"PAI-029","Detroit Assembly","Paint Shop","Paint Controller","2025-10-24T15:03:13.765Z","81","0","37","93","87"
"PAI-030","Detroit Assembly","Paint Shop","Paint Controller","2025-10-23T21:33:43.799Z","84","3","37","93","88"
"PAI-031","Detroit Assembly","Paint Shop","Conveyor Controller","2025-10-24T01:46:13.734Z","98","3","38","96","87"
"PAI-033","Detroit Assembly","Paint Shop","SCADA System","2025-10-23T20:05:03.058Z","91","4","28","99","98"
"PAI-034","Detroit Assembly","Paint Shop","Paint Robot","2025-10-23T20:20:26.059Z","80","3","22","91","99"
"PAI-035","Detroit Assembly","Paint Shop","Vision System","2025-10-23T22:07:30.575Z","85","5","25","92","97"
"PAI-036","Detroit Assembly","Paint Shop","Quality Scanner","2025-10-24T15:32:02.190Z","81","2","20","93","93"
"PAI-037","Detroit Assembly","Paint Shop","Welding Controller","2025-10-24T02:21:45.337Z","83","7","29","94","91"
"PAI-038","Detroit Assembly","Paint Shop","Paint Robot","2025-10-24T00:29:19.747Z","90","1","27","95","92"
"ASS-001","Detroit Assembly","Assembly Line","SCADA System","2025-10-24T12:53:31.287Z","80","0","17","94","80"
"ASS-002","Detroit Assembly","Assembly Line","Safety PLC","2025-10-24T02:47:18.247Z","83","7","12","97","93"
"ASS-004","Detroit Assembly","Assembly Line","Robot Controller","2025-10-24T08:33:00.142Z","96","6","34","93","92"
"ASS-005","Detroit Assembly","Assembly Line","Assembly Robot","2025-10-24T08:20:39.359Z","82","6","36","93","85"
"ASS-007","Detroit Assembly","Assembly Line","Paint Robot","2025-10-24T13:02:25.216Z","84","0","36","98","84"
"ASS-008","Detroit Assembly","Assembly Line","Paint Robot","2025-10-24T16:22:32.409Z","93","7","26","92","89"
"ASS-010","Detroit Assembly","Assembly Line","Quality Scanner","2025-10-24T04:53:34.950Z","96","8","17","95","95"
"ASS-012","Detroit Assembly","Assembly Line","HMI Station","2025-10-23T19:44:21.851Z","88","4","37","93","82"
"ASS-013","Detroit Assembly","Assembly Line","Vision System","2025-10-24T09:19:35.888Z","98","4","13","94","92"
"ASS-014","Detroit Assembly","Assembly Line","Paint Controller","2025-10-23T20:46:25.413Z","80","5","34","92","89"
"ASS-015","Detroit Assembly","Assembly Line","Quality Scanner","2025-10-24T13:03:40.625Z","84","3","22","96","88"
"ASS-016","Detroit Assembly","Assembly Line","HMI Station","2025-10-24T05:25:01.841Z","95","9","39","94","88"
"ASS-017","Detroit Assembly","Assembly Line","Safety PLC","2025-10-24T14:15:21.354Z","93","7","13","98","82"
"ASS-019","Detroit Assembly","Assembly Line","Welding Robot","2025-10-23T20:28:13.080Z","93","8","28","99","83"
"ASS-020","Detroit Assembly","Assembly Line","Paint Robot","2025-10-24T12:34:40.870Z","93","1","16","98","85"
"ASS-021","Detroit Assembly","Assembly Line","Assembly Robot","2025-10-24T04:25:22.341Z","85","5","25","94","83"
"ASS-022","Detroit Assembly","Assembly Line","Quality Scanner","2025-10-24T13:33:55.161Z","91","6","20","95","82"
"ASS-023","Detroit Assembly","Assembly Line","Robot Controller","2025-10-24T07:52:18.665Z","83","7","20","95","86"
"ASS-024","Detroit Assembly","Assembly Line","Assembly Robot","2025-10-24T05:52:53.807Z","90","4","13","96","81"
"ASS-025","Detroit Assembly","Assembly Line","Welding Controller","2025-10-24T15:17:57.290Z","96","2","39","97","92"
"ASS-027","Detroit Assembly","Assembly Line","Safety PLC","2025-10-24T04:36:26.328Z","82","3","26","94","82"
"ASS-029","Detroit Assembly","Assembly Line","Welding Controller","2025-10-23T22:26:57.715Z","83","3","33","93","83"
"ASS-031","Detroit Assembly","Assembly Line","Robot Controller","2025-10-24T17:47:44.994Z","96","9","25","96","85"
"ASS-032","Detroit Assembly","Assembly Line","Paint Robot","2025-10-24T02:07:28.482Z","97","8","38","99","91"
"ASS-033","Detroit Assembly","Assembly Line","Welding Robot","2025-10-23T20:06:40.655Z","95","3","11","96","97"
"ASS-034","Detroit Assembly","Assembly Line","Conveyor Controller","2025-10-24T10:28:39.520Z","84","0","33","95","94"
"ASS-035","Detroit Assembly","Assembly Line","Paint Robot","2025-10-23T22:05:54.288Z","96","9","10","96","94"
"ASS-037","Detroit Assembly","Assembly Line","Robot Controller","2025-10-24T13:21:54.837Z","92","3","23","94","83"
"ASS-038","Detroit Assembly","Assembly Line","Robot Controller","2025-10-24T09:23:59.333Z","85","8","35","91","98"
"ASS-039","Detroit Assembly","Assembly Line","Quality Scanner","2025-10-24T06:43:33.583Z","81","3","16","99","86"
"ASS-040","Detroit Assembly","Assembly Line","Safety PLC","2025-10-24T02:05:56.670Z","88","8","33","98","97"
"ASS-041","Detroit Assembly","Assembly Line","Robot Controller","2025-10-24T01:57:02.182Z","90","1","32","96","95"
"ASS-042","Detroit Assembly","Assembly Line","Vision System","2025-10-24T04:32:01.601Z","90","5","10","90","84"
"ASS-043","Detroit Assembly","Assembly Line","Robot Controller","2025-10-24T12:40:19.605Z","83","5","36","93","98"
"ASS-047","Detroit Assembly","Assembly Line","Conveyor Controller","2025-10-24T07:12:06.899Z","86","5","17","98","99"
"ASS-049","Detroit Assembly","Assembly Line","Quality Scanner","2025-10-24T16:32:18.570Z","89","8","28","90","87"
"ASS-050","Detroit Assembly","Assembly Line","Paint Controller","2025-10-24T03:50:51.128Z","99","0","23","92","97"
"ASS-051","Detroit Assembly","Assembly Line","Conveyor Controller","2025-10-24T13:41:02.233Z","98","1","19","94","89"
"ASS-053","Detroit Assembly","Assembly Line","Robot Controller","2025-10-24T15:22:53.202Z","84","1","17","92","80"
"ASS-054","Detroit Assembly","Assembly Line","Vision System","2025-10-24T07:15:29.987Z","87","0","37","91","94"
"ASS-056","Detroit Assembly","Assembly Line","Welding Robot","2025-10-24T06:22:30.507Z","86","7","33","96","83"
"ASS-057","Detroit Assembly","Assembly Line","Robot Controller","2025-10-24T01:00:15.383Z","91","8","25","94","95"
"ASS-059","Detroit Assembly","Assembly Line","Vision System","2025-10-24T10:30:28.966Z","92","6","25","99","85"
"ASS-060","Detroit Assembly","Assembly Line","SCADA System","2025-10-24T11:50:53.503Z","99","8","13","94","92"
"ASS-061","Detroit Assembly","Assembly Line","Vision System","2025-10-24T14:37:03.931Z","82","8","12","96","81"
"ASS-062","Detroit Assembly","Assembly Line","Vision System","2025-10-24T10:10:42.783Z","92","6","34","94","87"
"ASS-063","Detroit Assembly","Assembly Line","Robot Controller","2025-10-23T19:46:32.760Z","84","1","32","98","87"
"ASS-066","Detroit Assembly","Assembly Line","Paint Robot","2025-10-24T07:48:16.115Z","82","0","21","91","80"
"POW-001","Detroit Assembly","Powertrain","Assembly Robot","2025-10-24T02:21:43.131Z","94","9","24","93","87"
"POW-002","Detroit Assembly","Powertrain","Safety PLC","2025-10-24T05:13:36.321Z","91","4","24","94","95"
"POW-003","Detroit Assembly","Powertrain","Welding Controller","2025-10-24T02:07:00.725Z","89","0","20","95","95"
"POW-004","Detroit Assembly","Powertrain","Assembly Robot","2025-10-24T06:45:41.542Z","90","2","14","94","91"
"POW-005","Detroit Assembly","Powertrain","Safety PLC","2025-10-24T09:38:51.226Z","97","6","33","90","80"
"POW-006","Detroit Assembly","Powertrain","Quality Scanner","2025-10-24T01:46:46.463Z","87","8","20","96","92"
"POW-007","Detroit Assembly","Powertrain","Paint Robot","2025-10-24T14:39:04.678Z","91","0","33","93","82"
"POW-008","Detroit Assembly","Powertrain","Robot Controller","2025-10-24T07:05:23.926Z","90","4","34","93","91"
"POW-009","Detroit Assembly","Powertrain","SCADA System","2025-10-23T20:48:56.021Z","84","0","16","93","98"
"POW-012","Detroit Assembly","Powertrain","Welding Robot","2025-10-24T06:53:38.080Z","92","9","28","98","86"
"POW-013","Detroit Assembly","Powertrain","Assembly Robot","2025-10-24T01:09:32.420Z","97","2","35","97","96"
"POW-014","Detroit Assembly","Powertrain","Robot Controller","2025-10-24T13:53:45.967Z","90","5","33","95","82"
"POW-016","Detroit Assembly","Powertrain","Welding Controller","2025-10-23T20:18:52.965Z","86","8","18","91","87"
"POW-017","Detroit Assembly","Powertrain","Assembly Robot","2025-10-23T20:46:55.092Z","94","6","11","92","82"
"POW-018","Detroit Assembly","Powertrain","HMI Station","2025-10-24T00:38:00.024Z","89","8","17","90","81"
"POW-019","Detroit Assembly","Powertrain","Paint Controller","2025-10-24T16:06:34.019Z","82","5","21","93","98"
"POW-020","Detroit Assembly","Powertrain","Safety PLC","2025-10-24T12:48:09.540Z","82","2","30","95","83"
"QUA-001","Detroit Assembly","Quality Control","Welding Robot","2025-10-24T01:28:21.261Z","96","5","21","90","99"
"QUA-002","Detroit Assembly","Quality Control","Quality Scanner","2025-10-24T02:30:01.256Z","94","8","37","94","88"
"QUA-005","Detroit Assembly","Quality Control","Welding Controller","2025-10-24T14:49:43.630Z","85","4","25","96","84"
"QUA-006","Detroit Assembly","Quality Control","Quality Scanner","2025-10-24T15:29:56.301Z","96","3","35","96","81"
"QUA-007","Detroit Assembly","Quality Control","Safety PLC","2025-10-24T07:16:01.300Z","84","9","19","96","85"
"QUA-008","Detroit Assembly","Quality Control","Robot Controller","2025-10-23T19:40:39.868Z","89","1","19","96","96"
"QUA-009","Detroit Assembly","Quality Control","Safety PLC","2025-10-23T19:26:51.471Z","83","4","30","91","99"
"QUA-010","Detroit Assembly","Quality Control","HMI Station","2025-10-24T04:39:50.944Z","80","0","20","94","93"
"QUA-012","Detroit Assembly","Quality Control","Robot Controller","2025-10-24T01:06:57.049Z","97","9","24","95","83"
"QUA-013","Detroit Assembly","Quality Control","SCADA System","2025-10-23T18:42:10.333Z","84","0","39","94","81"
"QUA-014","Detroit Assembly","Quality Control","SCADA System","2025-10-24T07:13:07.177Z","84","2","37","96","92"
"QUA-016","Detroit Assembly","Quality Control","Welding Controller","2025-10-23T21:31:19.474Z","96","1","15","99","80"
"QUA-017","Detroit Assembly","Quality Control","Robot Controller","2025-10-23T23:18:05.853Z","91","6","39","97","88"
"QUA-019","Detroit Assembly","Quality Control","Paint Controller","2025-10-23T23:28:32.809Z","95","8","23","90","93"
"QUA-020","Detroit Assembly","Quality Control","Safety PLC","2025-10-23T20:38:50.650Z","92","1","35","93","89"
"QUA-021","Detroit Assembly","Quality Control","Conveyor Controller","2025-10-24T00:26:14.615Z","97","2","13","91","97"
"QUA-026","Detroit Assembly","Quality Control","Quality Scanner","2025-10-24T16:55:53.355Z","94","9","34","91","80"
"QUA-027","Detroit Assembly","Quality Control","Assembly Robot","2025-10-23T19:03:59.287Z","97","2","37","91","98"
"QUA-028","Detroit Assembly","Quality Control","Paint Controller","2025-10-24T00:16:48.282Z","92","2","12","97","84"
"QUA-029","Detroit Assembly","Quality Control","Paint Controller","2025-10-24T12:16:23.377Z","86","6","24","96","98"
"QUA-031","Detroit Assembly","Quality Control","Assembly Robot","2025-10-23T18:44:04.722Z","85","1","20","91","88"
"QUA-032","Detroit Assembly","Quality Control","Welding Controller","2025-10-24T15:51:54.144Z","83","8","21","92","94"
"QUA-033","Detroit Assembly","Quality Control","Robot Controller","2025-10-24T15:29:34.266Z","92","4","18","91","97"
"QUA-034","Detroit Assembly","Quality Control","Paint Robot","2025-10-24T04:05:04.488Z","96","7","26","95","82"
"QUA-036","Detroit Assembly","Quality Control","Assembly Robot","2025-10-24T14:44:38.166Z","92","0","23","98","85"
"QUA-037","Detroit Assembly","Quality Control","Quality Scanner","2025-10-23T20:31:53.746Z","81","6","34","91","86"
"QUA-038","Detroit Assembly","Quality Control","Paint Controller","2025-10-24T02:45:43.177Z","88","2","31","94","84"
"QUA-039","Detroit Assembly","Quality Control","Welding Robot","2025-10-24T12:39:30.251Z","86","1","11","93","88"
"QUA-040","Detroit Assembly","Quality Control","Welding Controller","2025-10-23T22:51:45.504Z","84","1","32","93","98"
"QUA-042","Detroit Assembly","Quality Control","Welding Robot","2025-10-23T18:41:38.845Z","94","8","20","91","94"
"QUA-044","Detroit Assembly","Quality Control","Conveyor Controller","2025-10-24T00:39:30.409Z","95","6","34","97","89"
"QUA-045","Detroit Assembly","Quality Control","Quality Scanner","2025-10-24T12:01:44.360Z","99","7","13","97","95"
"QUA-046","Detroit Assembly","Quality Control","HMI Station","2025-10-24T07:50:54.872Z","81","6","32","95","93"
"QUA-047","Detroit Assembly","Quality Control","Robot Controller","2025-10-24T08:53:01.517Z","94","5","39","92","82"
"QUA-048","Detroit Assembly","Quality Control","HMI Station","2025-10-24T11:20:21.168Z","86","5","35","92","92"
"QUA-049","Detroit Assembly","Quality Control","Conveyor Controller","2025-10-24T04:58:26.315Z","84","3","23","94","93"
"STA-002","Detroit Assembly","Stamping","Assembly Robot","2025-10-24T14:33:04.672Z","96","1","27","94","88"
"STA-003","Detroit Assembly","Stamping","Safety PLC","2025-10-24T03:09:37.223Z","91","0","31","92","85"
"STA-006","Detroit Assembly","Stamping","Paint Controller","2025-10-24T01:33:15.573Z","93","6","26","94","95"
"STA-008","Detroit Assembly","Stamping","Robot Controller","2025-10-23T22:11:41.807Z","99","6","19","99","92"
"STA-009","Detroit Assembly","Stamping","Paint Robot","2025-10-23T20:46:41.973Z","80","3","13","99","89"
"STA-011","Detroit Assembly","Stamping","Welding Controller","2025-10-24T00:59:34.456Z","97","5","14","97","91"
"STA-012","Detroit Assembly","Stamping","HMI Station","2025-10-23T23:19:49.921Z","88","4","13","99","85"
"STA-013","Detroit Assembly","Stamping","Assembly Robot","2025-10-23T18:20:00.139Z","89","2","20","94","85"
"STA-014","Detroit Assembly","Stamping","Robot Controller","2025-10-24T13:33:17.981Z","90","8","33","93","85"
"STA-015","Detroit Assembly","Stamping","Assembly Robot","2025-10-23T19:18:52.863Z","83","7","36","91","92"
"STA-017","Detroit Assembly","Stamping","Paint Controller","2025-10-24T15:45:00.220Z","94","4","35","95","88"
"STA-019","Detroit Assembly","Stamping","HMI Station","2025-10-24T13:18:49.642Z","82","3","24","97","98"
"STA-020","Detroit Assembly","Stamping","Robot Controller","2025-10-24T17:29:14.111Z","84","5","24","96","96"
"STA-021","Detroit Assembly","Stamping","Quality Scanner","2025-10-24T11:13:28.496Z","98","6","21","90","86"
"STA-025","Detroit Assembly","Stamping","SCADA System","2025-10-24T06:28:46.322Z","85","8","38","92","84"
"STA-026","Detroit Assembly","Stamping","SCADA System","2025-10-23T22:44:34.163Z","89","6","30","96","92"
"STA-028","Detroit Assembly","Stamping","HMI Station","2025-10-24T11:14:32.623Z","83","8","26","95","92"
"STA-029","Detroit Assembly","Stamping","Welding Controller","2025-10-24T03:51:25.913Z","97","9","33","97","87"
"STA-030","Detroit Assembly","Stamping","Conveyor Controller","2025-10-24T07:14:59.992Z","93","1","26","95","83"
"STA-031","Detroit Assembly","Stamping","HMI Station","2025-10-24T10:54:36.351Z","99","5","24","93","99"
"STA-032","Detroit Assembly","Stamping","Welding Controller","2025-10-24T13:43:22.418Z","97","0","16","90","84"
"STA-033","Detroit Assembly","Stamping","HMI Station","2025-10-24T01:13:22.938Z","86","8","26","91","85"
"STA-034","Detroit Assembly","Stamping","Welding Robot","2025-10-24T06:18:17.692Z","86","0","17","92","91"
"STA-035","Detroit Assembly","Stamping","Welding Robot","2025-10-24T16:05:05.095Z","91","3","19","94","85"
"STA-037","Detroit Assembly","Stamping","Paint Controller","2025-10-24T13:56:18.327Z","99","1","36","96","95"
"STA-038","Detroit Assembly","Stamping","Assembly Robot","2025-10-24T14:02:35.353Z","87","5","21","91","83"
"STA-040","Detroit Assembly","Stamping","Paint Robot","2025-10-24T07:08:56.110Z","97","9","37","99","80"
"STA-041","Detroit Assembly","Stamping","SCADA System","2025-10-24T10:53:23.363Z","90","0","10","92","83"
"STA-044","Detroit Assembly","Stamping","Welding Robot","2025-10-24T06:05:27.951Z","90","4","31","90","80"
"STA-046","Detroit Assembly","Stamping","Quality Scanner","2025-10-23T18:18:12.379Z","84","6","21","99","84"
"STA-047","Detroit Assembly","Stamping","SCADA System","2025-10-24T02:47:15.155Z","91","6","13","95","90"
"STA-048","Detroit Assembly","Stamping","Conveyor Controller","2025-10-24T09:00:28.785Z","81","3","28","90","94"
"STA-050","Detroit Assembly","Stamping","Conveyor Controller","2025-10-24T11:03:55.451Z","95","3","12","97","88"
"STA-051","Detroit Assembly","Stamping","Quality Scanner","2025-10-24T01:22:20.200Z","91","3","19","97","84"
"STA-052","Detroit Assembly","Stamping","Conveyor Controller","2025-10-24T02:47:47.304Z","81","8","33","97","97"
"BOD-001","Kentucky Assembly","Body Shop","Robot Controller","2025-10-24T06:57:06.591Z","94","7","34","97","93"
"BOD-002","Kentucky Assembly","Body Shop","Welding Controller","2025-10-23T20:21:48.651Z","85","6","13","99","95"
"BOD-004","Kentucky Assembly","Body Shop","Paint Controller","2025-10-23T19:47:59.282Z","89","2","15","92","82"
"BOD-005","Kentucky Assembly","Body Shop","Paint Controller","2025-10-24T04:46:06.977Z","97","4","34","91","89"
"BOD-006","Kentucky Assembly","Body Shop","Safety PLC","2025-10-24T09:05:15.013Z","81","5","24","95","97"
"BOD-008","Kentucky Assembly","Body Shop","Safety PLC","2025-10-24T16:22:43.390Z","95","6","10","96","95"
"BOD-009","Kentucky Assembly","Body Shop","Welding Controller","2025-10-24T17:01:58.169Z","92","4","38","93","80"
"BOD-010","Kentucky Assembly","Body Shop","Vision System","2025-10-24T16:32:11.323Z","99","3","29","97","99"
"BOD-012","Kentucky Assembly","Body Shop","Conveyor Controller","2025-10-24T15:03:45.741Z","82","9","31","96","98"
"BOD-013","Kentucky Assembly","Body Shop","HMI Station","2025-10-24T12:03:07.237Z","88","7","36","99","91"
"BOD-014","Kentucky Assembly","Body Shop","Quality Scanner","2025-10-23T20:23:45.806Z","98","1","29","90","88"
"BOD-015","Kentucky Assembly","Body Shop","Conveyor Controller","2025-10-24T11:49:41.333Z","85","2","31","98","88"
"BOD-017","Kentucky Assembly","Body Shop","SCADA System","2025-10-24T09:20:48.208Z","80","2","15","92","93"
"BOD-018","Kentucky Assembly","Body Shop","HMI Station","2025-10-24T01:40:12.435Z","94","7","33","94","84"
"BOD-020","Kentucky Assembly","Body Shop","SCADA System","2025-10-23T19:17:16.995Z","83","8","34","98","83"
"BOD-023","Kentucky Assembly","Body Shop","Conveyor Controller","2025-10-24T13:20:17.376Z","98","0","12","96","98"
"BOD-027","Kentucky Assembly","Body Shop","Robot Controller","2025-10-24T11:48:40.050Z","87","3","29","98","85"
"PAI-002","Kentucky Assembly","Paint Shop","Welding Robot","2025-10-24T07:48:49.940Z","88","0","35","99","95"
"PAI-003","Kentucky Assembly","Paint Shop","Welding Robot","2025-10-24T04:11:21.459Z","95","3","25","90","92"
"PAI-004","Kentucky Assembly","Paint Shop","Welding Controller","2025-10-23T21:57:42.891Z","97","9","24","90","93"
"PAI-005","Kentucky Assembly","Paint Shop","Safety PLC","2025-10-23T23:30:30.157Z","95","8","14","97","84"
"PAI-007","Kentucky Assembly","Paint Shop","Paint Controller","2025-10-24T03:16:07.819Z","89","7","24","92","96"
"PAI-008","Kentucky Assembly","Paint Shop","SCADA System","2025-10-24T17:45:38.057Z","87","0","17","99","85"
"PAI-011","Kentucky Assembly","Paint Shop","Welding Controller","2025-10-24T01:15:47.465Z","87","1","25","91","87"
"PAI-012","Kentucky Assembly","Paint Shop","Conveyor Controller","2025-10-24T11:05:07.508Z","91","5","39","95","91"
"PAI-013","Kentucky Assembly","Paint Shop","Conveyor Controller","2025-10-24T18:14:06.204Z","97","1","29","98","80"
"PAI-014","Kentucky Assembly","Paint Shop","Paint Robot","2025-10-24T05:52:38.434Z","85","6","22","95","89"
"PAI-015","Kentucky Assembly","Paint Shop","Quality Scanner","2025-10-24T05:23:30.550Z","92","4","12","93","84"
"PAI-016","Kentucky Assembly","Paint Shop","Robot Controller","2025-10-24T09:21:35.034Z","95","9","19","92","89"
"PAI-017","Kentucky Assembly","Paint Shop","Paint Robot","2025-10-23T19:04:22.795Z","95","1","15","96","88"
"PAI-018","Kentucky Assembly","Paint Shop","Paint Controller","2025-10-24T17:12:24.003Z","81","3","14","95","92"
"PAI-019","Kentucky Assembly","Paint Shop","Welding Robot","2025-10-24T06:58:38.347Z","90","7","30","99","89"
"PAI-020","Kentucky Assembly","Paint Shop","SCADA System","2025-10-24T09:24:28.195Z","93","7","37","91","84"
"PAI-021","Kentucky Assembly","Paint Shop","Paint Controller","2025-10-24T06:25:44.417Z","94","3","25","93","95"
"PAI-025","Kentucky Assembly","Paint Shop","Welding Robot","2025-10-24T04:25:47.065Z","85","1","11","99","82"
"PAI-026","Kentucky Assembly","Paint Shop","Welding Robot","2025-10-24T03:07:23.805Z","93","5","12","90","82"
"PAI-027","Kentucky Assembly","Paint Shop","Paint Controller","2025-10-23T21:40:48.216Z","93","5","15","98","94"
"PAI-029","Kentucky Assembly","Paint Shop","Welding Robot","2025-10-24T08:58:43.107Z","80","1","27","99","93"
"PAI-030","Kentucky Assembly","Paint Shop","SCADA System","2025-10-24T14:06:59.935Z","81","3","34","98","95"
"PAI-031","Kentucky Assembly","Paint Shop","Quality Scanner","2025-10-23T20:21:02.670Z","83","1","20","91","91"
"ASS-001","Kentucky Assembly","Assembly Line","Welding Robot","2025-10-24T07:45:21.974Z","93","6","10","98","83"
"ASS-002","Kentucky Assembly","Assembly Line","Robot Controller","2025-10-23T21:11:33.908Z","92","1","15","96","89"
"ASS-003","Kentucky Assembly","Assembly Line","Welding Robot","2025-10-23T18:24:48.171Z","89","2","30","90","88"
"ASS-004","Kentucky Assembly","Assembly Line","Conveyor Controller","2025-10-23T18:48:25.553Z","95","1","33","90","90"
"ASS-005","Kentucky Assembly","Assembly Line","Safety PLC","2025-10-23T22:58:01.969Z","87","4","20","97","92"
"ASS-006","Kentucky Assembly","Assembly Line","Conveyor Controller","2025-10-24T05:07:52.681Z","92","3","20","98","83"
"ASS-007","Kentucky Assembly","Assembly Line","Vision System","2025-10-23T23:42:20.933Z","92","4","13","97","86"
"ASS-009","Kentucky Assembly","Assembly Line","SCADA System","2025-10-24T01:32:23.289Z","92","7","26","92","95"
"ASS-011","Kentucky Assembly","Assembly Line","Welding Controller","2025-10-24T06:40:24.556Z","98","7","13","91","95"
"ASS-012","Kentucky Assembly","Assembly Line","SCADA System","2025-10-24T11:24:09.264Z","94","5","27","95","82"
"ASS-013","Kentucky Assembly","Assembly Line","Paint Controller","2025-10-24T06:51:00.659Z","99","3","13","90","80"
"ASS-014","Kentucky Assembly","Assembly Line","Robot Controller","2025-10-23T22:06:51.252Z","89","7","15","99","94"
"ASS-015","Kentucky Assembly","Assembly Line","Quality Scanner","2025-10-24T05:54:20.045Z","88","9","25","93","92"
"ASS-016","Kentucky Assembly","Assembly Line","Paint Controller","2025-10-24T00:34:39.036Z","86","5","22","99","96"
"ASS-018","Kentucky Assembly","Assembly Line","Paint Robot","2025-10-24T09:04:36.615Z","80","7","25","92","88"
"ASS-019","Kentucky Assembly","Assembly Line","Vision System","2025-10-24T11:45:21.130Z","82","9","14","90","93"
"ASS-020","Kentucky Assembly","Assembly Line","Paint Controller","2025-10-24T12:06:07.769Z","83","7","37","90","97"
"ASS-021","Kentucky Assembly","Assembly Line","SCADA System","2025-10-24T10:12:17.735Z","93","2","35","99","94"
"ASS-022","Kentucky Assembly","Assembly Line","Conveyor Controller","2025-10-23T23:26:48.620Z","93","0","35","97","86"
"ASS-023","Kentucky Assembly","Assembly Line","HMI Station","2025-10-24T13:36:15.639Z","83","6","23","98","92"
"ASS-024","Kentucky Assembly","Assembly Line","Robot Controller","2025-10-24T04:18:41.260Z","91","2","19","98","85"
"ASS-026","Kentucky Assembly","Assembly Line","HMI Station","2025-10-24T09:55:14.723Z","95","9","13","92","98"
"ASS-027","Kentucky Assembly","Assembly Line","Assembly Robot","2025-10-23T21:56:58.387Z","90","2","21","92","86"
"ASS-028","Kentucky Assembly","Assembly Line","SCADA System","2025-10-24T10:03:56.007Z","90","3","11","97","91"
"ASS-029","Kentucky Assembly","Assembly Line","Assembly Robot","2025-10-24T03:16:05.237Z","85","4","30","97","97"
"ASS-033","Kentucky Assembly","Assembly Line","Conveyor Controller","2025-10-24T06:56:30.020Z","86","0","37","96","80"
"POW-001","Kentucky Assembly","Powertrain","Quality Scanner","2025-10-24T10:05:31.388Z","98","7","21","98","82"
"POW-002","Kentucky Assembly","Powertrain","Paint Controller","2025-10-24T18:01:10.199Z","80","9","20","98","94"
"POW-004","Kentucky Assembly","Powertrain","Conveyor Controller","2025-10-24T03:02:28.494Z","84","5","12","99","88"
"POW-007","Kentucky Assembly","Powertrain","Assembly Robot","2025-10-23T20:22:38.653Z","87","0","30","91","83"
"POW-008","Kentucky Assembly","Powertrain","Paint Controller","2025-10-24T09:35:58.222Z","87","1","36","96","92"
"POW-009","Kentucky Assembly","Powertrain","Welding Robot","2025-10-24T14:39:26.634Z","85","8","37","98","84"
"POW-010","Kentucky Assembly","Powertrain","Robot Controller","2025-10-24T03:01:06.355Z","91","1","21","95","94"
"POW-011","Kentucky Assembly","Powertrain","Conveyor Controller","2025-10-24T12:34:00.411Z","81","2","11","98","93"
"POW-012","Kentucky Assembly","Powertrain","Robot Controller","2025-10-23T23:23:20.604Z","92","5","20","99","97"
"POW-013","Kentucky Assembly","Powertrain","Safety PLC","2025-10-24T15:11:13.914Z","82","0","28","97","85"
"POW-014","Kentucky Assembly","Powertrain","Paint Controller","2025-10-23T19:43:49.045Z","90","9","35","93","93"
"POW-015","Kentucky Assembly","Powertrain","Paint Controller","2025-10-24T17:36:23.433Z","82","6","26","98","96"
"POW-016","Kentucky Assembly","Powertrain","Assembly Robot","2025-10-24T10:00:24.499Z","93","1","19","95","88"
"POW-018","Kentucky Assembly","Powertrain","Quality Scanner","2025-10-24T17:55:28.940Z","84","9","28","92","87"
"POW-019","Kentucky Assembly","Powertrain","HMI Station","2025-10-23T20:26:57.341Z","83","3","15","96","91"
"QUA-001","Kentucky Assembly","Quality Control","Conveyor Controller","2025-10-24T07:19:53.301Z","86","8","20","99","91"
"QUA-002","Kentucky Assembly","Quality Control","Paint Robot","2025-10-24T15:53:08.338Z","97","2","27","92","88"
"QUA-003","Kentucky Assembly","Quality Control","Conveyor Controller","2025-10-24T12:30:26.407Z","97","7","27","93","87"
"QUA-006","Kentucky Assembly","Quality Control","Welding Robot","2025-10-24T18:12:25.079Z","83","4","21","96","81"
"QUA-007","Kentucky Assembly","Quality Control","Welding Controller","2025-10-24T13:31:24.337Z","84","5","37","91","85"
"QUA-008","Kentucky Assembly","Quality Control","Paint Robot","2025-10-24T14:34:52.947Z","83","6","29","99","82"
"QUA-009","Kentucky Assembly","Quality Control","Vision System","2025-10-23T20:35:54.780Z","97","9","27","90","96"
"QUA-010","Kentucky Assembly","Quality Control","Vision System","2025-10-24T11:36:21.249Z","83","7","11","90","94"
"QUA-011","Kentucky Assembly","Quality Control","Vision System","2025-10-24T10:40:31.523Z","90","3","29","93","99"
"QUA-014","Kentucky Assembly","Quality Control","SCADA System","2025-10-24T16:31:37.039Z","98","0","20","98","83"
"QUA-015","Kentucky Assembly","Quality Control","HMI Station","2025-10-24T05:55:36.624Z","97","2","35","94","92"
"QUA-016","Kentucky Assembly","Quality Control","Conveyor Controller","2025-10-23T20:06:47.657Z","85","9","27","98","88"
"QUA-017","Kentucky Assembly","Quality Control","Welding Controller","2025-10-24T00:07:08.712Z","94","3","33","95","98"
"QUA-019","Kentucky Assembly","Quality Control","Quality Scanner","2025-10-23T23:19:34.332Z","90","9","13","93","95"
"QUA-023","Kentucky Assembly","Quality Control","Assembly Robot","2025-10-24T00:32:55.996Z","81","8","17","92","99"
"QUA-024","Kentucky Assembly","Quality Control","Welding Robot","2025-10-23T22:23:13.202Z","93","2","33","90","88"
"QUA-026","Kentucky Assembly","Quality Control","HMI Station","2025-10-24T18:13:27.457Z","88","9","22","92","92"
"STA-002","Kentucky Assembly","Stamping","Paint Robot","2025-10-24T04:35:31.359Z","86","8","10","99","89"
"STA-003","Kentucky Assembly","Stamping","Conveyor Controller","2025-10-23T23:32:50.302Z","96","3","19","92","93"
"STA-004","Kentucky Assembly","Stamping","SCADA System","2025-10-24T06:51:35.520Z","83","4","26","96","86"
"STA-005","Kentucky Assembly","Stamping","Assembly Robot","2025-10-24T09:55:58.916Z","92","8","22","92","93"
"STA-006","Kentucky Assembly","Stamping","HMI Station","2025-10-24T15:24:50.800Z","82","3","15","94","92"
"STA-007","Kentucky Assembly","Stamping","Vision System","2025-10-24T09:32:25.392Z","98","2","24","93","89"
"STA-008","Kentucky Assembly","Stamping","Assembly Robot","2025-10-24T13:00:30.258Z","97","5","34","97","80"
"STA-009","Kentucky Assembly","Stamping","HMI Station","2025-10-24T01:37:07.933Z","99","6","22","92","80"
"STA-011","Kentucky Assembly","Stamping","Conveyor Controller","2025-10-24T17:08:33.696Z","89","7","10","98","93"
"STA-012","Kentucky Assembly","Stamping","HMI Station","2025-10-24T00:45:27.080Z","87","8","19","93","81"
"STA-015","Kentucky Assembly","Stamping","Quality Scanner","2025-10-23T22:43:47.333Z","85","1","36","93","84"
"STA-016","Kentucky Assembly","Stamping","Robot Controller","2025-10-24T08:11:51.206Z","99","8","17","94","95"
"STA-020","Kentucky Assembly","Stamping","Paint Robot","2025-10-24T08:17:17.816Z","99","0","25","97","92"
"STA-021","Kentucky Assembly","Stamping","Welding Robot","2025-10-24T13:25:03.196Z","93","7","35","96","83"
"STA-022","Kentucky Assembly","Stamping","Paint Controller","2025-10-24T03:36:51.909Z","89","2","10","90","96"
"STA-023","Kentucky Assembly","Stamping","Assembly Robot","2025-10-23T20:08:48.876Z","87","3","18","93","83"
"STA-024","Kentucky Assembly","Stamping","Welding Controller","2025-10-24T11:55:10.585Z","83","8","24","93","84"
"STA-025","Kentucky Assembly","Stamping","Quality Scanner","2025-10-24T01:05:19.819Z","99","9","24","96","86"
"STA-026","Kentucky Assembly","Stamping","Quality Scanner","2025-10-24T14:13:57.995Z","86","1","24","98","96"
"STA-028","Kentucky Assembly","Stamping","Quality Scanner","2025-10-24T10:05:17.587Z","86","3","29","97","87"
"STA-029","Kentucky Assembly","Stamping","Robot Controller","2025-10-24T04:57:17.855Z","95","6","19","97","88"
"STA-030","Kentucky Assembly","Stamping","Robot Controller","2025-10-24T03:27:41.266Z","95","8","24","91","97"
"STA-031","Kentucky Assembly","Stamping","Safety PLC","2025-10-24T16:05:43.327Z","96","4","37","93","87"
"STA-032","Kentucky Assembly","Stamping","Welding Controller","2025-10-24T16:47:33.546Z","84","0","22","91","91"
"STA-035","Kentucky Assembly","Stamping","Conveyor Controller","2025-10-24T14:02:13.648Z","98","8","32","98","92"
"STA-038","Kentucky Assembly","Stamping","SCADA System","2025-10-24T08:29:58.218Z","80","1","25","99","95"
"BOD-001","Texas Assembly","Body Shop","Welding Controller","2025-10-24T12:15:32.144Z","93","3","15","97","98"
"BOD-004","Texas Assembly","Body Shop","Robot Controller","2025-10-23T21:49:56.388Z","82","8","37","97","93"
"BOD-005","Texas Assembly","Body Shop","Welding Controller","2025-10-23T22:13:07.419Z","90","8","15","93","80"
"BOD-006","Texas Assembly","Body Shop","SCADA System","2025-10-24T02:43:38.449Z","85","1","22","91","84"
"BOD-008","Texas Assembly","Body Shop","Vision System","2025-10-23T19:43:54.352Z","83","7","21","92","81"
"BOD-009","Texas Assembly","Body Shop","Paint Robot","2025-10-24T10:14:21.637Z","82","1","25","98","84"
"BOD-011","Texas Assembly","Body Shop","Welding Controller","2025-10-24T01:23:05.084Z","80","8","12","96","94"
"BOD-013","Texas Assembly","Body Shop","Paint Robot","2025-10-24T07:18:35.498Z","87","2","33","91","88"
"BOD-014","Texas Assembly","Body Shop","Robot Controller","2025-10-23T23:50:48.070Z","90","8","23","91","96"
"BOD-016","Texas Assembly","Body Shop","Welding Robot","2025-10-24T08:10:58.987Z","97","2","30","98","81"
"BOD-017","Texas Assembly","Body Shop","Assembly Robot","2025-10-24T00:11:52.305Z","92","4","14","99","93"
"BOD-018","Texas Assembly","Body Shop","Conveyor Controller","2025-10-24T14:57:21.903Z","98","4","38","93","82"
"BOD-020","Texas Assembly","Body Shop","Assembly Robot","2025-10-24T16:06:05.664Z","91","1","16","95","87"
"BOD-021","Texas Assembly","Body Shop","Assembly Robot","2025-10-24T17:29:22.592Z","84","1","14","99","99"
"BOD-023","Texas Assembly","Body Shop","Quality Scanner","2025-10-24T00:21:53.857Z","89","5","22","96","86"
"BOD-024","Texas Assembly","Body Shop","Quality Scanner","2025-10-24T12:31:28.039Z","90","3","18","92","98"
"BOD-026","Texas Assembly","Body Shop","Paint Controller","2025-10-24T01:59:06.694Z","80","3","37","99","95"
"BOD-027","Texas Assembly","Body Shop","Paint Controller","2025-10-23T23:02:49.746Z","80","0","31","93","93"
"BOD-028","Texas Assembly","Body Shop","Welding Robot","2025-10-24T07:30:55.692Z","93","2","21","99","80"
"BOD-030","Texas Assembly","Body Shop","Welding Robot","2025-10-24T13:21:00.973Z","95","1","35","94","96"
"BOD-035","Texas Assembly","Body Shop","Welding Controller","2025-10-23T21:02:41.355Z","90","8","12","95","88"
"BOD-036","Texas Assembly","Body Shop","Paint Controller","2025-10-24T15:19:58.187Z","88","2","22","95","91"
"BOD-039","Texas Assembly","Body Shop","Welding Robot","2025-10-24T15:46:23.204Z","96","3","17","90","94"
"BOD-040","Texas Assembly","Body Shop","Welding Controller","2025-10-23T20:27:30.788Z","80","2","23","90","80"
"BOD-042","Texas Assembly","Body Shop","Paint Controller","2025-10-24T17:31:25.565Z","84","7","29","90","81"
"BOD-043","Texas Assembly","Body Shop","Assembly Robot","2025-10-24T10:25:34.036Z","99","2","33","94","85"
"BOD-045","Texas Assembly","Body Shop","Paint Controller","2025-10-24T04:15:45.267Z","87","5","31","91","87"
"BOD-046","Texas Assembly","Body Shop","HMI Station","2025-10-23T20:24:17.416Z","83","3","34","98","95"
"BOD-047","Texas Assembly","Body Shop","Robot Controller","2025-10-24T07:45:11.870Z","99","3","27","97","99"
"BOD-048","Texas Assembly","Body Shop","Paint Controller","2025-10-24T15:23:05.226Z","97","0","25","98","80"
"BOD-049","Texas Assembly","Body Shop","Conveyor Controller","2025-10-24T13:06:17.085Z","94","7","21","90","90"
"BOD-050","Texas Assembly","Body Shop","Paint Robot","2025-10-24T03:58:58.132Z","97","1","21","98","82"
"BOD-052","Texas Assembly","Body Shop","Welding Robot","2025-10-24T13:45:53.603Z","93","4","20","91","80"
"BOD-053","Texas Assembly","Body Shop","SCADA System","2025-10-24T04:25:36.432Z","94","0","15","96","89"
"BOD-054","Texas Assembly","Body Shop","Quality Scanner","2025-10-24T05:07:12.039Z","81","7","31","90","81"
"BOD-055","Texas Assembly","Body Shop","Assembly Robot","2025-10-24T01:18:59.340Z","98","6","15","99","86"
"BOD-056","Texas Assembly","Body Shop","Paint Controller","2025-10-24T07:49:13.982Z","98","3","38","97","84"
"BOD-057","Texas Assembly","Body Shop","HMI Station","2025-10-24T04:56:29.065Z","84","1","25","96","96"
"BOD-058","Texas Assembly","Body Shop","Paint Robot","2025-10-24T07:39:52.682Z","91","3","17","96","85"
"BOD-059","Texas Assembly","Body Shop","Robot Controller","2025-10-24T11:36:49.672Z","81","8","20","96","84"
"BOD-060","Texas Assembly","Body Shop","Paint Controller","2025-10-23T23:47:06.917Z","95","5","23","92","84"
"BOD-061","Texas Assembly","Body Shop","HMI Station","2025-10-23T22:44:20.441Z","93","9","36","94","97"
"BOD-062","Texas Assembly","Body Shop","Paint Controller","2025-10-24T17:14:39.870Z","83","4","20","90","80"
"BOD-064","Texas Assembly","Body Shop","Quality Scanner","2025-10-24T13:15:33.348Z","80","5","21","97","86"
"PAI-001","Texas Assembly","Paint Shop","Paint Robot","2025-10-24T01:32:47.308Z","93","7","35","90","87"
"PAI-002","Texas Assembly","Paint Shop","Assembly Robot","2025-10-24T15:58:13.183Z","93","4","32","99","85"
"PAI-004","Texas Assembly","Paint Shop","Welding Robot","2025-10-24T16:02:18.902Z","81","9","34","91","92"
"PAI-005","Texas Assembly","Paint Shop","Quality Scanner","2025-10-24T11:27:23.958Z","81","7","22","95","80"
"PAI-006","Texas Assembly","Paint Shop","Welding Controller","2025-10-23T20:15:07.247Z","82","4","18","95","92"
"PAI-007","Texas Assembly","Paint Shop","Safety PLC","2025-10-23T21:08:28.850Z","83","5","29","94","94"
"PAI-008","Texas Assembly","Paint Shop","Paint Robot","2025-10-24T04:44:05.804Z","86","4","21","95","94"
"PAI-009","Texas Assembly","Paint Shop","Conveyor Controller","2025-10-23T18:35:29.311Z","92","0","24","99","87"
"PAI-010","Texas Assembly","Paint Shop","Safety PLC","2025-10-24T17:58:46.979Z","80","3","19","99","95"
"PAI-011","Texas Assembly","Paint Shop","SCADA System","2025-10-24T12:13:40.074Z","86","1","26","97","94"
"PAI-013","Texas Assembly","Paint Shop","HMI Station","2025-10-23T23:28:31.142Z","81","8","33","97","90"
"PAI-014","Texas Assembly","Paint Shop","HMI Station","2025-10-24T03:50:42.582Z","96","0","17","91","86"
"PAI-016","Texas Assembly","Paint Shop","Conveyor Controller","2025-10-24T00:16:51.168Z","85","1","24","98","94"
"PAI-017","Texas Assembly","Paint Shop","Welding Robot","2025-10-24T02:53:29.606Z","85","1","32","90","94"
"PAI-018","Texas Assembly","Paint Shop","Quality Scanner","2025-10-24T01:35:17.167Z","80","5","16","93","80"
"PAI-019","Texas Assembly","Paint Shop","HMI Station","2025-10-24T13:41:18.655Z","89","7","25","90","94"
"PAI-020","Texas Assembly","Paint Shop","SCADA System","2025-10-23T21:02:44.994Z","96","0","23","96","99"
"PAI-021","Texas Assembly","Paint Shop","Welding Controller","2025-10-24T03:19:55.072Z","99","1","13","98","89"
"PAI-022","Texas Assembly","Paint Shop","Paint Controller","2025-10-24T08:18:44.700Z","88","5","32","93","85"
"PAI-023","Texas Assembly","Paint Shop","Welding Controller","2025-10-24T00:34:02.978Z","81","9","24","96","93"
"PAI-024","Texas Assembly","Paint Shop","Assembly Robot","2025-10-24T06:53:11.441Z","99","2","33","98","97"
"PAI-025","Texas Assembly","Paint Shop","Vision System","2025-10-24T05:07:28.054Z","83","5","35","91","86"
"PAI-026","Texas Assembly","Paint Shop","Welding Controller","2025-10-24T02:50:34.864Z","98","8","13","91","91"
"PAI-027","Texas Assembly","Paint Shop","Conveyor Controller","2025-10-24T08:25:46.173Z","92","1","20","97","99"
"PAI-028","Texas Assembly","Paint Shop","SCADA System","2025-10-24T13:45:55.872Z","99","2","12","97","88"
"PAI-029","Texas Assembly","Paint Shop","Robot Controller","2025-10-24T10:36:35.861Z","80","6","24","90","93"
"PAI-030","Texas Assembly","Paint Shop","Welding Controller","2025-10-24T11:16:29.266Z","95","1","23","90","83"
"PAI-031","Texas Assembly","Paint Shop","Paint Robot","2025-10-24T10:53:12.596Z","99","6","27","90","91"
"PAI-032","Texas Assembly","Paint Shop","Welding Robot","2025-10-23T22:05:28.744Z","81","2","31","96","86"
"PAI-033","Texas Assembly","Paint Shop","Robot Controller","2025-10-23T22:38:26.983Z","89","8","11","90","85"
"PAI-034","Texas Assembly","Paint Shop","Conveyor Controller","2025-10-24T10:25:52.250Z","94","3","33","90","87"
"PAI-035","Texas Assembly","Paint Shop","Paint Robot","2025-10-24T13:01:59.393Z","84","5","28","97","93"
"PAI-037","Texas Assembly","Paint Shop","Safety PLC","2025-10-23T18:39:38.218Z","95","9","11","94","88"
"PAI-038","Texas Assembly","Paint Shop","Paint Robot","2025-10-23T21:17:53.629Z","85","3","12","92","86"
"PAI-039","Texas Assembly","Paint Shop","Assembly Robot","2025-10-24T03:30:54.267Z","85","6","21","98","85"
"PAI-040","Texas Assembly","Paint Shop","Paint Robot","2025-10-24T15:53:57.987Z","86","1","29","95","89"
"PAI-041","Texas Assembly","Paint Shop","Conveyor Controller","2025-10-24T10:46:44.016Z","95","1","14","99","89"
"PAI-043","Texas Assembly","Paint Shop","Vision System","2025-10-23T20:12:03.378Z","99","7","18","99","83"
"PAI-044","Texas Assembly","Paint Shop","Vision System","2025-10-24T10:32:14.515Z","87","4","26","92","95"
"ASS-001","Texas Assembly","Assembly Line","Robot Controller","2025-10-23T22:26:12.939Z","99","0","20","94","89"
"ASS-002","Texas Assembly","Assembly Line","Assembly Robot","2025-10-24T08:28:25.058Z","91","7","23","90","81"
"ASS-003","Texas Assembly","Assembly Line","Quality Scanner","2025-10-24T08:17:33.820Z","83","5","24","95","80"
"ASS-004","Texas Assembly","Assembly Line","Safety PLC","2025-10-24T12:31:49.288Z","83","1","14","95","94"
"ASS-005","Texas Assembly","Assembly Line","SCADA System","2025-10-24T11:56:45.722Z","83","5","27","93","80"
"ASS-006","Texas Assembly","Assembly Line","Paint Controller","2025-10-24T05:58:20.858Z","83","5","33","96","86"
"ASS-007","Texas Assembly","Assembly Line","Assembly Robot","2025-10-24T03:57:55.597Z","81","9","10","94","87"
"ASS-008","Texas Assembly","Assembly Line","Quality Scanner","2025-10-24T05:46:41.560Z","91","2","15","96","92"
"ASS-009","Texas Assembly","Assembly Line","Welding Robot","2025-10-24T09:36:02.093Z","92","8","33","95","92"
"ASS-010","Texas Assembly","Assembly Line","Paint Robot","2025-10-24T15:26:28.215Z","81","4","31","93","93"
"ASS-012","Texas Assembly","Assembly Line","Paint Robot","2025-10-24T09:17:05.498Z","81","5","35","90","85"
"ASS-014","Texas Assembly","Assembly Line","Robot Controller","2025-10-24T04:29:37.839Z","97","8","22","99","84"
"ASS-016","Texas Assembly","Assembly Line","SCADA System","2025-10-24T09:37:08.981Z","92","8","10","95","84"
"ASS-017","Texas Assembly","Assembly Line","Assembly Robot","2025-10-24T04:40:57.748Z","82","3","30","96","83"
"ASS-018","Texas Assembly","Assembly Line","HMI Station","2025-10-24T13:59:37.288Z","99","2","28","98","81"
"ASS-019","Texas Assembly","Assembly Line","Assembly Robot","2025-10-23T21:36:12.066Z","82","2","17","99","93"
"ASS-020","Texas Assembly","Assembly Line","Robot Controller","2025-10-24T08:10:12.396Z","81","4","19","98","88"
"ASS-021","Texas Assembly","Assembly Line","Welding Robot","2025-10-24T18:00:29.416Z","97","0","13","99","85"
"ASS-023","Texas Assembly","Assembly Line","Robot Controller","2025-10-23T18:46:01.817Z","93","5","26","94","89"
"POW-003","Texas Assembly","Powertrain","Assembly Robot","2025-10-24T15:25:40.426Z","83","4","28","98","97"
"POW-004","Texas Assembly","Powertrain","SCADA System","2025-10-24T09:58:31.021Z","93","6","32","99","95"
"POW-005","Texas Assembly","Powertrain","Paint Robot","2025-10-24T11:55:18.665Z","92","1","24","93","99"
"POW-007","Texas Assembly","Powertrain","Paint Robot","2025-10-24T03:27:41.676Z","82","6","30","98","93"
"POW-008","Texas Assembly","Powertrain","Quality Scanner","2025-10-24T16:33:40.526Z","80","2","22","94","83"
"POW-009","Texas Assembly","Powertrain","Conveyor Controller","2025-10-24T00:43:52.509Z","80","3","30","91","80"
"POW-015","Texas Assembly","Powertrain","Paint Robot","2025-10-24T16:57:49.797Z","81","4","38","95","82"
"POW-018","Texas Assembly","Powertrain","Conveyor Controller","2025-10-23T21:05:52.642Z","92","0","33","93","99"
"POW-020","Texas Assembly","Powertrain","Paint Controller","2025-10-23T23:43:51.954Z","88","7","19","95","93"
"POW-022","Texas Assembly","Powertrain","Welding Controller","2025-10-24T08:59:16.098Z","80","1","35","92","83"
"POW-024","Texas Assembly","Powertrain","Paint Robot","2025-10-24T00:26:31.061Z","88","6","25","94","80"
"POW-026","Texas Assembly","Powertrain","SCADA System","2025-10-24T07:46:43.316Z","88","0","24","93","84"
"POW-027","Texas Assembly","Powertrain","Robot Controller","2025-10-24T15:45:15.435Z","85","4","37","98","97"
"POW-029","Texas Assembly","Powertrain","Safety PLC","2025-10-24T00:50:11.958Z","83","4","31","90","84"
"POW-030","Texas Assembly","Powertrain","Safety PLC","2025-10-24T10:48:13.863Z","96","9","23","97","91"
"POW-031","Texas Assembly","Powertrain","Safety PLC","2025-10-23T20:22:00.652Z","84","8","38","96","97"
"POW-032","Texas Assembly","Powertrain","Conveyor Controller","2025-10-24T03:26:32.665Z","92","4","15","92","93"
"POW-033","Texas Assembly","Powertrain","Safety PLC","2025-10-23T20:53:31.815Z","97","6","14","96","87"
"POW-034","Texas Assembly","Powertrain","HMI Station","2025-10-24T06:38:05.818Z","83","4","35","97","95"
"POW-035","Texas Assembly","Powertrain","Quality Scanner","2025-10-23T18:19:02.001Z","99","2","26","95","88"
"POW-037","Texas Assembly","Powertrain","Conveyor Controller","2025-10-24T14:18:26.157Z","83","3","11","93","88"
"POW-038","Texas Assembly","Powertrain","HMI Station","2025-10-24T06:21:45.635Z","86","3","14","97","81"
"POW-039","Texas Assembly","Powertrain","Paint Robot","2025-10-24T17:06:14.824Z","94","3","28","97","85"
"POW-040","Texas Assembly","Powertrain","Assembly Robot","2025-10-24T09:11:44.827Z","81","9","12","98","95"
"POW-043","Texas Assembly","Powertrain","Assembly Robot","2025-10-24T02:36:59.774Z","99","0","11","92","86"
"POW-046","Texas Assembly","Powertrain","Paint Controller","2025-10-24T03:22:09.504Z","93","8","22","96","95"
"POW-048","Texas Assembly","Powertrain","Vision System","2025-10-23T22:13:17.232Z","84","3","16","90","99"
"POW-049","Texas Assembly","Powertrain","Safety PLC","2025-10-24T09:05:18.120Z","87","1","39","91","83"
"POW-050","Texas Assembly","Powertrain","Paint Robot","2025-10-23T22:48:12.548Z","90","2","28","96","85"
"POW-051","Texas Assembly","Powertrain","Safety PLC","2025-10-24T06:49:49.489Z","91","0","38","92","96"
"POW-052","Texas Assembly","Powertrain","Welding Robot","2025-10-24T03:01:22.299Z","84","2","12","98","84"
"POW-053","Texas Assembly","Powertrain","Quality Scanner","2025-10-24T04:28:57.574Z","96","1","10","96","85"
"POW-054","Texas Assembly","Powertrain","Welding Robot","2025-10-24T08:58:17.267Z","86","5","14","98","87"
"POW-055","Texas Assembly","Powertrain","Welding Robot","2025-10-24T02:04:58.417Z","80","5","30","94","96"
"POW-056","Texas Assembly","Powertrain","Welding Controller","2025-10-24T16:24:19.627Z","93","7","24","99","91"
"QUA-003","Texas Assembly","Quality Control","Quality Scanner","2025-10-24T11:16:14.990Z","97","3","36","99","80"
"QUA-005","Texas Assembly","Quality Control","Vision System","2025-10-24T16:14:16.892Z","97","4","28","91","86"
"QUA-006","Texas Assembly","Quality Control","Quality Scanner","2025-10-24T06:13:12.158Z","86","8","22","97","84"
"QUA-007","Texas Assembly","Quality Control","HMI Station","2025-10-24T01:35:32.549Z","98","8","15","94","98"
"QUA-008","Texas Assembly","Quality Control","Assembly Robot","2025-10-24T04:37:35.403Z","93","3","22","92","83"
"QUA-009","Texas Assembly","Quality Control","HMI Station","2025-10-24T08:04:48.627Z","97","4","10","93","93"
"QUA-010","Texas Assembly","Quality Control","Conveyor Controller","2025-10-24T12:09:15.109Z","98","1","20","98","83"
"QUA-011","Texas Assembly","Quality Control","Assembly Robot","2025-10-24T11:12:39.972Z","85","9","30","97","98"
"QUA-012","Texas Assembly","Quality Control","Conveyor Controller","2025-10-23T22:42:14.984Z","93","2","10","98","95"
"QUA-013","Texas Assembly","Quality Control","Paint Robot","2025-10-24T03:55:35.576Z","90","7","25","99","96"
"QUA-014","Texas Assembly","Quality Control","Safety PLC","2025-10-24T09:18:12.584Z","81","6","16","95","89"
"QUA-015","Texas Assembly","Quality Control","Vision System","2025-10-23T18:41:29.567Z","97","6","26","96","99"
"QUA-016","Texas Assembly","Quality Control","Conveyor Controller","2025-10-23T20:31:47.098Z","88","4","38","91","96"
"QUA-017","Texas Assembly","Quality Control","HMI Station","2025-10-24T11:02:08.872Z","83","5","19","94","85"
"QUA-018","Texas Assembly","Quality Control","Safety PLC","2025-10-24T01:13:48.090Z","82","2","24","99","99"
"QUA-020","Texas Assembly","Quality Control","SCADA System","2025-10-24T17:18:30.871Z","80","7","14","94","84"
"QUA-024","Texas Assembly","Quality Control","Quality Scanner","2025-10-24T00:58:50.135Z","81","8","20","94","91"
"QUA-025","Texas Assembly","Quality Control","Welding Robot","2025-10-24T02:13:08.226Z","88","5","31","95","95"
"QUA-026","Texas Assembly","Quality Control","Robot Controller","2025-10-24T16:12:08.109Z","86","6","12","99","88"
"QUA-027","Texas Assembly","Quality Control","Conveyor Controller","2025-10-24T08:20:57.244Z","97","2","38","91","89"
"QUA-028","Texas Assembly","Quality Control","HMI Station","2025-10-24T16:18:37.895Z","97","7","30","92","87"
"QUA-029","Texas Assembly","Quality Control","Paint Controller","2025-10-23T18:54:39.373Z","92","3","31","98","97"
"QUA-030","Texas Assembly","Quality Control","Paint Controller","2025-10-23T22:34:29.691Z","96","8","20","99","81"
"QUA-037","Texas Assembly","Quality Control","Paint Controller","2025-10-23T19:17:48.558Z","86","5","17","91","89"
"QUA-038","Texas Assembly","Quality Control","Paint Robot","2025-10-23T22:31:10.296Z","82","2","27","93","82"
"QUA-039","Texas Assembly","Quality Control","SCADA System","2025-10-24T03:46:58.614Z","82","1","28","94","95"
"QUA-040","Texas Assembly","Quality Control","Vision System","2025-10-24T00:52:08.561Z","97","6","38","98","88"
"QUA-041","Texas Assembly","Quality Control","HMI Station","2025-10-24T03:38:57.390Z","99","6","24","93","95"
"QUA-043","Texas Assembly","Quality Control","Quality Scanner","2025-10-24T09:06:00.659Z","97","3","21","94","91"
"QUA-045","Texas Assembly","Quality Control","Welding Controller","2025-10-24T17:19:32.408Z","89","7","30","94","82"
"QUA-046","Texas Assembly","Quality Control","Quality Scanner","2025-10-24T09:21:04.358Z","97","8","36","90","90"
"QUA-047","Texas Assembly","Quality Control","Quality Scanner","2025-10-24T03:27:18.993Z","89","5","31","90","90"
"QUA-048","Texas Assembly","Quality Control","Welding Controller","2025-10-24T15:26:58.933Z","86","8","34","95","91"
"QUA-049","Texas Assembly","Quality Control","Paint Controller","2025-10-24T03:46:36.165Z","81","8","33","96","98"
"QUA-051","Texas Assembly","Quality Control","Safety PLC","2025-10-23T23:59:25.368Z","96","3","32","97","89"
"QUA-055","Texas Assembly","Quality Control","Vision System","2025-10-24T10:31:50.347Z","88","3","25","95","95"
"QUA-056","Texas Assembly","Quality Control","Conveyor Controller","2025-10-24T17:50:41.629Z","99","3","35","99","90"
"QUA-057","Texas Assembly","Quality Control","SCADA System","2025-10-24T10:33:51.150Z","98","5","30","99","98"
"QUA-058","Texas Assembly","Quality Control","Assembly Robot","2025-10-24T02:11:00.419Z","90","7","10","99","88"
"QUA-060","Texas Assembly","Quality Control","SCADA System","2025-10-24T17:24:25.454Z","97","6","16","94","82"
"QUA-061","Texas Assembly","Quality Control","Paint Controller","2025-10-24T02:03:23.268Z","89","0","12","93","86"
"QUA-062","Texas Assembly","Quality Control","Welding Controller","2025-10-23T22:40:30.414Z","94","2","37","91","86"
"QUA-063","Texas Assembly","Quality Control","Assembly Robot","2025-10-23T22:48:28.763Z","98","2","37","96","81"
"QUA-064","Texas Assembly","Quality Control","Robot Controller","2025-10-24T10:23:59.475Z","80","4","20","91","83"
"QUA-066","Texas Assembly","Quality Control","Welding Robot","2025-10-24T03:23:55.983Z","84","4","17","92","86"
"STA-001","Texas Assembly","Stamping","SCADA System","2025-10-24T16:17:25.819Z","80","0","32","98","81"
"STA-003","Texas Assembly","Stamping","Conveyor Controller","2025-10-24T17:14:41.732Z","86","0","28","93","82"
"STA-005","Texas Assembly","Stamping","HMI Station","2025-10-23T19:23:21.534Z","84","9","27","97","90"
"STA-006","Texas Assembly","Stamping","Conveyor Controller","2025-10-24T02:29:53.556Z","80","7","15","98","90"
"STA-007","Texas Assembly","Stamping","Quality Scanner","2025-10-24T17:40:30.923Z","97","4","30","92","99"
"STA-008","Texas Assembly","Stamping","Safety PLC","2025-10-24T04:22:18.936Z","88","4","11","98","81"
"STA-010","Texas Assembly","Stamping","Welding Controller","2025-10-24T08:24:49.276Z","95","2","15","93","99"
"STA-011","Texas Assembly","Stamping","Paint Robot","2025-10-24T05:55:20.406Z","96","0","29","90","86"
"STA-012","Texas Assembly","Stamping","Welding Robot","2025-10-23T19:11:11.442Z","90","5","36","95","89"
"STA-017","Texas Assembly","Stamping","Assembly Robot","2025-10-24T06:49:03.018Z","99","1","21","90","80"
"STA-018","Texas Assembly","Stamping","Conveyor Controller","2025-10-24T02:56:41.060Z","80","7","25","97","87"
"STA-019","Texas Assembly","Stamping","HMI Station","2025-10-24T14:11:03.575Z","86","7","30","91","93"
"STA-020","Texas Assembly","Stamping","Vision System","2025-10-24T17:01:14.595Z","85","5","13","92","88"
"STA-021","Texas Assembly","Stamping","Assembly Robot","2025-10-24T17:24:31.484Z","83","7","32","94","88"
"STA-022","Texas Assembly","Stamping","Vision System","2025-10-24T12:39:57.421Z","82","6","19","98","98"
"STA-024","Texas Assembly","Stamping","Assembly Robot","2025-10-24T07:46:21.236Z","97","8","37","99","87"
"STA-025","Texas Assembly","Stamping","Paint Robot","2025-10-24T01:06:55.177Z","95","2","11","92","94"
"STA-027","Texas Assembly","Stamping","Paint Robot","2025-10-24T13:33:02.863Z","84","2","21","97","90"
"STA-028","Texas Assembly","Stamping","SCADA System","2025-10-24T14:34:36.995Z","88","8","38","93","87"
"STA-030","Texas Assembly","Stamping","Paint Controller","2025-10-24T09:51:55.526Z","81","3","32","94","87"
"STA-031","Texas Assembly","Stamping","Robot Controller","2025-10-23T18:35:32.012Z","97","0","38","99","97"
"STA-032","Texas Assembly","Stamping","HMI Station","2025-10-24T05:54:47.662Z","87","9","30","98","84"
"STA-034","Texas Assembly","Stamping","Paint Controller","2025-10-24T16:42:38.386Z","93","7","19","92","85"
"STA-035","Texas Assembly","Stamping","Paint Controller","2025-10-24T11:14:55.573Z","90","2","15","96","98"
"STA-036","Texas Assembly","Stamping","Quality Scanner","2025-10-24T10:19:10.078Z","98","0","24","91","84"
"STA-038","Texas Assembly","Stamping","Safety PLC","2025-10-24T11:32:01.257Z","94","7","14","92","97"
"STA-039","Texas Assembly","Stamping","Welding Controller","2025-10-24T01:06:59.389Z","94","5","10","90","97"
"STA-043","Texas Assembly","Stamping","Welding Robot","2025-10-24T01:43:50.061Z","92","3","27","93","95"
"STA-045","Texas Assembly","Stamping","HMI Station","2025-10-23T19:51:47.813Z","92","7","19","91","87"
"STA-047","Texas Assembly","Stamping","Quality Scanner","2025-10-24T17:56:00.268Z","88","0","15","91","85"
"STA-048","Texas Assembly","Stamping","Assembly Robot","2025-10-24T10:27:44.607Z","98","5","37","94","83"
"STA-049","Texas Assembly","Stamping","Conveyor Controller","2025-10-24T16:56:08.040Z","80","5","33","99","81"