tag_id,plant,unit,instrument_type,ip_address,mac_address,protocol,last_seen,network_status,vlan
"BOD-001","Detroit Assembly","Body Shop","Quality Scanner","192.168.230.216","56:ba:97:46:ce:c7","OPC UA","2025-10-20T02:45:38.907Z","ON_NETWORK","VLAN-26"
"BOD-002","Detroit Assembly","Body Shop","Assembly Robot","192.168.168.153","50:10:d1:00:cf:91","Ethernet/IP","2025-10-20T02:38:02.114Z","OFF_NETWORK","VLAN-1"
"BOD-003","Detroit Assembly","Body Shop","Welding Controller","192.168.134.212","40:21:ad:59:16:95","Modbus TCP","2025-10-20T13:11:20.834Z","ON_NETWORK","VLAN-95"
"BOD-005","Detroit Assembly","Body Shop","HMI Station","192.168.68.248","b1:f0:e5:30:87:2a","OPC UA","2025-10-24T08:55:03.682Z","OFF_NETWORK","VLAN-21"
"BOD-006","Detroit Assembly","Body Shop","Welding Robot","192.168.184.173","9a:59:b7:bf:5c:dd","Modbus TCP","2025-10-21T06:57:07.707Z","ON_NETWORK","VLAN-45"
"BOD-007","Detroit Assembly","Body Shop","Paint Robot","192.168.144.155","68:26:e6:ba:04:89","Profinet","2025-10-24T02:24:34.978Z","ON_NETWORK","VLAN-90"
"BOD-009","Detroit Assembly","Body Shop","HMI Station","192.168.95.216","e1:a5:f0:99:97:3b","Ethernet/IP","2025-10-22T09:02:10.485Z","ON_NETWORK","VLAN-78"
"BOD-011","Detroit Assembly","Body Shop","Assembly Robot","192.168.187.142","e4:47:b2:8a:f2:2a","Profinet","2025-10-24T15:47:39.395Z","ON_NETWORK","VLAN-23"
"BOD-012","Detroit Assembly","Body Shop","Welding Robot","192.168.31.2","5b:cc:25:ee:f7:37","Profinet","2025-10-24T00:16:50.883Z","ON_NETWORK","VLAN-41"
"BOD-013","Detroit Assembly","Body Shop","Paint Controller","192.168.41.40","54:0f:49:ed:c9:f5","OPC UA","2025-10-20T23:45:25.925Z","ON_NETWORK","VLAN-76"
"BOD-015","Detroit Assembly","Body Shop","Conveyor Controller","192.168.199.144","dd:7f:62:9d:58:f6","Modbus TCP","2025-10-22T16:52:05.940Z","ON_NETWORK","VLAN-48"
"BOD-016","Detroit Assembly","Body Shop","Quality Scanner","192.168.233.203","9f:76:31:2d:a8:c8","OPC UA","2025-10-18T20:25:17.892Z","ON_NETWORK","VLAN-70"
"BOD-017","Detroit Assembly","Body Shop","Assembly Robot","192.168.150.99","22:4b:1f:2e:bb:de","Modbus TCP","2025-10-18T04:02:30.838Z","ON_NETWORK","VLAN-68"
"BOD-018","Detroit Assembly","Body Shop","Conveyor Controller","192.168.227.12","92:fb:08:c6:08:8e","Ethernet/IP","2025-10-23T03:36:17.840Z","ON_NETWORK","VLAN-18"
"BOD-020","Detroit Assembly","Body Shop","Vision System","192.168.233.230","29:a9:c1:6d:1a:a9","Modbus TCP","2025-10-18T21:40:16.329Z","ON_NETWORK","VLAN-46"
"BOD-021","Detroit Assembly","Body Shop","Welding Controller","192.168.165.236","a6:d7:d1:7e:9d:ab","Ethernet/IP","2025-10-20T12:28:38.828Z","ON_NETWORK","VLAN-6"
"BOD-022","Detroit Assembly","Body Shop","Conveyor Controller","192.168.132.34","88:31:74:8f:45:6e","Modbus TCP","2025-10-21T19:51:58.756Z","ON_NETWORK","VLAN-98"
"BOD-023","Detroit Assembly","Body Shop","Safety PLC","192.168.105.223","70:77:f1:27:b2:5f","Modbus TCP","2025-10-21T22:30:08.783Z","OFF_NETWORK","VLAN-49"
"BOD-024","Detroit Assembly","Body Shop","SCADA System","192.168.246.244","c3:9c:45:a7:e4:45","Profinet","2025-10-22T04:25:09.526Z","ON_NETWORK","VLAN-14"
"BOD-025","Detroit Assembly","Body Shop","Safety PLC","192.168.202.192","da:fe:37:67:1e:15","Ethernet/IP","2025-10-18T07:47:44.581Z","ON_NETWORK","VLAN-84"
"BOD-026","Detroit Assembly","Body Shop","Robot Controller","192.168.38.91","30:c3:90:fa:7f:2b","OPC UA","2025-10-18T03:10:49.829Z","ON_NETWORK","VLAN-20"
"BOD-027","Detroit Assembly","Body Shop","Safety PLC","192.168.33.172","f9:f7:55:c0:23:4f","Modbus TCP","2025-10-22T05:55:50.804Z","ON_NETWORK","VLAN-19"
"PAI-001","Detroit Assembly","Paint Shop","Paint Robot","192.168.197.167","7a:65:4e:aa:20:cb","Ethernet/IP","2025-10-19T02:46:47.889Z","ON_NETWORK","VLAN-6"
"PAI-002","Detroit Assembly","Paint Shop","HMI Station","192.168.245.20","e6:fe:cb:6c:ce:3e","OPC UA","2025-10-18T05:09:58.106Z","ON_NETWORK","VLAN-79"
"PAI-003","Detroit Assembly","Paint Shop","Conveyor Controller","192.168.77.194","c7:51:b8:54:e7:79","Modbus TCP","2025-10-17T18:54:40.562Z","ON_NETWORK","VLAN-70"
"PAI-004","Detroit Assembly","Paint Shop","Paint Controller","192.168.40.90","91:83:5d:17:78:06","Ethernet/IP","2025-10-21T22:21:51.390Z","ON_NETWORK","VLAN-2"
"PAI-005","Detroit Assembly","Paint Shop","Paint Controller","192.168.249.75","c2:72:54:e5:df:d7","Ethernet/IP","2025-10-22T07:52:22.925Z","ON_NETWORK","VLAN-22"
"PAI-007","Detroit Assembly","Paint Shop","Robot Controller","192.168.146.96","f0:7c:ba:44:54:26","OPC UA","2025-10-20T19:40:02.281Z","OFF_NETWORK","VLAN-35"
"PAI-008","Detroit Assembly","Paint Shop","SCADA System","192.168.99.201","17:8f:6c:cd:b4:5c","Modbus TCP","2025-10-19T15:15:10.493Z","ON_NETWORK","VLAN-81"
"PAI-010","Detroit Assembly","Paint Shop","Welding Controller","192.168.198.162","9e:13:38:a6:65:20","OPC UA","2025-10-22T01:39:45.065Z","OFF_NETWORK","VLAN-98"
"PAI-011","Detroit Assembly","Paint Shop","Safety PLC","192.168.239.65","d5:97:3e:b5:b1:ca","Profinet","2025-10-23T21:48:19.680Z","ON_NETWORK","VLAN-36"
"PAI-012","Detroit Assembly","Paint Shop","Conveyor Controller","192.168.238.161","10:bc:fc:9e:53:d5","OPC UA","2025-10-22T01:41:06.695Z","OFF_NETWORK","VLAN-69"
"PAI-013","Detroit Assembly","Paint Shop","Vision System","192.168.46.123","cb:38:21:6b:41:66","OPC UA","2025-10-19T13:34:44.916Z","ON_NETWORK","VLAN-79"
"PAI-014","Detroit Assembly","Paint Shop","HMI Station","192.168.98.219","40:b0:97:52:45:4d","Modbus TCP","2025-10-23T06:55:20.296Z","ON_NETWORK","VLAN-64"
"PAI-015","Detroit Assembly","Paint Shop","Safety PLC","192.168.229.56","02:25:6d:25:5a:e2","Profinet","2025-10-21T20:34:38.309Z","ON_NETWORK","VLAN-50"
"PAI-016","Detroit Assembly","Paint Shop","Conveyor Controller","192.168.85.39","7d:b1:ab:27:fc:61","Profinet","2025-10-21T00:12:26.345Z","OFF_NETWORK","VLAN-90"
"PAI-017","Detroit Assembly","Paint Shop","HMI Station","192.168.208.11","ea:7e:e4:2b:63:12","Modbus TCP","2025-10-21T08:28:59.459Z","ON_NETWORK","VLAN-6"
"PAI-018","Detroit Assembly","Paint Shop","Conveyor Controller","192.168.97.205","35:a4:88:da:7b:ab","OPC UA","2025-10-20T20:05:05.843Z","ON_NETWORK","VLAN-85"
"PAI-019","Detroit Assembly","Paint Shop","Safety PLC","192.168.169.247","30:49:6f:41:c3:34","Modbus TCP","2025-10-22T14:46:28.786Z","ON_NETWORK","VLAN-86"
"PAI-020","Detroit Assembly","Paint Shop","Assembly Robot","192.168.121.66","7b:16:88:f0:0f:a4","OPC UA","2025-10-20T09:18:32.410Z","ON_NETWORK","VLAN-50"
"PAI-022","Detroit Assembly","Paint Shop","Robot Controller","192.168.214.195","74:65:f3:88:eb:97","Profinet","2025-10-18T23:13:07.278Z","OFF_NETWORK","VLAN-74"
"PAI-023","Detroit Assembly","Paint Shop","Robot Controller","192.168.4.21","30:fe:63:8f:5f:fb","Ethernet/IP","2025-10-18T07:23:39.831Z","ON_NETWORK","VLAN-63"
"PAI-024","Detroit Assembly","Paint Shop","Robot Controller","192.168.190.13","e9:c4:2b:a2:76:e3","Modbus TCP","2025-10-22T06:56:42.502Z","ON_NETWORK","VLAN-26"
"PAI-027","Detroit Assembly","Paint Shop","Vision System","192.168.185.137","12:d3:f6:bd:08:8d","Profinet","2025-10-23T23:07:22.578Z","ON_NETWORK","VLAN-42"
"PAI-028","Detroit Assembly","Paint Shop","Assembly Robot","192.168.157.180","94:bf:ac:a7:5c:11","Modbus TCP","2025-10-23T06:34:46.423Z","ON_NETWORK","VLAN-68"
"PAI-029","Detroit Assembly","Paint Shop","Paint Controller","192.168.254.13","5e:fa:e5:a1:98:b8","Modbus TCP","2025-10-23T18:18:42.357Z","ON_NETWORK","VLAN-46"
"PAI-030","Detroit Assembly","Paint Shop","Paint Controller","192.168.251.139","d8:cb:ea:a6:64:73","Ethernet/IP","2025-10-20T04:05:18.347Z","ON_NETWORK","VLAN-77"
"PAI-031","Detroit Assembly","Paint Shop","Conveyor Controller","192.168.91.81","44:20:d3:08:d5:5b","Profinet","2025-10-24T00:11:15.020Z","ON_NETWORK","VLAN-15"
"PAI-032","Detroit Assembly","Paint Shop","Welding Controller","192.168.78.8","be:cb:f9:a7:53:22","Ethernet/IP","2025-10-22T23:42:04.588Z","ON_NETWORK","VLAN-16"
"PAI-033","Detroit Assembly","Paint Shop","SCADA System","192.168.146.22","76:6a:c5:24:89:4d","Ethernet/IP","2025-10-19T14:25:51.479Z","ON_NETWORK","VLAN-12"
"PAI-034","Detroit Assembly","Paint Shop","Paint Robot","192.168.9.250","e1:53:63:d0:61:cd","OPC UA","2025-10-21T21:23:16.012Z","ON_NETWORK","VLAN-94"
"PAI-036","Detroit Assembly","Paint Shop","Quality Scanner","192.168.61.252","a1:4c:f1:ae:27:06","OPC UA","2025-10-22T04:23:42.513Z","ON_NETWORK","VLAN-83"
"PAI-037","Detroit Assembly","Paint Shop","Welding Controller","192.168.225.245","2e:60:e9:c5:f1:0d","OPC UA","2025-10-19T18:25:46.975Z","ON_NETWORK","VLAN-83"
"PAI-038","Detroit Assembly","Paint Shop","Paint Robot","192.168.174.76","af:e6:df:30:f7:72","Ethernet/IP","2025-10-22T20:52:08.725Z","ON_NETWORK","VLAN-21"
"ASS-002","Detroit Assembly","Assembly Line","Safety PLC","192.168.74.102","23:2c:44:ef:e6:1b","Modbus TCP","2025-10-22T21:21:54.875Z","ON_NETWORK","VLAN-97"
"ASS-003","Detroit Assembly","Assembly Line","Paint Controller","192.168.64.94","bf:7b:41:98:98:8f","Ethernet/IP","2025-10-21T18:06:39.581Z","ON_NETWORK","VLAN-7"
"ASS-004","Detroit Assembly","Assembly Line","Robot Controller","192.168.27.3","84:31:96:3e:c8:7b","Profinet","2025-10-19T18:26:48.607Z","OFF_NETWORK","VLAN-92"
"ASS-006","Detroit Assembly","Assembly Line","Paint Robot","192.168.47.63","2a:2a:75:86:64:a3","Profinet","2025-10-20T01:44:58.626Z","ON_NETWORK","VLAN-69"
"ASS-008","Detroit Assembly","Assembly Line","Paint Robot","192.168.206.254","61:6b:db:35:3c:c6","Profinet","2025-10-20T11:55:15.974Z","OFF_NETWORK","VLAN-8"
"ASS-010","Detroit Assembly","Assembly Line","Quality Scanner","192.168.58.120","98:d6:79:d7:99:67","Profinet","2025-10-21T11:15:03.126Z","ON_NETWORK","VLAN-59"
"ASS-011","Detroit Assembly","Assembly Line","Paint Controller","192.168.135.49","66:6a:15:52:d0:49","OPC UA","2025-10-18T15:40:13.387Z","OFF_NETWORK","VLAN-9"
"ASS-012","Detroit Assembly","Assembly Line","HMI Station","192.168.68.245","65:f0:88:3a:eb:a1","Modbus TCP","2025-10-19T22:39:31.020Z","OFF_NETWORK","VLAN-10"
"ASS-013","Detroit Assembly","Assembly Line","Vision System","192.168.138.92","93:d3:6b:db:1f:ca","Ethernet/IP","2025-10-20T16:54:07.120Z","ON_NETWORK","VLAN-41"
"ASS-014","Detroit Assembly","Assembly Line","Paint Controller","192.168.193.86","c2:d2:d6:2c:3e:43","Ethernet/IP","2025-10-20T03:15:21.819Z","ON_NETWORK","VLAN-83"
"ASS-015","Detroit Assembly","Assembly Line","Quality Scanner","192.168.243.103","7d:35:38:e5:b1:26","Profinet","2025-10-21T13:31:30.182Z","OFF_NETWORK","VLAN-26"
"ASS-016","Detroit Assembly","Assembly Line","HMI Station","192.168.233.17","8a:5e:8b:b6:ac:fd","Ethernet/IP","2025-10-21T10:39:00.254Z","ON_NETWORK","VLAN-89"
"ASS-017","Detroit Assembly","Assembly Line","Safety PLC","192.168.182.137","ce:4d:2e:07:09:ae","OPC UA","2025-10-21T18:14:40.513Z","ON_NETWORK","VLAN-75"
"ASS-019","Detroit Assembly","Assembly Line","Welding Robot","192.168.55.167","c1:d6:3f:29:6b:0f","Ethernet/IP","2025-10-17T21:49:55.587Z","ON_NETWORK","VLAN-80"
"ASS-020","Detroit Assembly","Assembly Line","Paint Robot","192.168.31.236","a7:2c:87:ed:c8:91","OPC UA","2025-10-22T05:26:47.385Z","ON_NETWORK","VLAN-33"
"ASS-021","Detroit Assembly","Assembly Line","Assembly Robot","192.168.218.153","05:f3:0b:3e:70:b9","Modbus TCP","2025-10-21T18:11:21.105Z","ON_NETWORK","VLAN-38"
"ASS-022","Detroit Assembly","Assembly Line","Quality Scanner","192.168.217.93","6f:cd:3b:9e:ac:e9","OPC UA","2025-10-20T04:44:43.661Z","ON_NETWORK","VLAN-49"
"ASS-023","Detroit Assembly","Assembly Line","Robot Controller","192.168.187.20","ae:68:cd:3b:aa:17","Modbus TCP","2025-10-19T20:21:11.665Z","ON_NETWORK","VLAN-22"
"ASS-024","Detroit Assembly","Assembly Line","Assembly Robot","192.168.233.36","77:ec:35:98:bb:a6","Ethernet/IP","2025-10-24T15:13:43.554Z","ON_NETWORK","VLAN-86"
"ASS-025","Detroit Assembly","Assembly Line","Welding Controller","192.168.240.1","87:c9:9b:ca:34:b3","Modbus TCP","2025-10-23T00:45:52.583Z","ON_NETWORK","VLAN-49"
"ASS-026","Detroit Assembly","Assembly Line","Quality Scanner","192.168.218.131","bd:10:40:3f:07:2b","Profinet","2025-10-22T10:09:48.016Z","ON_NETWORK","VLAN-92"
"ASS-027","Detroit Assembly","Assembly Line","Safety PLC","192.168.222.146","0d:77:36:52:30:4a","Modbus TCP","2025-10-19T04:04:50.987Z","ON_NETWORK","VLAN-89"
"ASS-028","Detroit Assembly","Assembly Line","Welding Controller","192.168.59.169","56:f2:37:ed:33:46","OPC UA","2025-10-20T01:48:55.936Z","ON_NETWORK","VLAN-66"
"ASS-029","Detroit Assembly","Assembly Line","Welding Controller","192.168.218.172","8f:14:11:87:2b:e2","OPC UA","2025-10-17T23:46:55.661Z","ON_NETWORK","VLAN-2"
"ASS-030","Detroit Assembly","Assembly Line","Paint Robot","192.168.9.203","5f:a3:3b:84:d8:e3","Ethernet/IP","2025-10-22T07:08:21.764Z","OFF_NETWORK","VLAN-47"
"ASS-031","Detroit Assembly","Assembly Line","Robot Controller","192.168.177.181","61:53:16:2b:c7:fa","Profinet","2025-10-19T17:56:52.056Z","ON_NETWORK","VLAN-72"
"ASS-032","Detroit Assembly","Assembly Line","Paint Robot","192.168.113.147","d8:9a:08:44:64:c1","Profinet","2025-10-23T22:32:32.511Z","ON_NETWORK","VLAN-51"
"ASS-033","Detroit Assembly","Assembly Line","Welding Robot","192.168.212.200","08:de:2f:d6:67:3f","Ethernet/IP","2025-10-24T06:26:54.348Z","ON_NETWORK","VLAN-96"
"ASS-034","Detroit Assembly","Assembly Line","Conveyor Controller","192.168.203.37","df:7e:b9:26:ec:90","Profinet","2025-10-23T06:26:37.382Z","ON_NETWORK","VLAN-7"
"ASS-036","Detroit Assembly","Assembly Line","Welding Robot","192.168.244.210","37:09:af:1b:4b:c9","Modbus TCP","2025-10-22T13:22:09.454Z","ON_NETWORK","VLAN-88"
"ASS-037","Detroit Assembly","Assembly Line","Robot Controller","192.168.141.211","78:6e:f1:17:c0:fe","OPC UA","2025-10-19T13:40:45.737Z","ON_NETWORK","VLAN-45"
"ASS-038","Detroit Assembly","Assembly Line","Robot Controller","192.168.191.26","69:a2:ac:1c:e9:10","Ethernet/IP","2025-10-19T15:41:34.854Z","ON_NETWORK","VLAN-86"
"ASS-039","Detroit Assembly","Assembly Line","Quality Scanner","192.168.81.222","36:82:d1:fd:4c:a9","OPC UA","2025-10-22T14:22:58.427Z","ON_NETWORK","VLAN-89"
"ASS-040","Detroit Assembly","Assembly Line","Safety PLC","192.168.176.5","87:f2:36:2d:8c:fc","OPC UA","2025-10-17T18:34:15.810Z","ON_NETWORK","VLAN-80"
"ASS-041","Detroit Assembly","Assembly Line","Robot Controller","192.168.7.168","90:9a:ac:3f:22:09","OPC UA","2025-10-23T10:09:32.122Z","OFF_NETWORK","VLAN-91"
"ASS-042","Detroit Assembly","Assembly Line","Vision System","192.168.159.180","f8:bb:91:19:04:31","Profinet","2025-10-18T00:52:58.317Z","ON_NETWORK","VLAN-77"
"ASS-043","Detroit Assembly","Assembly Line","Robot Controller","192.168.66.225","50:35:7c:55:1c:38","Ethernet/IP","2025-10-23T16:29:42.300Z","ON_NETWORK","VLAN-60"
"ASS-045","Detroit Assembly","Assembly Line","Paint Robot","192.168.16.33","48:42:68:de:31:a4","Modbus TCP","2025-10-18T17:27:24.581Z","ON_NETWORK","VLAN-75"
"ASS-046","Detroit Assembly","Assembly Line","Welding Robot","192.168.76.157","02:e8:ce:ef:2f:c8","Ethernet/IP","2025-10-22T05:45:06.833Z","ON_NETWORK","VLAN-25"
"ASS-047","Detroit Assembly","Assembly Line","Conveyor Controller","192.168.86.8","8c:f9:4f:b1:d2:98","Ethernet/IP","2025-10-22T15:13:54.695Z","ON_NETWORK","VLAN-100"
"ASS-048","Detroit Assembly","Assembly Line","SCADA System","192.168.55.58","2f:34:78:af:20:ba","Profinet","2025-10-24T06:38:07.099Z","ON_NETWORK","VLAN-81"
"ASS-049","Detroit Assembly","Assembly Line","Quality Scanner","192.168.124.21","d9:d2:56:8e:4a:09","Modbus TCP","2025-10-24T10:33:36.546Z","OFF_NETWORK","VLAN-30"
"ASS-050","Detroit Assembly","Assembly Line","Paint Controller","192.168.148.8","bc:fe:5f:81:e0:cf","Profinet","2025-10-19T09:08:10.918Z","ON_NETWORK","VLAN-26"
"ASS-051","Detroit Assembly","Assembly Line","Conveyor Controller","192.168.40.11","1e:4a:2f:f5:86:5e","Profinet","2025-10-21T18:21:36.761Z","ON_NETWORK","VLAN-24"
"ASS-052","Detroit Assembly","Assembly Line","Conveyor Controller","192.168.226.65","61:83:fd:d9:a9:68","Profinet","2025-10-19T03:27:16.818Z","ON_NETWORK","VLAN-81"
"ASS-054","Detroit Assembly","Assembly Line","Vision System","192.168.7.153","a2:d1:d7:03:29:f8","Ethernet/IP","2025-10-19T14:15:38.765Z","ON_NETWORK","VLAN-75"
"ASS-055","Detroit Assembly","Assembly Line","Assembly Robot","192.168.135.142","fd:da:d1:38:f8:c3","Profinet","2025-10-18T20:31:56.255Z","ON_NETWORK","VLAN-56"
"ASS-056","Detroit Assembly","Assembly Line","Welding Robot","192.168.229.156","9f:fb:0e:f1:79:60","Profinet","2025-10-21T08:03:43.649Z","OFF_NETWORK","VLAN-20"
"ASS-057","Detroit Assembly","Assembly Line","Robot Controller","192.168.89.14","83:66:03:0e:4e:f6","Modbus TCP","2025-10-18T15:49:42.325Z","OFF_NETWORK","VLAN-99"
"ASS-058","Detroit Assembly","Assembly Line","Robot Controller","192.168.116.210","7b:f6:e1:56:dd:dd","OPC UA","2025-10-23T13:47:59.835Z","ON_NETWORK","VLAN-54"
"ASS-059","Detroit Assembly","Assembly Line","Vision System","192.168.171.114","cb:93:21:dd:2c:ff","Modbus TCP","2025-10-18T05:42:03.766Z","ON_NETWORK","VLAN-62"
"ASS-063","Detroit Assembly","Assembly Line","Robot Controller","192.168.138.177","e2:44:a1:bf:9c:f2","OPC UA","2025-10-23T13:55:15.532Z","ON_NETWORK","VLAN-68"
"ASS-066","Detroit Assembly","Assembly Line","Paint Robot","192.168.121.224","f6:40:ca:38:db:33","OPC UA","2025-10-19T09:42:25.890Z","ON_NETWORK","VLAN-70"
"ASS-067","Detroit Assembly","Assembly Line","Paint Robot","192.168.52.19","36:af:95:28:b6:68","Modbus TCP","2025-10-23T06:48:16.422Z","ON_NETWORK","VLAN-51"
"POW-001","Detroit Assembly","Powertrain","Assembly Robot","192.168.137.49","4d:67:01:86:40:bd","Profinet","2025-10-23T12:16:36.370Z","ON_NETWORK","VLAN-77"
"POW-003","Detroit Assembly","Powertrain","Welding Controller","192.168.129.30","5c:9a:2d:f1:8f:0d","OPC UA","2025-10-24T12:08:01.143Z","OFF_NETWORK","VLAN-20"
"POW-005","Detroit Assembly","Powertrain","Safety PLC","192.168.120.238","67:c2:fd:12:1f:69","Profinet","2025-10-23T05:01:06.429Z","ON_NETWORK","VLAN-2"
"POW-006","Detroit Assembly","Powertrain","Quality Scanner","192.168.170.182","23:b1:4f:e2:78:fa","Modbus TCP","2025-10-21T14:24:52.566Z","ON_NETWORK","VLAN-72"
"POW-008","Detroit Assembly","Powertrain","Robot Controller","192.168.46.37","92:ab:be:7e:4c:50","Ethernet/IP","2025-10-23T20:22:24.989Z","ON_NETWORK","VLAN-2"
"POW-009","Detroit Assembly","Powertrain","SCADA System","192.168.83.219","38:a3:73:a1:2e:d4","Profinet","2025-10-22T05:28:56.876Z","ON_NETWORK","VLAN-17"
"POW-010","Detroit Assembly","Powertrain","Conveyor Controller","192.168.248.42","b0:07:cf:9e:88:72","Profinet","2025-10-23T17:12:29.103Z","ON_NETWORK","VLAN-41"
"POW-012","Detroit Assembly","Powertrain","Welding Robot","192.168.117.189","7e:fe:d5:26:39:1e","Modbus TCP","2025-10-23T19:35:01.893Z","ON_NETWORK","VLAN-92"
"POW-013","Detroit Assembly","Powertrain","Assembly Robot","192.168.251.202","ef:66:45:74:51:92","Modbus TCP","2025-10-20T20:08:16.600Z","ON_NETWORK","VLAN-39"
"POW-014","Detroit Assembly","Powertrain","Robot Controller","192.168.21.7","a3:a1:1d:c9:37:37","Ethernet/IP","2025-10-19T22:39:44.725Z","ON_NETWORK","VLAN-43"
"POW-015","Detroit Assembly","Powertrain","Paint Controller","192.168.11.74","c8:e6:14:31:6e:a9","OPC UA","2025-10-21T18:36:23.747Z","ON_NETWORK","VLAN-65"
"POW-017","Detroit Assembly","Powertrain","Assembly Robot","192.168.187.99","2d:a3:72:f0:0a:11","Modbus TCP","2025-10-19T11:23:53.407Z","ON_NETWORK","VLAN-42"
"POW-019","Detroit Assembly","Powertrain","Paint Controller","192.168.250.76","ec:d0:b5:9a:e5:b3","Profinet","2025-10-21T18:20:27.934Z","ON_NETWORK","VLAN-53"
"POW-020","Detroit Assembly","Powertrain","Safety PLC","192.168.232.241","1f:97:1d:7a:e1:2d","Modbus TCP","2025-10-21T02:34:30.013Z","ON_NETWORK","VLAN-13"
"QUA-001","Detroit Assembly","Quality Control","Welding Robot","192.168.248.179","cd:8d:05:05:20:02","Ethernet/IP","2025-10-18T14:19:28.248Z","ON_NETWORK","VLAN-95"
"QUA-003","Detroit Assembly","Quality Control","Welding Robot","192.168.96.204","91:30:04:0e:a7:54","Modbus TCP","2025-10-19T12:55:28.345Z","ON_NETWORK","VLAN-18"
"QUA-004","Detroit Assembly","Quality Control","Robot Controller","192.168.211.192","7c:8c:68:f6:fe:4f","OPC UA","2025-10-18T23:01:07.652Z","ON_NETWORK","VLAN-12"
"QUA-005","Detroit Assembly","Quality Control","Welding Controller","192.168.193.232","96:66:d2:9f:ac:9f","Modbus TCP","2025-10-22T11:36:46.681Z","ON_NETWORK","VLAN-44"
"QUA-006","Detroit Assembly","Quality Control","Quality Scanner","192.168.28.0","41:39:4c:0f:65:a1","Ethernet/IP","2025-10-17T18:47:10.776Z","ON_NETWORK","VLAN-33"
"QUA-008","Detroit Assembly","Quality Control","Robot Controller","192.168.84.123","07:38:9b:eb:55:25","Modbus TCP","2025-10-19T07:02:07.546Z","ON_NETWORK","VLAN-8"
"QUA-009","Detroit Assembly","Quality Control","Safety PLC","192.168.3.17","21:ef:fe:73:51:cc","Modbus TCP","2025-10-22T11:32:11.789Z","ON_NETWORK","VLAN-55"
"QUA-010","Detroit Assembly","Quality Control","HMI Station","192.168.183.175","92:58:11:15:09:c3","Ethernet/IP","2025-10-24T11:23:02.823Z","ON_NETWORK","VLAN-54"
"QUA-011","Detroit Assembly","Quality Control","Vision System","192.168.127.81","42:50:0d:4c:12:9c","Ethernet/IP","2025-10-21T05:14:41.097Z","ON_NETWORK","VLAN-73"
"QUA-012","Detroit Assembly","Quality Control","Robot Controller","192.168.212.231","ac:75:c5:a5:9a:ca","Modbus TCP","2025-10-20T04:00:55.780Z","ON_NETWORK","VLAN-46"
"QUA-013","Detroit Assembly","Quality Control","SCADA System","192.168.139.179","73:be:0d:6d:04:98","Modbus TCP","2025-10-24T07:12:34.032Z","ON_NETWORK","VLAN-29"
"QUA-014","Detroit Assembly","Quality Control","SCADA System","192.168.27.44","18:ea:86:88:c6:ad","Profinet","2025-10-19T09:48:36.045Z","ON_NETWORK","VLAN-38"
"QUA-015","Detroit Assembly","Quality Control","Conveyor Controller","192.168.62.77","ee:fd:8c:27:f8:dd","OPC UA","2025-10-22T16:31:37.060Z","ON_NETWORK","VLAN-28"
"QUA-016","Detroit Assembly","Quality Control","Welding Controller","192.168.223.121","40:3c:1d:51:c5:12","Profinet","2025-10-20T17:57:40.145Z","ON_NETWORK","VLAN-97"
"QUA-020","Detroit Assembly","Quality Control","Safety PLC","192.168.41.30","d3:7e:9f:5e:58:ee","Ethernet/IP","2025-10-18T15:10:40.201Z","ON_NETWORK","VLAN-10"
"QUA-023","Detroit Assembly","Quality Control","Welding Robot","192.168.213.41","a7:6e:1d:c0:48:17","Profinet","2025-10-19T13:05:59.400Z","OFF_NETWORK","VLAN-10"
"QUA-026","Detroit Assembly","Quality Control","Quality Scanner","192.168.173.56","54:f7:23:66:00:e4","Modbus TCP","2025-10-18T07:48:26.951Z","OFF_NETWORK","VLAN-4"
"QUA-027","Detroit Assembly","Quality Control","Assembly Robot","192.168.170.86","60:9d:5c:fa:b0:5e","OPC UA","2025-10-20T17:48:43.814Z","ON_NETWORK","VLAN-90"
"QUA-029","Detroit Assembly","Quality Control","Paint Controller","192.168.248.177","53:00:16:b8:5e:0c","OPC UA","2025-10-24T14:48:44.148Z","ON_NETWORK","VLAN-60"
"QUA-030","Detroit Assembly","Quality Control","Welding Robot","192.168.231.93","eb:52:86:5c:8c:62","Modbus TCP","2025-10-22T20:05:38.475Z","ON_NETWORK","VLAN-65"
"QUA-031","Detroit Assembly","Quality Control","Assembly Robot","192.168.234.232","ec:6e:83:14:a3:0e","OPC UA","2025-10-23T13:05:07.772Z","OFF_NETWORK","VLAN-61"
"QUA-032","Detroit Assembly","Quality Control","Welding Controller","192.168.96.183","a9:97:62:25:33:c1","Profinet","2025-10-19T07:26:22.930Z","ON_NETWORK","VLAN-15"
"QUA-033","Detroit Assembly","Quality Control","Robot Controller","192.168.138.70","4b:c5:c6:f3:41:e4","OPC UA","2025-10-24T16:35:27.997Z","ON_NETWORK","VLAN-77"
"QUA-034","Detroit Assembly","Quality Control","Paint Robot","192.168.210.28","e6:ee:10:49:e9:a3","OPC UA","2025-10-22T05:36:40.756Z","ON_NETWORK","VLAN-5"
"QUA-035","Detroit Assembly","Quality Control","Conveyor Controller","192.168.14.142","ef:09:ae:bf:0e:4a","Ethernet/IP","2025-10-22T06:02:13.036Z","ON_NETWORK","VLAN-28"
"QUA-037","Detroit Assembly","Quality Control","Quality Scanner","192.168.87.55","8b:dc:13:5e:b3:90","OPC UA","2025-10-23T19:20:18.897Z","ON_NETWORK","VLAN-86"
"QUA-038","Detroit Assembly","Quality Control","Paint Controller","192.168.200.84","b1:bd:90:d1:0e:20","Ethernet/IP","2025-10-20T10:01:44.336Z","OFF_NETWORK","VLAN-21"
"QUA-039","Detroit Assembly","Quality Control","Welding Robot","192.168.206.218","a9:2c:a0:5f:9a:36","OPC UA","2025-10-18T08:15:29.215Z","OFF_NETWORK","VLAN-62"
"QUA-041","Detroit Assembly","Quality Control","Robot Controller","192.168.61.251","bd:09:50:a0:fe:83","Profinet","2025-10-22T22:26:53.270Z","OFF_NETWORK","VLAN-20"
"QUA-043","Detroit Assembly","Quality Control","Paint Controller","192.168.236.165","88:89:af:2e:b3:db","Ethernet/IP","2025-10-17T23:21:47.514Z","OFF_NETWORK","VLAN-92"
"QUA-044","Detroit Assembly","Quality Control","Conveyor Controller","192.168.187.92","2a:d0:ca:50:b0:74","Ethernet/IP","2025-10-23T20:34:38.091Z","ON_NETWORK","VLAN-14"
"QUA-045","Detroit Assembly","Quality Control","Quality Scanner","192.168.134.92","1f:2b:57:56:95:4b","Modbus TCP","2025-10-22T06:25:41.778Z","ON_NETWORK","VLAN-48"
"QUA-047","Detroit Assembly","Quality Control","Robot Controller","192.168.73.182","8d:6b:c8:29:63:8f","Ethernet/IP","2025-10-20T09:30:49.073Z","ON_NETWORK","VLAN-33"
"QUA-048","Detroit Assembly","Quality Control","HMI Station","192.168.188.165","e7:a1:13:98:f1:5b","Profinet","2025-10-17T23:26:25.723Z","OFF_NETWORK","VLAN-92"
"QUA-050","Detroit Assembly","Quality Control","Vision System","192.168.82.169","ea:88:82:68:2e:e4","Ethernet/IP","2025-10-22T06:32:05.917Z","ON_NETWORK","VLAN-87"
"QUA-051","Detroit Assembly","Quality Control","Conveyor Controller","192.168.52.111","bf:79:71:39:47:60","Modbus TCP","2025-10-17T18:16:57.266Z","OFF_NETWORK","VLAN-93"
"STA-001","Detroit Assembly","Stamping","Quality Scanner","192.168.88.202","db:d6:4d:99:68:f1","Modbus TCP","2025-10-19T02:24:02.877Z","ON_NETWORK","VLAN-5"
"STA-003","Detroit Assembly","Stamping","Safety PLC","192.168.2.161","54:f4:d5:2a:7f:1e","Profinet","2025-10-18T23:01:17.295Z","ON_NETWORK","VLAN-91"
"STA-004","Detroit Assembly","Stamping","Vision System","192.168.89.62","a3:68:50:96:24:a2","Modbus TCP","2025-10-20T08:48:03.354Z","ON_NETWORK","VLAN-21"
"STA-005","Detroit Assembly","Stamping","Robot Controller","192.168.223.39","45:9f:ff:0d:6c:6e","Profinet","2025-10-22T10:16:02.943Z","ON_NETWORK","VLAN-57"
"STA-006","Detroit Assembly","Stamping","Paint Controller","192.168.36.76","51:f5:6e:4c:36:6e","Profinet","2025-10-20T14:11:18.344Z","ON_NETWORK","VLAN-53"
"STA-007","Detroit Assembly","Stamping","Welding Robot","192.168.46.5","dc:b3:3c:66:91:eb","Profinet","2025-10-22T20:05:23.044Z","OFF_NETWORK","VLAN-93"
"STA-008","Detroit Assembly","Stamping","Robot Controller","192.168.220.97","5d:8b:db:c5:44:80","Modbus TCP","2025-10-21T16:06:18.673Z","ON_NETWORK","VLAN-9"
"STA-009","Detroit Assembly","Stamping","Paint Robot","192.168.26.53","e0:1b:14:9b:c6:79","Profinet","2025-10-20T10:55:47.976Z","ON_NETWORK","VLAN-38"
"STA-010","Detroit Assembly","Stamping","SCADA System","192.168.204.184","47:56:36:02:41:b4","Profinet","2025-10-23T03:12:57.754Z","ON_NETWORK","VLAN-98"
"STA-011","Detroit Assembly","Stamping","Welding Controller","192.168.185.96","9d:75:75:97:18:4b","Modbus TCP","2025-10-23T12:11:02.459Z","ON_NETWORK","VLAN-55"
"STA-012","Detroit Assembly","Stamping","HMI Station","192.168.63.38","45:46:2f:04:11:5e","Ethernet/IP","2025-10-18T14:26:34.250Z","OFF_NETWORK","VLAN-54"
"STA-013","Detroit Assembly","Stamping","Assembly Robot","192.168.249.20","89:8b:b9:ea:5b:88","Ethernet/IP","2025-10-23T00:19:21.441Z","ON_NETWORK","VLAN-13"
"STA-014","Detroit Assembly","Stamping","Robot Controller","192.168.164.64","10:e0:16:f1:44:bf","Modbus TCP","2025-10-17T18:32:04.336Z","ON_NETWORK","VLAN-86"
"STA-015","Detroit Assembly","Stamping","Assembly Robot","192.168.226.70","90:81:28:99:17:3e","OPC UA","2025-10-18T20:26:39.859Z","ON_NETWORK","VLAN-37"
"STA-016","Detroit Assembly","Stamping","Safety PLC","192.168.142.67","89:42:c3:08:ab:c5","Ethernet/IP","2025-10-18T11:01:47.759Z","ON_NETWORK","VLAN-94"
"STA-018","Detroit Assembly","Stamping","HMI Station","192.168.224.122","e3:0d:51:e7:7b:62","Profinet","2025-10-17T21:09:22.607Z","ON_NETWORK","VLAN-13"
"STA-019","Detroit Assembly","Stamping","HMI Station","192.168.198.228","ff:b7:a9:91:4c:8c","Profinet","2025-10-20T16:14:31.967Z","ON_NETWORK","VLAN-46"
"STA-020","Detroit Assembly","Stamping","Robot Controller","192.168.39.248","97:8c:42:bd:6a:da","Modbus TCP","2025-10-23T01:21:10.800Z","ON_NETWORK","VLAN-70"
"STA-021","Detroit Assembly","Stamping","Quality Scanner","192.168.157.65","f4:05:78:38:f1:6f","OPC UA","2025-10-20T05:16:33.628Z","ON_NETWORK","VLAN-4"
"STA-023","Detroit Assembly","Stamping","Paint Robot","192.168.21.152","d3:b9:2a:02:98:10","Profinet","2025-10-23T20:18:49.678Z","ON_NETWORK","VLAN-52"
"STA-024","Detroit Assembly","Stamping","Robot Controller","192.168.208.233","e3:47:06:c7:f1:04","Modbus TCP","2025-10-18T03:59:04.356Z","ON_NETWORK","VLAN-57"
"STA-025","Detroit Assembly","Stamping","SCADA System","192.168.180.39","fc:49:76:7b:70:3f","OPC UA","2025-10-22T17:24:42.965Z","OFF_NETWORK","VLAN-68"
"STA-026","Detroit Assembly","Stamping","SCADA System","192.168.40.240","d3:e4:70:a0:85:c5","Profinet","2025-10-18T16:35:32.232Z","ON_NETWORK","VLAN-11"
"STA-027","Detroit Assembly","Stamping","Paint Controller","192.168.59.167","b0:1f:cf:c6:05:73","Profinet","2025-10-21T18:01:43.906Z","ON_NETWORK","VLAN-68"
"STA-028","Detroit Assembly","Stamping","HMI Station","192.168.195.33","ba:db:fd:d1:dd:ae","Profinet","2025-10-23T19:24:00.753Z","ON_NETWORK","VLAN-37"
"STA-029","Detroit Assembly","Stamping","Welding Controller","192.168.40.219","83:d5:f2:2e:26:dd","Ethernet/IP","2025-10-22T14:49:55.097Z","ON_NETWORK","VLAN-67"
"STA-030","Detroit Assembly","Stamping","Conveyor Controller","192.168.99.108","4e:90:2f:8d:be:b0","Profinet","2025-10-17T21:07:12.346Z","ON_NETWORK","VLAN-82"
"STA-031","Detroit Assembly","Stamping","HMI Station","192.168.17.2","dd:e3:ec:96:f1:af","Profinet","2025-10-22T20:20:45.674Z","ON_NETWORK","VLAN-24"
"STA-032","Detroit Assembly","Stamping","Welding Controller","192.168.80.226","88:38:27:2a:af:3d","Modbus TCP","2025-10-22T10:13:45.181Z","ON_NETWORK","VLAN-68"
"STA-033","Detroit Assembly","Stamping","HMI Station","192.168.91.247","37:44:34:d5:79:86","OPC UA","2025-10-21T21:10:07.797Z","ON_NETWORK","VLAN-16"
"STA-034","Detroit Assembly","Stamping","Welding Robot","192.168.115.179","28:3d:81:51:cf:6d","OPC UA","2025-10-24T06:28:21.489Z","ON_NETWORK","VLAN-68"
"STA-035","Detroit Assembly","Stamping","Welding Robot","192.168.178.106","1b:a8:e0:45:fa:b9","Profinet","2025-10-23T22:54:25.797Z","ON_NETWORK","VLAN-59"
"STA-038","Detroit Assembly","Stamping","Assembly Robot","192.168.102.78","3b:4f:e8:d9:31:72","Ethernet/IP","2025-10-19T13:00:23.026Z","ON_NETWORK","VLAN-34"
"STA-040","Detroit Assembly","Stamping","Paint Robot","192.168.129.69","28:6c:00:1a:a2:a7","Ethernet/IP","2025-10-18T17:47:14.648Z","ON_NETWORK","VLAN-52"
"STA-041","Detroit Assembly","Stamping","SCADA System","192.168.1.115","4e:cb:15:e9:ca:c1","Ethernet/IP","2025-10-18T10:17:19.767Z","ON_NETWORK","VLAN-96"
"STA-042","Detroit Assembly","Stamping","Paint Controller","192.168.74.43","bb:0b:3d:df:6a:c9","OPC UA","2025-10-18T06:57:40.177Z","OFF_NETWORK","VLAN-65"
"STA-045","Detroit Assembly","Stamping","Vision System","192.168.129.1","43:74:30:42:5d:eb","Ethernet/IP","2025-10-22T09:50:57.171Z","OFF_NETWORK","VLAN-25"
"STA-046","Detroit Assembly","Stamping","Quality Scanner","192.168.117.96","b0:ef:46:7f:ff:cd","Modbus TCP","2025-10-19T07:21:38.043Z","ON_NETWORK","VLAN-99"
"STA-047","Detroit Assembly","Stamping","SCADA System","192.168.153.80","1e:35:52:13:63:6a","Profinet","2025-10-19T21:24:44.209Z","ON_NETWORK","VLAN-5"
"STA-048","Detroit Assembly","Stamping","Conveyor Controller","192.168.163.226","e1:34:c4:d2:d9:92","Ethernet/IP","2025-10-19T01:43:02.840Z","ON_NETWORK","VLAN-25"
"STA-050","Detroit Assembly","Stamping","Conveyor Controller","192.168.25.245","60:70:fa:1a:ba:6f","OPC UA","2025-10-20T10:12:25.329Z","ON_NETWORK","VLAN-88"
"STA-051","Detroit Assembly","Stamping","Quality Scanner","192.168.79.92","75:2e:bf:42:a8:bd","Modbus TCP","2025-10-21T08:35:01.638Z","ON_NETWORK","VLAN-93"
"STA-052","Detroit Assembly","Stamping","Conveyor Controller","192.168.197.176","3e:7b:50:36:00:86","Ethernet/IP","2025-10-23T20:57:37.985Z","ON_NETWORK","VLAN-96"
"BOD-001","Kentucky Assembly","Body Shop","Robot Controller","192.168.59.155","5a:e9:b5:df:13:b2","Ethernet/IP","2025-10-19T14:19:23.389Z","ON_NETWORK","VLAN-45"
"BOD-002","Kentucky Assembly","Body Shop","Welding Controller","192.168.173.14","78:14:2d:e2:dd:50","OPC UA","2025-10-20T04:46:09.134Z","ON_NETWORK","VLAN-30"
"BOD-003","Kentucky Assembly","Body Shop","Conveyor Controller","192.168.189.50","a0:05:2b:11:e7:3d","Profinet","2025-10-19T12:46:59.451Z","ON_NETWORK","VLAN-48"
"BOD-005","Kentucky Assembly","Body Shop","Paint Controller","192.168.38.42","7a:cd:7e:1b:23:c8","Profinet","2025-10-20T17:28:38.205Z","ON_NETWORK","VLAN-23"
"BOD-006","Kentucky Assembly","Body Shop","Safety PLC","192.168.242.26","37:f4:6e:ca:ec:a0","Modbus TCP","2025-10-19T14:13:44.623Z","ON_NETWORK","VLAN-95"
"BOD-007","Kentucky Assembly","Body Shop","Safety PLC","192.168.108.76","2e:15:85:5e:ab:25","Profinet","2025-10-20T06:29:52.458Z","ON_NETWORK","VLAN-62"
"BOD-008","Kentucky Assembly","Body Shop","Safety PLC","192.168.50.5","7a:5d:cb:13:25:3d","Ethernet/IP","2025-10-18T01:11:25.522Z","ON_NETWORK","VLAN-26"
"BOD-009","Kentucky Assembly","Body Shop","Welding Controller","192.168.164.100","80:a3:b9:60:57:66","Ethernet/IP","2025-10-19T21:50:07.830Z","OFF_NETWORK","VLAN-86"
"BOD-010","Kentucky Assembly","Body Shop","Vision System","192.168.80.247","56:5a:25:01:02:45","Modbus TCP","2025-10-21T16:28:29.164Z","ON_NETWORK","VLAN-19"
"BOD-011","Kentucky Assembly","Body Shop","Paint Robot","192.168.48.183","97:52:47:8c:e6:22","Modbus TCP","2025-10-19T13:15:56.466Z","ON_NETWORK","VLAN-28"
"BOD-012","Kentucky Assembly","Body Shop","Conveyor Controller","192.168.164.150","7c:0b:42:57:b7:e2","Ethernet/IP","2025-10-19T06:03:11.706Z","ON_NETWORK","VLAN-39"
"BOD-014","Kentucky Assembly","Body Shop","Quality Scanner","192.168.136.252","35:e0:12:30:5b:65","OPC UA","2025-10-19T10:59:39.874Z","ON_NETWORK","VLAN-27"
"BOD-015","Kentucky Assembly","Body Shop","Conveyor Controller","192.168.8.47","6f:16:f0:40:c5:6f","OPC UA","2025-10-18T18:40:51.193Z","ON_NETWORK","VLAN-44"
"BOD-017","Kentucky Assembly","Body Shop","SCADA System","192.168.137.80","69:76:a9:ea:cc:47","OPC UA","2025-10-18T07:50:05.483Z","OFF_NETWORK","VLAN-49"
"BOD-018","Kentucky Assembly","Body Shop","HMI Station","192.168.14.17","3d:5f:0b:f5:d5:7f","Profinet","2025-10-23T02:26:32.982Z","ON_NETWORK","VLAN-85"
"BOD-019","Kentucky Assembly","Body Shop","HMI Station","192.168.143.64","e6:4d:e5:f3:5a:f0","Modbus TCP","2025-10-20T05:37:13.848Z","ON_NETWORK","VLAN-37"
"BOD-020","Kentucky Assembly","Body Shop","SCADA System","192.168.6.0","42:1f:7f:b1:e9:c2","Modbus TCP","2025-10-21T16:22:45.926Z","ON_NETWORK","VLAN-91"
"BOD-021","Kentucky Assembly","Body Shop","Welding Controller","192.168.193.50","00:e2:37:b1:c7:b4","Profinet","2025-10-24T15:37:12.404Z","ON_NETWORK","VLAN-90"
"BOD-026","Kentucky Assembly","Body Shop","Conveyor Controller","192.168.40.39","be:74:74:f9:85:3a","Profinet","2025-10-19T18:30:32.929Z","ON_NETWORK","VLAN-84"
"BOD-027","Kentucky Assembly","Body Shop","Robot Controller","192.168.176.131","d4:c8:23:5d:27:1b","Modbus TCP","2025-10-24T01:27:30.689Z","ON_NETWORK","VLAN-79"
"PAI-001","Kentucky Assembly","Paint Shop","SCADA System","192.168.85.61","0b:a0:a7:7a:a2:c5","Ethernet/IP","2025-10-23T04:52:40.095Z","OFF_NETWORK","VLAN-40"
"PAI-002","Kentucky Assembly","Paint Shop","Welding Robot","192.168.171.145","c5:e2:8a:b3:39:30","OPC UA","2025-10-18T05:57:02.333Z","ON_NETWORK","VLAN-85"
"PAI-003","Kentucky Assembly","Paint Shop","Welding Robot","192.168.233.237","d0:0d:82:01:5c:62","Ethernet/IP","2025-10-23T00:09:26.881Z","ON_NETWORK","VLAN-17"
"PAI-004","Kentucky Assembly","Paint Shop","Welding Controller","192.168.37.175","2d:0e:76:67:54:c3","Profinet","2025-10-18T18:14:44.703Z","ON_NETWORK","VLAN-30"
"PAI-005","Kentucky Assembly","Paint Shop","Safety PLC","192.168.92.38","3d:49:73:15:51:f1","OPC UA","2025-10-18T00:23:47.116Z","ON_NETWORK","VLAN-59"
"PAI-006","Kentucky Assembly","Paint Shop","HMI Station","192.168.108.191","c5:0a:1c:4d:35:3d","Ethernet/IP","2025-10-22T14:05:00.280Z","ON_NETWORK","VLAN-47"
"PAI-007","Kentucky Assembly","Paint Shop","Paint Controller","192.168.13.150","73:e3:08:b4:2f:00","OPC UA","2025-10-22T20:20:24.388Z","ON_NETWORK","VLAN-43"
"PAI-008","Kentucky Assembly","Paint Shop","SCADA System","192.168.180.230","6c:4d:0e:86:ae:ad","Profinet","2025-10-20T11:21:05.907Z","ON_NETWORK","VLAN-98"
"PAI-009","Kentucky Assembly","Paint Shop","Conveyor Controller","192.168.43.86","c8:51:43:65:6c:e4","OPC UA","2025-10-20T05:35:29.504Z","ON_NETWORK","VLAN-18"
"PAI-010","Kentucky Assembly","Paint Shop","Conveyor Controller","192.168.135.167","6b:cf:3c:60:d4:20","Profinet","2025-10-23T01:27:42.448Z","ON_NETWORK","VLAN-36"
"PAI-012","Kentucky Assembly","Paint Shop","Conveyor Controller","192.168.221.21","14:86:2a:3c:ee:2f","OPC UA","2025-10-18T19:57:15.401Z","ON_NETWORK","VLAN-75"
"PAI-013","Kentucky Assembly","Paint Shop","Conveyor Controller","192.168.217.150","c4:a6:29:56:50:8d","Profinet","2025-10-19T06:20:13.947Z","ON_NETWORK","VLAN-87"
"PAI-015","Kentucky Assembly","Paint Shop","Quality Scanner","192.168.204.106","52:25:b3:86:8c:5b","OPC UA","2025-10-24T14:27:10.150Z","ON_NETWORK","VLAN-76"
"PAI-016","Kentucky Assembly","Paint Shop","Robot Controller","192.168.149.112","62:89:77:00:cb:eb","Profinet","2025-10-21T14:59:26.286Z","ON_NETWORK","VLAN-3"
"PAI-017","Kentucky Assembly","Paint Shop","Paint Robot","192.168.71.217","c5:c3:d2:85:8f:ae","Profinet","2025-10-19T06:25:34.059Z","ON_NETWORK","VLAN-43"
"PAI-018","Kentucky Assembly","Paint Shop","Paint Controller","192.168.84.199","25:0f:b1:cb:00:02","Modbus TCP","2025-10-22T06:54:42.483Z","ON_NETWORK","VLAN-35"
"PAI-019","Kentucky Assembly","Paint Shop","Welding Robot","192.168.99.154","7f:c3:78:e4:e1:32","OPC UA","2025-10-24T15:46:37.808Z","OFF_NETWORK","VLAN-43"
"PAI-020","Kentucky Assembly","Paint Shop","SCADA System","192.168.17.50","10:c1:64:db:90:50","Modbus TCP","2025-10-20T04:09:15.730Z","ON_NETWORK","VLAN-55"
"PAI-021","Kentucky Assembly","Paint Shop","Paint Controller","192.168.85.5","62:a5:34:5b:c0:5a","Modbus TCP","2025-10-19T07:32:19.034Z","ON_NETWORK","VLAN-8"
"PAI-022","Kentucky Assembly","Paint Shop","Safety PLC","192.168.36.53","06:16:22:41:6e:e8","Profinet","2025-10-24T01:59:37.066Z","ON_NETWORK","VLAN-29"
"PAI-023","Kentucky Assembly","Paint Shop","Quality Scanner","192.168.154.91","1a:a1:27:27:5b:4e","Profinet","2025-10-18T04:37:57.719Z","ON_NETWORK","VLAN-44"
"PAI-024","Kentucky Assembly","Paint Shop","Paint Robot","192.168.166.8","c1:09:a1:38:ac:4f","Ethernet/IP","2025-10-21T20:31:55.652Z","ON_NETWORK","VLAN-36"
"PAI-025","Kentucky Assembly","Paint Shop","Welding Robot","192.168.252.225","dd:22:32:94:68:a8","Modbus TCP","2025-10-18T21:41:46.604Z","ON_NETWORK","VLAN-98"
"PAI-026","Kentucky Assembly","Paint Shop","Welding Robot","192.168.55.75","30:20:6c:a4:3a:2c","Modbus TCP","2025-10-24T15:25:23.909Z","ON_NETWORK","VLAN-27"
"PAI-028","Kentucky Assembly","Paint Shop","Vision System","192.168.231.90","cc:04:fb:96:3a:af","Modbus TCP","2025-10-18T18:13:46.550Z","OFF_NETWORK","VLAN-7"
"PAI-031","Kentucky Assembly","Paint Shop","Quality Scanner","192.168.151.176","ee:ed:60:3c:44:de","Profinet","2025-10-24T12:21:03.788Z","ON_NETWORK","VLAN-4"
"ASS-001","Kentucky Assembly","Assembly Line","Welding Robot","192.168.81.44","6d:4b:63:c4:1e:e5","Modbus TCP","2025-10-18T05:45:40.146Z","ON_NETWORK","VLAN-91"
"ASS-002","Kentucky Assembly","Assembly Line","Robot Controller","192.168.220.118","27:8f:74:9e:ad:ad","Ethernet/IP","2025-10-19T13:34:36.961Z","ON_NETWORK","VLAN-22"
"ASS-003","Kentucky Assembly","Assembly Line","Welding Robot","192.168.117.31","fe:1d:56:90:03:cc","Profinet","2025-10-21T17:26:03.082Z","ON_NETWORK","VLAN-2"
"ASS-004","Kentucky Assembly","Assembly Line","Conveyor Controller","192.168.31.178","fa:d5:04:37:da:34","Modbus TCP","2025-10-21T09:00:00.310Z","OFF_NETWORK","VLAN-1"
"ASS-005","Kentucky Assembly","Assembly Line","Safety PLC","192.168.130.112","3c:49:ef:c2:0b:98","Ethernet/IP","2025-10-23T16:19:23.676Z","ON_NETWORK","VLAN-98"
"ASS-006","Kentucky Assembly","Assembly Line","Conveyor Controller","192.168.43.49","6c:57:d4:b3:f8:a3","Ethernet/IP","2025-10-21T17:01:13.492Z","ON_NETWORK","VLAN-53"
"ASS-007","Kentucky Assembly","Assembly Line","Vision System","192.168.184.74","95:f2:27:fe:1a:70","Ethernet/IP","2025-10-17T21:34:36.753Z","ON_NETWORK","VLAN-52"
"ASS-008","Kentucky Assembly","Assembly Line","Conveyor Controller","192.168.185.244","b9:01:b7:e4:b1:09","Profinet","2025-10-24T04:03:12.872Z","ON_NETWORK","VLAN-6"
"ASS-010","Kentucky Assembly","Assembly Line","Paint Robot","192.168.147.82","cf:1a:35:78:51:5c","Profinet","2025-10-18T23:04:58.884Z","ON_NETWORK","VLAN-53"
"ASS-013","Kentucky Assembly","Assembly Line","Paint Controller","192.168.128.184","61:48:b6:24:0f:b3","Modbus TCP","2025-10-22T20:23:39.745Z","ON_NETWORK","VLAN-77"
"ASS-014","Kentucky Assembly","Assembly Line","Robot Controller","192.168.221.161","09:e5:f6:0a:35:bd","Profinet","2025-10-21T21:59:42.680Z","ON_NETWORK","VLAN-47"
"ASS-015","Kentucky Assembly","Assembly Line","Quality Scanner","192.168.92.61","ea:a2:64:1b:21:38","Modbus TCP","2025-10-22T12:44:12.191Z","ON_NETWORK","VLAN-89"
"ASS-016","Kentucky Assembly","Assembly Line","Paint Controller","192.168.74.9","18:93:ed:7b:4b:35","OPC UA","2025-10-18T17:32:58.051Z","ON_NETWORK","VLAN-33"
"ASS-018","Kentucky Assembly","Assembly Line","Paint Robot","192.168.48.232","20:ab:9f:0b:99:36","Modbus TCP","2025-10-21T23:13:35.455Z","ON_NETWORK","VLAN-47"
"ASS-019","Kentucky Assembly","Assembly Line","Vision System","192.168.163.188","01:29:f7:b9:7e:96","Modbus TCP","2025-10-19T03:05:04.073Z","ON_NETWORK","VLAN-20"
"ASS-020","Kentucky Assembly","Assembly Line","Paint Controller","192.168.52.136","33:1b:3b:bb:a6:01","OPC UA","2025-10-22T03:20:15.106Z","OFF_NETWORK","VLAN-30"
"ASS-021","Kentucky Assembly","Assembly Line","SCADA System","192.168.54.196","b3:e0:31:cc:94:66","OPC UA","2025-10-21T07:42:38.891Z","ON_NETWORK","VLAN-81"
"ASS-022","Kentucky Assembly","Assembly Line","Conveyor Controller","192.168.134.34","a0:18:05:70:7c:b7","OPC UA","2025-10-20T18:59:15.042Z","ON_NETWORK","VLAN-40"
"ASS-023","Kentucky Assembly","Assembly Line","HMI Station","192.168.123.220","83:02:38:a6:0c:09","Ethernet/IP","2025-10-20T13:52:20.836Z","ON_NETWORK","VLAN-29"
"ASS-025","Kentucky Assembly","Assembly Line","Robot Controller","192.168.3.2","04:d3:71:7e:14:94","OPC UA","2025-10-21T21:11:30.631Z","ON_NETWORK","VLAN-87"
"ASS-026","Kentucky Assembly","Assembly Line","HMI Station","192.168.99.64","00:85:bd:af:d3:0d","OPC UA","2025-10-19T04:08:04.656Z","ON_NETWORK","VLAN-100"
"ASS-028","Kentucky Assembly","Assembly Line","SCADA System","192.168.216.7","9e:c4:1d:88:92:62","Modbus TCP","2025-10-22T01:52:53.922Z","OFF_NETWORK","VLAN-37"
"ASS-029","Kentucky Assembly","Assembly Line","Assembly Robot","192.168.251.222","20:45:1e:e6:26:b4","OPC UA","2025-10-19T10:33:05.642Z","ON_NETWORK","VLAN-87"
"ASS-030","Kentucky Assembly","Assembly Line","HMI Station","192.168.112.187","96:d7:1e:1b:b9:c4","Profinet","2025-10-23T00:43:39.803Z","ON_NETWORK","VLAN-43"
"ASS-032","Kentucky Assembly","Assembly Line","Vision System","192.168.241.210","4f:b6:be:e3:17:af","Profinet","2025-10-18T07:47:48.679Z","ON_NETWORK","VLAN-15"
"ASS-033","Kentucky Assembly","Assembly Line","Conveyor Controller","192.168.155.234","1b:dd:ab:8d:c3:7c","Ethernet/IP","2025-10-19T05:22:09.390Z","ON_NETWORK","VLAN-90"
"POW-002","Kentucky Assembly","Powertrain","Paint Controller","192.168.110.111","90:4f:16:ca:7a:46","Profinet","2025-10-20T08:55:16.788Z","ON_NETWORK","VLAN-23"
"POW-004","Kentucky Assembly","Powertrain","Conveyor Controller","192.168.246.219","5a:59:61:83:ba:9a","Ethernet/IP","2025-10-21T17:45:13.568Z","ON_NETWORK","VLAN-90"
"POW-005","Kentucky Assembly","Powertrain","Assembly Robot","192.168.221.178","75:f2:4a:5c:9f:0f","Profinet","2025-10-18T03:40:25.518Z","ON_NETWORK","VLAN-20"
"POW-008","Kentucky Assembly","Powertrain","Paint Controller","192.168.191.152","18:d5:b1:c0:03:5e","Profinet","2025-10-24T11:23:37.123Z","ON_NETWORK","VLAN-7"
"POW-009","Kentucky Assembly","Powertrain","Welding Robot","192.168.150.54","98:87:04:aa:79:8a","OPC UA","2025-10-18T06:06:31.860Z","ON_NETWORK","VLAN-62"
"POW-010","Kentucky Assembly","Powertrain","Robot Controller","192.168.238.68","3c:ed:a0:35:8c:4a","Ethernet/IP","2025-10-19T03:53:49.263Z","ON_NETWORK","VLAN-47"
"POW-016","Kentucky Assembly","Powertrain","Assembly Robot","192.168.49.74","44:79:9d:3d:9a:22","Profinet","2025-10-21T00:34:23.239Z","ON_NETWORK","VLAN-84"
"POW-017","Kentucky Assembly","Powertrain","Quality Scanner","192.168.36.131","2b:26:c3:06:65:49","OPC UA","2025-10-24T05:00:43.473Z","ON_NETWORK","VLAN-98"
"POW-018","Kentucky Assembly","Powertrain","Quality Scanner","192.168.123.205","c5:60:01:5f:cd:93","Ethernet/IP","2025-10-17T18:26:40.574Z","ON_NETWORK","VLAN-64"
"POW-020","Kentucky Assembly","Powertrain","Welding Robot","192.168.163.169","4a:5e:60:bc:0a:74","Profinet","2025-10-20T09:39:25.226Z","ON_NETWORK","VLAN-99"
"QUA-001","Kentucky Assembly","Quality Control","Conveyor Controller","192.168.174.254","95:84:2b:29:e8:db","Ethernet/IP","2025-10-18T22:05:24.104Z","OFF_NETWORK","VLAN-27"
"QUA-002","Kentucky Assembly","Quality Control","Paint Robot","192.168.114.76","ca:e5:5a:7b:92:fd","Ethernet/IP","2025-10-21T21:22:07.718Z","ON_NETWORK","VLAN-78"
"QUA-003","Kentucky Assembly","Quality Control","Conveyor Controller","192.168.164.133","5b:7e:57:97:e8:a4","Profinet","2025-10-23T09:09:08.174Z","ON_NETWORK","VLAN-57"
"QUA-004","Kentucky Assembly","Quality Control","Welding Robot","192.168.96.182","d9:ba:07:82:12:8a","Profinet","2025-10-19T03:49:28.552Z","ON_NETWORK","VLAN-47"
"QUA-005","Kentucky Assembly","Quality Control","Welding Controller","192.168.130.141","74:24:1e:75:c0:a6","Ethernet/IP","2025-10-20T06:31:58.466Z","ON_NETWORK","VLAN-100"
"QUA-006","Kentucky Assembly","Quality Control","Welding Robot","192.168.208.144","cd:bd:a3:7a:29:c8","Modbus TCP","2025-10-20T10:33:48.070Z","ON_NETWORK","VLAN-2"
"QUA-008","Kentucky Assembly","Quality Control","Paint Robot","192.168.224.28","2b:77:23:f5:a1:7e","Modbus TCP","2025-10-22T05:42:21.632Z","ON_NETWORK","VLAN-63"
"QUA-010","Kentucky Assembly","Quality Control","Vision System","192.168.202.65","6b:ee:66:3b:07:2b","Modbus TCP","2025-10-21T19:38:48.488Z","ON_NETWORK","VLAN-7"
"QUA-011","Kentucky Assembly","Quality Control","Vision System","192.168.123.124","c4:52:18:9d:30:af","Profinet","2025-10-21T23:51:03.474Z","ON_NETWORK","VLAN-67"
"QUA-012","Kentucky Assembly","Quality Control","Vision System","192.168.135.190","0e:d5:92:2d:38:26","Ethernet/IP","2025-10-22T06:50:01.390Z","ON_NETWORK","VLAN-6"
"QUA-013","Kentucky Assembly","Quality Control","Welding Robot","192.168.147.232","5c:9d:63:da:57:7a","Modbus TCP","2025-10-19T11:20:03.647Z","OFF_NETWORK","VLAN-39"
"QUA-016","Kentucky Assembly","Quality Control","Conveyor Controller","192.168.191.239","0e:6a:8d:05:78:a7","Modbus TCP","2025-10-20T21:09:35.321Z","ON_NETWORK","VLAN-89"
"QUA-017","Kentucky Assembly","Quality Control","Welding Controller","192.168.121.171","a5:d0:22:a2:4a:22","Modbus TCP","2025-10-21T19:57:34.447Z","ON_NETWORK","VLAN-89"
"QUA-018","Kentucky Assembly","Quality Control","Vision System","192.168.54.52","aa:57:42:cb:a4:2b","Profinet","2025-10-23T19:21:39.262Z","ON_NETWORK","VLAN-5"
"QUA-020","Kentucky Assembly","Quality Control","Welding Robot","192.168.176.229","68:cb:f5:2b:e3:f8","Ethernet/IP","2025-10-17T19:34:41.208Z","ON_NETWORK","VLAN-25"
"QUA-021","Kentucky Assembly","Quality Control","Vision System","192.168.134.142","f5:6f:b1:46:dc:6c","Profinet","2025-10-19T07:22:47.186Z","ON_NETWORK","VLAN-86"
"QUA-022","Kentucky Assembly","Quality Control","Welding Robot","192.168.196.133","49:87:31:c0:c9:6a","OPC UA","2025-10-18T18:27:31.925Z","OFF_NETWORK","VLAN-20"
"QUA-023","Kentucky Assembly","Quality Control","Assembly Robot","192.168.94.101","6a:4e:9a:2e:47:93","Profinet","2025-10-22T15:53:28.678Z","ON_NETWORK","VLAN-81"
"QUA-025","Kentucky Assembly","Quality Control","Quality Scanner","192.168.229.226","c7:02:36:ae:53:6f","Modbus TCP","2025-10-21T12:59:31.352Z","ON_NETWORK","VLAN-8"
"STA-001","Kentucky Assembly","Stamping","Conveyor Controller","192.168.95.87","68:c0:10:51:7f:64","OPC UA","2025-10-20T16:06:50.139Z","ON_NETWORK","VLAN-74"
"STA-005","Kentucky Assembly","Stamping","Assembly Robot","192.168.147.138","04:9b:43:ba:e7:6f","Modbus TCP","2025-10-21T00:57:39.358Z","OFF_NETWORK","VLAN-63"
"STA-006","Kentucky Assembly","Stamping","HMI Station","192.168.207.107","cd:97:5b:69:57:57","OPC UA","2025-10-24T08:09:16.693Z","ON_NETWORK","VLAN-52"
"STA-007","Kentucky Assembly","Stamping","Vision System","192.168.72.143","0a:a8:e0:4a:f8:8f","OPC UA","2025-10-20T16:59:18.091Z","ON_NETWORK","VLAN-31"
"STA-008","Kentucky Assembly","Stamping","Assembly Robot","192.168.192.241","54:6e:6b:91:63:bf","OPC UA","2025-10-22T08:19:33.976Z","ON_NETWORK","VLAN-76"
"STA-009","Kentucky Assembly","Stamping","HMI Station","192.168.123.249","95:63:e4:29:a7:be","OPC UA","2025-10-21T15:55:29.709Z","ON_NETWORK","VLAN-89"
"STA-010","Kentucky Assembly","Stamping","Quality Scanner","192.168.69.131","9f:f7:bd:c7:76:6e","Modbus TCP","2025-10-20T20:30:56.812Z","ON_NETWORK","VLAN-80"
"STA-011","Kentucky Assembly","Stamping","Conveyor Controller","192.168.4.18","fc:99:9d:b8:28:6d","Modbus TCP","2025-10-22T03:26:26.373Z","ON_NETWORK","VLAN-73"
"STA-012","Kentucky Assembly","Stamping","HMI Station","192.168.21.156","22:f5:bc:c4:2e:c3","Ethernet/IP","2025-10-18T13:33:02.700Z","ON_NETWORK","VLAN-36"
"STA-013","Kentucky Assembly","Stamping","Conveyor Controller","192.168.81.216","8c:2e:a9:36:48:96","Modbus TCP","2025-10-22T20:22:52.528Z","ON_NETWORK","VLAN-61"
"STA-015","Kentucky Assembly","Stamping","Quality Scanner","192.168.184.179","a4:3f:4a:f2:19:48","Modbus TCP","2025-10-18T15:32:02.884Z","ON_NETWORK","VLAN-31"
"STA-016","Kentucky Assembly","Stamping","Robot Controller","192.168.231.174","66:39:28:98:70:eb","Modbus TCP","2025-10-17T20:00:28.376Z","ON_NETWORK","VLAN-68"
"STA-017","Kentucky Assembly","Stamping","Vision System","192.168.123.152","6b:81:de:5c:48:0f","Modbus TCP","2025-10-22T02:36:17.857Z","ON_NETWORK","VLAN-12"
"STA-019","Kentucky Assembly","Stamping","Paint Controller","192.168.114.198","a1:f7:fc:40:22:43","Modbus TCP","2025-10-17T23:37:50.183Z","ON_NETWORK","VLAN-73"
"STA-020","Kentucky Assembly","Stamping","Paint Robot","192.168.146.159","f9:b2:4d:b8:b6:30","Ethernet/IP","2025-10-20T18:03:03.667Z","ON_NETWORK","VLAN-1"
"STA-021","Kentucky Assembly","Stamping","Welding Robot","192.168.163.179","f5:02:d6:db:39:fe","Ethernet/IP","2025-10-18T20:59:39.571Z","ON_NETWORK","VLAN-5"
"STA-022","Kentucky Assembly","Stamping","Paint Controller","192.168.118.219","b1:18:eb:e7:f1:d9","Modbus TCP","2025-10-19T00:09:09.918Z","ON_NETWORK","VLAN-35"
"STA-023","Kentucky Assembly","Stamping","Assembly Robot","192.168.5.169","37:14:e7:90:7e:48","OPC UA","2025-10-19T08:28:52.050Z","ON_NETWORK","VLAN-79"
"STA-024","Kentucky Assembly","Stamping","Welding Controller","192.168.176.3","bc:cb:b4:50:c2:21","OPC UA","2025-10-22T06:53:06.139Z","ON_NETWORK","VLAN-57"
"STA-025","Kentucky Assembly","Stamping","Quality Scanner","192.168.249.58","e9:15:0f:48:ae:d6","OPC UA","2025-10-24T01:53:05.520Z","ON_NETWORK","VLAN-48"
"STA-026","Kentucky Assembly","Stamping","Quality Scanner","192.168.117.130","16:f1:52:95:09:5c","Modbus TCP","2025-10-21T04:43:42.959Z","ON_NETWORK","VLAN-70"
"STA-027","Kentucky Assembly","Stamping","Quality Scanner","192.168.230.159","61:cf:cf:6f:6d:cd","OPC UA","2025-10-22T14:21:16.457Z","ON_NETWORK","VLAN-18"
"STA-029","Kentucky Assembly","Stamping","Robot Controller","192.168.122.109","21:cd:39:56:85:70","OPC UA","2025-10-19T23:16:15.974Z","ON_NETWORK","VLAN-47"
"STA-030","Kentucky Assembly","Stamping","Robot Controller","192.168.47.136","08:43:0f:4e:10:a7","Ethernet/IP","2025-10-22T01:20:21.189Z","ON_NETWORK","VLAN-75"
"STA-031","Kentucky Assembly","Stamping","Safety PLC","192.168.173.181","24:05:00:25:f3:1a","Profinet","2025-10-18T06:09:51.171Z","ON_NETWORK","VLAN-18"
"STA-032","Kentucky Assembly","Stamping","Welding Controller","192.168.223.220","d0:92:d4:7f:b0:84","OPC UA","2025-10-18T10:50:51.648Z","ON_NETWORK","VLAN-58"
"STA-033","Kentucky Assembly","Stamping","SCADA System","192.168.220.132","f7:6e:e7:f6:bd:b5","Modbus TCP","2025-10-23T03:11:14.540Z","ON_NETWORK","VLAN-66"
"STA-034","Kentucky Assembly","Stamping","Conveyor Controller","192.168.191.224","f3:f4:07:37:0c:2f","Profinet","2025-10-22T00:06:57.495Z","ON_NETWORK","VLAN-20"
"STA-035","Kentucky Assembly","Stamping","Conveyor Controller","192.168.30.122","38:7c:c1:88:cf:80","OPC UA","2025-10-21T03:50:52.752Z","ON_NETWORK","VLAN-96"
"STA-036","Kentucky Assembly","Stamping","Safety PLC","192.168.126.159","06:7c:7d:73:28:ee","Modbus TCP","2025-10-24T07:58:32.489Z","ON_NETWORK","VLAN-36"
"BOD-001","Texas Assembly","Body Shop","Welding Controller","192.168.227.115","82:61:a8:c5:d1:48","Profinet","2025-10-24T00:40:15.045Z","ON_NETWORK","VLAN-47"
"BOD-003","Texas Assembly","Body Shop","SCADA System","192.168.88.210","15:d9:2e:ca:d9:0c","Profinet","2025-10-21T10:10:13.441Z","ON_NETWORK","VLAN-84"
"BOD-004","Texas Assembly","Body Shop","Robot Controller","192.168.115.237","ef:94:a4:be:5c:2e","OPC UA","2025-10-23T22:34:03.103Z","ON_NETWORK","VLAN-10"
"BOD-005","Texas Assembly","Body Shop","Welding Controller","192.168.128.172","5d:0f:07:16:2d:ea","Profinet","2025-10-18T14:54:54.413Z","ON_NETWORK","VLAN-44"
"BOD-008","Texas Assembly","Body Shop","Vision System","192.168.32.188","53:21:50:88:88:94","OPC UA","2025-10-17T19:35:46.733Z","ON_NETWORK","VLAN-56"
"BOD-009","Texas Assembly","Body Shop","Paint Robot","192.168.246.250","1a:06:29:cf:ff:8f","Ethernet/IP","2025-10-23T07:57:37.805Z","OFF_NETWORK","VLAN-52"
"BOD-010","Texas Assembly","Body Shop","Robot Controller","192.168.175.92","46:86:22:7b:6e:0d","Ethernet/IP","2025-10-18T20:53:58.317Z","ON_NETWORK","VLAN-5"
"BOD-011","Texas Assembly","Body Shop","Welding Controller","192.168.212.13","53:6a:5c:fa:02:66","Ethernet/IP","2025-10-22T13:19:10.967Z","ON_NETWORK","VLAN-67"
"BOD-012","Texas Assembly","Body Shop","Safety PLC","192.168.111.56","67:e6:56:14:c3:59","Ethernet/IP","2025-10-18T01:48:29.724Z","ON_NETWORK","VLAN-90"
"BOD-013","Texas Assembly","Body Shop","Paint Robot","192.168.248.63","be:2f:30:20:84:62","Profinet","2025-10-21T02:37:19.171Z","ON_NETWORK","VLAN-87"
"BOD-014","Texas Assembly","Body Shop","Robot Controller","192.168.146.128","7d:39:37:c0:4e:48","Modbus TCP","2025-10-21T22:26:30.553Z","ON_NETWORK","VLAN-20"
"BOD-015","Texas Assembly","Body Shop","Paint Controller","192.168.215.219","cc:f8:4c:7c:65:de","Ethernet/IP","2025-10-18T19:39:41.816Z","ON_NETWORK","VLAN-38"
"BOD-016","Texas Assembly","Body Shop","Welding Robot","192.168.131.83","8c:f8:7e:51:56:34","Modbus TCP","2025-10-21T19:29:07.025Z","OFF_NETWORK","VLAN-98"
"BOD-017","Texas Assembly","Body Shop","Assembly Robot","192.168.210.125","75:7b:19:bf:1c:07","Profinet","2025-10-22T17:57:53.568Z","ON_NETWORK","VLAN-69"
"BOD-018","Texas Assembly","Body Shop","Conveyor Controller","192.168.180.66","46:12:4d:8e:41:52","Ethernet/IP","2025-10-21T16:36:54.538Z","ON_NETWORK","VLAN-78"
"BOD-020","Texas Assembly","Body Shop","Assembly Robot","192.168.10.129","3c:50:cb:52:e0:4d","Modbus TCP","2025-10-22T00:05:26.142Z","ON_NETWORK","VLAN-16"
"BOD-021","Texas Assembly","Body Shop","Assembly Robot","192.168.232.251","81:5b:15:ab:82:13","Profinet","2025-10-19T05:39:46.954Z","OFF_NETWORK","VLAN-60"
"BOD-022","Texas Assembly","Body Shop","Paint Robot","192.168.149.178","98:e0:c5:c1:df:f1","Ethernet/IP","2025-10-22T12:10:56.498Z","ON_NETWORK","VLAN-93"
"BOD-023","Texas Assembly","Body Shop","Quality Scanner","192.168.49.152","66:ca:47:4b:39:99","Modbus TCP","2025-10-22T16:27:22.665Z","ON_NETWORK","VLAN-38"
"BOD-024","Texas Assembly","Body Shop","Quality Scanner","192.168.192.229","76:33:7a:19:fa:e3","OPC UA","2025-10-19T00:33:41.512Z","ON_NETWORK","VLAN-15"
"BOD-025","Texas Assembly","Body Shop","HMI Station","192.168.248.87","d9:8e:04:7a:c7:8f","Profinet","2025-10-19T06:05:05.366Z","ON_NETWORK","VLAN-44"
"BOD-026","Texas Assembly","Body Shop","Paint Controller","192.168.81.235","16:0f:e9:fb:97:14","Modbus TCP","2025-10-18T18:34:58.160Z","OFF_NETWORK","VLAN-100"
"BOD-027","Texas Assembly","Body Shop","Paint Controller","192.168.146.81","9b:87:ad:fd:37:db","Profinet","2025-10-24T15:48:04.514Z","ON_NETWORK","VLAN-32"
"BOD-029","Texas Assembly","Body Shop","Paint Robot","192.168.60.190","78:b9:9d:49:41:c7","OPC UA","2025-10-18T04:46:36.485Z","OFF_NETWORK","VLAN-49"
"BOD-032","Texas Assembly","Body Shop","Paint Robot","192.168.119.70","d0:4d:8f:83:77:cc","OPC UA","2025-10-20T15:14:19.712Z","ON_NETWORK","VLAN-12"
"BOD-034","Texas Assembly","Body Shop","Robot Controller","192.168.105.202","dd:50:4a:6e:d2:65","Modbus TCP","2025-10-18T20:15:46.244Z","OFF_NETWORK","VLAN-77"
"BOD-036","Texas Assembly","Body Shop","Paint Controller","192.168.86.58","5e:7f:24:91:0e:39","OPC UA","2025-10-23T01:53:30.810Z","OFF_NETWORK","VLAN-7"
"BOD-039","Texas Assembly","Body Shop","Welding Robot","192.168.205.50","42:e4:91:1d:fa:00","Ethernet/IP","2025-10-24T17:34:40.379Z","ON_NETWORK","VLAN-90"
"BOD-043","Texas Assembly","Body Shop","Assembly Robot","192.168.11.253","83:26:0e:b2:61:85","Ethernet/IP","2025-10-20T16:38:50.375Z","OFF_NETWORK","VLAN-94"
"BOD-045","Texas Assembly","Body Shop","Paint Controller","192.168.112.207","98:b1:e4:58:22:b5","Profinet","2025-10-19T05:02:56.318Z","OFF_NETWORK","VLAN-81"
"BOD-046","Texas Assembly","Body Shop","HMI Station","192.168.63.52","d1:60:f8:fe:75:52","Profinet","2025-10-22T07:12:02.192Z","ON_NETWORK","VLAN-6"
"BOD-048","Texas Assembly","Body Shop","Paint Controller","192.168.20.140","44:f7:bf:b1:06:ec","Modbus TCP","2025-10-19T17:52:29.801Z","ON_NETWORK","VLAN-22"
"BOD-049","Texas Assembly","Body Shop","Conveyor Controller","192.168.160.28","5b:87:d2:b5:bf:72","OPC UA","2025-10-21T15:57:55.584Z","ON_NETWORK","VLAN-25"
"BOD-050","Texas Assembly","Body Shop","Paint Robot","192.168.214.104","11:83:91:9f:1b:49","Profinet","2025-10-20T09:05:07.413Z","ON_NETWORK","VLAN-65"
"BOD-051","Texas Assembly","Body Shop","Safety PLC","192.168.1.91","d0:4a:a0:9c:eb:da","Profinet","2025-10-21T05:22:27.969Z","ON_NETWORK","VLAN-19"
"BOD-052","Texas Assembly","Body Shop","Welding Robot","192.168.138.96","d5:15:32:ef:61:96","Profinet","2025-10-23T01:14:44.621Z","ON_NETWORK","VLAN-46"
"BOD-053","Texas Assembly","Body Shop","SCADA System","192.168.122.175","3d:50:75:4d:9f:aa","OPC UA","2025-10-20T01:18:28.912Z","ON_NETWORK","VLAN-28"
"BOD-054","Texas Assembly","Body Shop","Quality Scanner","192.168.106.117","c9:ca:82:81:8f:e7","Ethernet/IP","2025-10-19T04:52:26.875Z","OFF_NETWORK","VLAN-78"
"BOD-055","Texas Assembly","Body Shop","Assembly Robot","192.168.206.184","a9:11:4a:52:63:26","Profinet","2025-10-19T22:11:15.917Z","ON_NETWORK","VLAN-73"
"BOD-056","Texas Assembly","Body Shop","Paint Controller","192.168.120.44","ff:2e:8f:7a:9a:e5","Modbus TCP","2025-10-24T01:25:23.167Z","ON_NETWORK","VLAN-51"
"BOD-057","Texas Assembly","Body Shop","HMI Station","192.168.147.243","6c:2e:e7:46:03:ab","Modbus TCP","2025-10-18T07:55:39.509Z","OFF_NETWORK","VLAN-47"
"BOD-058","Texas Assembly","Body Shop","Paint Robot","192.168.23.201","cd:bc:a6:65:47:68","Ethernet/IP","2025-10-22T04:45:13.146Z","ON_NETWORK","VLAN-70"
"BOD-059","Texas Assembly","Body Shop","Robot Controller","192.168.168.213","64:e1:22:0f:5a:a4","Profinet","2025-10-24T12:35:36.478Z","OFF_NETWORK","VLAN-5"
"BOD-062","Texas Assembly","Body Shop","Paint Controller","192.168.87.218","21:8e:68:20:93:23","Profinet","2025-10-18T23:37:50.596Z","ON_NETWORK","VLAN-93"
"BOD-063","Texas Assembly","Body Shop","SCADA System","192.168.143.136","dc:d1:50:45:b2:76","Profinet","2025-10-20T16:04:56.791Z","OFF_NETWORK","VLAN-5"
"BOD-064","Texas Assembly","Body Shop","Quality Scanner","192.168.50.79","66:86:be:41:c1:41","OPC UA","2025-10-22T16:11:24.633Z","ON_NETWORK","VLAN-29"
"PAI-001","Texas Assembly","Paint Shop","Paint Robot","192.168.107.203","32:f9:9d:65:13:86","Modbus TCP","2025-10-19T14:29:05.107Z","ON_NETWORK","VLAN-88"
"PAI-002","Texas Assembly","Paint Shop","Assembly Robot","192.168.230.43","5a:e4:74:56:13:6c","OPC UA","2025-10-17T18:57:16.808Z","ON_NETWORK","VLAN-77"
"PAI-003","Texas Assembly","Paint Shop","Paint Robot","192.168.107.234","f2:ee:7b:13:e0:7e","Ethernet/IP","2025-10-23T13:07:42.836Z","OFF_NETWORK","VLAN-69"
"PAI-004","Texas Assembly","Paint Shop","Welding Robot","192.168.111.74","61:43:01:b7:9b:fe","Modbus TCP","2025-10-19T05:21:04.179Z","ON_NETWORK","VLAN-98"
"PAI-005","Texas Assembly","Paint Shop","Quality Scanner","192.168.218.67","0b:7e:88:e7:2a:dd","Modbus TCP","2025-10-19T08:18:30.218Z","ON_NETWORK","VLAN-90"
"PAI-006","Texas Assembly","Paint Shop","Welding Controller","192.168.166.48","44:80:1a:cc:ed:d2","Profinet","2025-10-21T12:50:52.322Z","ON_NETWORK","VLAN-52"
"PAI-008","Texas Assembly","Paint Shop","Paint Robot","192.168.250.250","12:6c:3e:65:6a:ec","Ethernet/IP","2025-10-21T20:59:53.252Z","ON_NETWORK","VLAN-100"
"PAI-009","Texas Assembly","Paint Shop","Conveyor Controller","192.168.56.93","33:fc:65:25:72:a7","OPC UA","2025-10-18T21:20:52.801Z","ON_NETWORK","VLAN-82"
"PAI-010","Texas Assembly","Paint Shop","Safety PLC","192.168.217.208","c9:1b:37:24:7a:72","OPC UA","2025-10-24T10:35:03.446Z","ON_NETWORK","VLAN-39"
"PAI-011","Texas Assembly","Paint Shop","SCADA System","192.168.254.173","64:a8:ef:c6:7b:58","Modbus TCP","2025-10-20T06:06:28.237Z","ON_NETWORK","VLAN-86"
"PAI-013","Texas Assembly","Paint Shop","HMI Station","192.168.173.219","af:6a:83:b2:b2:d7","Profinet","2025-10-19T01:49:13.821Z","ON_NETWORK","VLAN-48"
"PAI-014","Texas Assembly","Paint Shop","HMI Station","192.168.77.140","99:0b:44:fc:4a:f1","Profinet","2025-10-19T23:27:27.021Z","ON_NETWORK","VLAN-32"
"PAI-015","Texas Assembly","Paint Shop","Welding Controller","192.168.70.173","c7:a0:19:9e:26:ab","Ethernet/IP","2025-10-18T21:48:47.240Z","ON_NETWORK","VLAN-38"
"PAI-017","Texas Assembly","Paint Shop","Welding Robot","192.168.105.23","6a:24:63:ad:0d:35","Ethernet/IP","2025-10-23T20:00:41.734Z","ON_NETWORK","VLAN-3"
"PAI-019","Texas Assembly","Paint Shop","HMI Station","192.168.219.227","e4:5f:45:df:9b:5e","Ethernet/IP","2025-10-22T15:56:55.155Z","ON_NETWORK","VLAN-51"
"PAI-020","Texas Assembly","Paint Shop","SCADA System","192.168.119.196","72:6e:be:b8:2d:69","Ethernet/IP","2025-10-18T22:31:43.734Z","ON_NETWORK","VLAN-45"
"PAI-023","Texas Assembly","Paint Shop","Welding Controller","192.168.244.18","c6:dd:12:09:5e:60","Profinet","2025-10-23T13:19:36.837Z","OFF_NETWORK","VLAN-29"
"PAI-024","Texas Assembly","Paint Shop","Assembly Robot","192.168.38.252","e0:5e:72:26:ea:f6","Ethernet/IP","2025-10-20T20:01:12.524Z","ON_NETWORK","VLAN-18"
"PAI-025","Texas Assembly","Paint Shop","Vision System","192.168.92.106","7c:b2:35:9a:44:ac","Ethernet/IP","2025-10-20T02:51:21.891Z","ON_NETWORK","VLAN-97"
"PAI-027","Texas Assembly","Paint Shop","Conveyor Controller","192.168.27.76","c9:43:be:23:48:5f","Modbus TCP","2025-10-20T15:03:46.179Z","ON_NETWORK","VLAN-75"
"PAI-028","Texas Assembly","Paint Shop","SCADA System","192.168.94.41","00:38:33:b0:2a:03","OPC UA","2025-10-19T09:06:44.790Z","ON_NETWORK","VLAN-19"
"PAI-029","Texas Assembly","Paint Shop","Robot Controller","192.168.72.40","ce:90:d9:df:37:1a","Profinet","2025-10-23T10:12:41.616Z","ON_NETWORK","VLAN-91"
"PAI-031","Texas Assembly","Paint Shop","Paint Robot","192.168.45.208","75:ff:bc:9a:9d:9b","Ethernet/IP","2025-10-19T09:29:44.678Z","ON_NETWORK","VLAN-42"
"PAI-032","Texas Assembly","Paint Shop","Welding Robot","192.168.199.149","4a:06:4d:b4:d7:37","Modbus TCP","2025-10-21T20:33:30.878Z","ON_NETWORK","VLAN-66"
"PAI-033","Texas Assembly","Paint Shop","Robot Controller","192.168.39.196","1a:9b:db:66:8a:b4","Ethernet/IP","2025-10-18T03:20:57.340Z","ON_NETWORK","VLAN-60"
"PAI-034","Texas Assembly","Paint Shop","Conveyor Controller","192.168.188.232","65:28:dc:a3:b0:d1","Profinet","2025-10-24T14:17:30.285Z","ON_NETWORK","VLAN-71"
"PAI-035","Texas Assembly","Paint Shop","Paint Robot","192.168.217.246","e4:6b:dd:d2:ba:e0","Profinet","2025-10-24T15:01:30.728Z","ON_NETWORK","VLAN-33"
"PAI-037","Texas Assembly","Paint Shop","Safety PLC","192.168.212.60","fb:68:d7:09:37:45","Modbus TCP","2025-10-18T06:05:04.766Z","ON_NETWORK","VLAN-48"
"PAI-039","Texas Assembly","Paint Shop","Assembly Robot","192.168.199.137","7a:43:a3:a5:1f:cc","OPC UA","2025-10-24T16:16:29.132Z","ON_NETWORK","VLAN-6"
"PAI-040","Texas Assembly","Paint Shop","Paint Robot","192.168.194.102","cd:1c:cf:11:7a:5a","Ethernet/IP","2025-10-19T05:56:42.556Z","OFF_NETWORK","VLAN-24"
"PAI-043","Texas Assembly","Paint Shop","Vision System","192.168.155.98","60:7a:d2:1c:f1:e9","Profinet","2025-10-23T16:46:41.342Z","ON_NETWORK","VLAN-78"
"PAI-044","Texas Assembly","Paint Shop","Vision System","192.168.31.37","0a:cf:35:f5:8d:f7","Modbus TCP","2025-10-24T15:20:45.045Z","ON_NETWORK","VLAN-27"
"ASS-001","Texas Assembly","Assembly Line","Robot Controller","192.168.166.243","4f:fb:0f:44:70:6e","Ethernet/IP","2025-10-24T16:57:38.194Z","ON_NETWORK","VLAN-38"
"ASS-002","Texas Assembly","Assembly Line","Assembly Robot","192.168.162.2","26:ed:f5:8e:7d:f3","Ethernet/IP","2025-10-21T03:56:18.984Z","ON_NETWORK","VLAN-7"
"ASS-004","Texas Assembly","Assembly Line","Safety PLC","192.168.22.33","80:32:6a:fa:42:dc","Ethernet/IP","2025-10-20T10:44:35.683Z","ON_NETWORK","VLAN-8"
"ASS-006","Texas Assembly","Assembly Line","Paint Controller","192.168.120.200","fc:97:e0:35:ed:60","OPC UA","2025-10-19T02:40:00.838Z","ON_NETWORK","VLAN-65"
"ASS-007","Texas Assembly","Assembly Line","Assembly Robot","192.168.23.35","7f:86:80:41:b9:24","OPC UA","2025-10-24T12:19:53.889Z","ON_NETWORK","VLAN-60"
"ASS-008","Texas Assembly","Assembly Line","Quality Scanner","192.168.2.107","60:67:17:68:77:cb","Profinet","2025-10-24T13:21:58.572Z","ON_NETWORK","VLAN-93"
"ASS-009","Texas Assembly","Assembly Line","Welding Robot","192.168.123.50","e6:51:1e:ea:3c:e6","Modbus TCP","2025-10-20T04:08:19.979Z","ON_NETWORK","VLAN-50"
"ASS-010","Texas Assembly","Assembly Line","Paint Robot","192.168.166.93","2d:99:f1:22:e3:39","OPC UA","2025-10-23T21:05:58.640Z","OFF_NETWORK","VLAN-65"
"ASS-014","Texas Assembly","Assembly Line","Robot Controller","192.168.90.210","45:53:ef:60:c8:51","Ethernet/IP","2025-10-20T00:45:40.961Z","ON_NETWORK","VLAN-88"
"ASS-015","Texas Assembly","Assembly Line","Robot Controller","192.168.59.242","d2:57:83:d1:af:8a","OPC UA","2025-10-23T02:13:19.233Z","ON_NETWORK","VLAN-59"
"ASS-016","Texas Assembly","Assembly Line","SCADA System","192.168.81.242","0a:a7:02:a9:02:5e","Modbus TCP","2025-10-24T16:52:22.240Z","OFF_NETWORK","VLAN-87"
"ASS-017","Texas Assembly","Assembly Line","Assembly Robot","192.168.103.99","ef:a2:2d:15:97:43","Ethernet/IP","2025-10-18T08:04:26.370Z","ON_NETWORK","VLAN-55"
"ASS-019","Texas Assembly","Assembly Line","Assembly Robot","192.168.146.20","8d:27:5c:92:f8:30","Ethernet/IP","2025-10-23T19:40:23.140Z","ON_NETWORK","VLAN-25"
"ASS-021","Texas Assembly","Assembly Line","Welding Robot","192.168.79.129","44:15:68:71:05:86","Modbus TCP","2025-10-20T01:28:23.714Z","OFF_NETWORK","VLAN-4"
"ASS-022","Texas Assembly","Assembly Line","Assembly Robot","192.168.178.120","c7:5e:15:16:37:c2","Ethernet/IP","2025-10-21T05:24:54.458Z","ON_NETWORK","VLAN-41"
"ASS-023","Texas Assembly","Assembly Line","Robot Controller","192.168.225.244","f1:28:89:aa:9b:09","OPC UA","2025-10-24T00:36:20.144Z","ON_NETWORK","VLAN-6"
"POW-002","Texas Assembly","Powertrain","Assembly Robot","192.168.16.12","c8:48:a2:98:a3:c6","Modbus TCP","2025-10-19T09:18:25.018Z","ON_NETWORK","VLAN-75"
"POW-004","Texas Assembly","Powertrain","SCADA System","192.168.74.62","d8:a9:5a:c6:1d:86","OPC UA","2025-10-21T02:05:29.274Z","ON_NETWORK","VLAN-71"
"POW-005","Texas Assembly","Powertrain","Paint Robot","192.168.155.205","18:b4:22:88:e2:88","Modbus TCP","2025-10-24T10:42:47.690Z","ON_NETWORK","VLAN-50"
"POW-006","Texas Assembly","Powertrain","Welding Controller","192.168.175.33","25:44:dc:43:f0:c8","Ethernet/IP","2025-10-18T03:45:42.323Z","ON_NETWORK","VLAN-63"
"POW-007","Texas Assembly","Powertrain","Paint Robot","192.168.223.248","1a:f9:b0:bf:dd:15","Profinet","2025-10-21T07:30:15.422Z","OFF_NETWORK","VLAN-60"
"POW-008","Texas Assembly","Powertrain","Quality Scanner","192.168.8.212","81:34:f1:46:a7:f0","OPC UA","2025-10-21T03:23:56.490Z","ON_NETWORK","VLAN-67"
"POW-010","Texas Assembly","Powertrain","Welding Robot","192.168.39.160","69:c5:db:d0:12:c8","OPC UA","2025-10-21T01:44:56.413Z","ON_NETWORK","VLAN-67"
"POW-011","Texas Assembly","Powertrain","Paint Controller","192.168.195.206","aa:6a:ac:dd:64:42","OPC UA","2025-10-19T07:29:02.302Z","ON_NETWORK","VLAN-24"
"POW-012","Texas Assembly","Powertrain","Safety PLC","192.168.167.237","f4:0c:33:c7:e4:a6","Modbus TCP","2025-10-24T06:11:00.309Z","ON_NETWORK","VLAN-38"
"POW-013","Texas Assembly","Powertrain","Robot Controller","192.168.245.91","a7:aa:85:c1:90:79","Profinet","2025-10-20T22:51:39.504Z","ON_NETWORK","VLAN-66"
"POW-015","Texas Assembly","Powertrain","Paint Robot","192.168.46.124","4e:2c:df:f8:5d:90","Ethernet/IP","2025-10-23T18:14:41.452Z","ON_NETWORK","VLAN-23"
"POW-018","Texas Assembly","Powertrain","Conveyor Controller","192.168.105.167","31:41:ee:61:9c:88","Ethernet/IP","2025-10-19T20:01:13.493Z","ON_NETWORK","VLAN-14"
"POW-019","Texas Assembly","Powertrain","Welding Controller","192.168.9.48","fe:96:e5:3c:04:0c","Modbus TCP","2025-10-19T21:27:25.689Z","ON_NETWORK","VLAN-70"
"POW-020","Texas Assembly","Powertrain","Paint Controller","192.168.231.238","fd:1d:41:c6:f9:b6","OPC UA","2025-10-21T18:16:20.226Z","ON_NETWORK","VLAN-32"
"POW-021","Texas Assembly","Powertrain","SCADA System","192.168.88.130","a3:6b:da:06:5d:c6","Profinet","2025-10-24T09:06:45.150Z","OFF_NETWORK","VLAN-19"
"POW-022","Texas Assembly","Powertrain","Welding Controller","192.168.78.183","3e:63:1c:1f:56:ed","Modbus TCP","2025-10-23T01:36:47.432Z","ON_NETWORK","VLAN-3"
"POW-023","Texas Assembly","Powertrain","Welding Robot","192.168.148.179","82:48:b6:79:9b:e5","Ethernet/IP","2025-10-20T18:49:09.465Z","ON_NETWORK","VLAN-46"
"POW-024","Texas Assembly","Powertrain","Paint Robot","192.168.179.0","c0:a3:df:70:8f:7e","Ethernet/IP","2025-10-23T06:47:51.351Z","ON_NETWORK","VLAN-72"
"POW-025","Texas Assembly","Powertrain","Vision System","192.168.48.252","7c:86:66:cc:f0:fb","Ethernet/IP","2025-10-21T14:49:47.358Z","ON_NETWORK","VLAN-98"
"POW-026","Texas Assembly","Powertrain","SCADA System","192.168.166.225","f2:0e:1c:a5:18:c6","Ethernet/IP","2025-10-21T00:59:32.018Z","ON_NETWORK","VLAN-63"
"POW-027","Texas Assembly","Powertrain","Robot Controller","192.168.252.93","3d:00:5e:f6:67:57","Profinet","2025-10-18T05:23:37.359Z","ON_NETWORK","VLAN-60"
"POW-028","Texas Assembly","Powertrain","Safety PLC","192.168.233.181","6f:8b:e9:8b:b7:e5","Ethernet/IP","2025-10-21T12:48:35.565Z","ON_NETWORK","VLAN-33"
"POW-029","Texas Assembly","Powertrain","Safety PLC","192.168.145.6","07:51:0b:9c:b8:d9","Ethernet/IP","2025-10-23T23:07:46.843Z","ON_NETWORK","VLAN-100"
"POW-030","Texas Assembly","Powertrain","Safety PLC","192.168.116.17","c4:9b:25:7a:87:98","Profinet","2025-10-22T08:37:10.841Z","ON_NETWORK","VLAN-89"
"POW-031","Texas Assembly","Powertrain","Safety PLC","192.168.106.197","7c:13:30:a1:dc:29","OPC UA","2025-10-20T07:26:10.517Z","ON_NETWORK","VLAN-34"
"POW-034","Texas Assembly","Powertrain","HMI Station","192.168.24.52","b9:08:2e:86:db:13","Modbus TCP","2025-10-24T05:04:36.462Z","ON_NETWORK","VLAN-21"
"POW-035","Texas Assembly","Powertrain","Quality Scanner","192.168.3.118","8f:8d:06:fb:28:93","OPC UA","2025-10-21T02:08:19.207Z","ON_NETWORK","VLAN-98"
"POW-036","Texas Assembly","Powertrain","Quality Scanner","192.168.84.183","27:b2:16:76:6b:99","Modbus TCP","2025-10-18T02:42:51.102Z","ON_NETWORK","VLAN-92"
"POW-040","Texas Assembly","Powertrain","Assembly Robot","192.168.151.232","49:5a:ab:78:de:62","Ethernet/IP","2025-10-19T08:44:16.226Z","ON_NETWORK","VLAN-38"
"POW-041","Texas Assembly","Powertrain","Quality Scanner","192.168.252.157","bf:ff:c8:2b:4b:43","Profinet","2025-10-18T20:27:11.508Z","ON_NETWORK","VLAN-49"
"POW-042","Texas Assembly","Powertrain","Welding Controller","192.168.140.142","17:6a:b7:5c:32:d3","OPC UA","2025-10-24T13:00:20.838Z","OFF_NETWORK","VLAN-45"
"POW-043","Texas Assembly","Powertrain","Assembly Robot","192.168.153.115","45:f3:a6:eb:71:22","Modbus TCP","2025-10-21T12:15:55.121Z","ON_NETWORK","VLAN-71"
"POW-044","Texas Assembly","Powertrain","Welding Controller","192.168.47.77","51:5b:a1:c1:a8:6d","Ethernet/IP","2025-10-20T04:49:28.513Z","ON_NETWORK","VLAN-33"
"POW-045","Texas Assembly","Powertrain","Safety PLC","192.168.35.139","6a:0b:7a:92:5a:5c","Ethernet/IP","2025-10-23T05:58:22.447Z","ON_NETWORK","VLAN-88"
"POW-046","Texas Assembly","Powertrain","Paint Controller","192.168.83.81","54:c3:2b:3f:7b:02","Ethernet/IP","2025-10-23T13:53:56.846Z","ON_NETWORK","VLAN-55"
"POW-047","Texas Assembly","Powertrain","Robot Controller","192.168.23.2","02:3c:cf:24:9f:11","Modbus TCP","2025-10-18T16:53:55.819Z","ON_NETWORK","VLAN-68"
"POW-049","Texas Assembly","Powertrain","Safety PLC","192.168.125.144","bf:e0:27:42:44:3f","Ethernet/IP","2025-10-22T11:27:04.103Z","OFF_NETWORK","VLAN-75"
"POW-051","Texas Assembly","Powertrain","Safety PLC","192.168.203.236","bb:f4:77:e2:2f:0f","OPC UA","2025-10-24T09:56:13.452Z","OFF_NETWORK","VLAN-61"
"POW-052","Texas Assembly","Powertrain","Welding Robot","192.168.79.245","e3:79:89:3a:83:79","Modbus TCP","2025-10-24T17:33:37.007Z","ON_NETWORK","VLAN-76"
"POW-053","Texas Assembly","Powertrain","Quality Scanner","192.168.191.165","c9:a4:b4:5f:24:f1","Ethernet/IP","2025-10-19T01:51:25.565Z","ON_NETWORK","VLAN-56"
"POW-055","Texas Assembly","Powertrain","Welding Robot","192.168.164.236","9b:df:51:99:47:91","Ethernet/IP","2025-10-22T21:03:56.633Z","ON_NETWORK","VLAN-98"
"POW-056","Texas Assembly","Powertrain","Welding Controller","192.168.196.108","b8:6e:b6:1f:6b:57","Ethernet/IP","2025-10-23T08:41:44.996Z","ON_NETWORK","VLAN-100"
"QUA-001","Texas Assembly","Quality Control","Vision System","192.168.225.177","91:90:78:73:84:a8","Modbus TCP","2025-10-20T00:37:09.538Z","ON_NETWORK","VLAN-35"
"QUA-003","Texas Assembly","Quality Control","Quality Scanner","192.168.236.205","da:10:e0:c5:69:0c","Modbus TCP","2025-10-22T11:07:14.695Z","ON_NETWORK","VLAN-81"
"QUA-004","Texas Assembly","Quality Control","SCADA System","192.168.175.109","a2:e2:d9:30:cb:bb","Modbus TCP","2025-10-24T14:33:25.851Z","ON_NETWORK","VLAN-98"
"QUA-005","Texas Assembly","Quality Control","Vision System","192.168.112.135","01:a8:15:95:70:4e","Modbus TCP","2025-10-20T08:12:01.445Z","ON_NETWORK","VLAN-46"
"QUA-006","Texas Assembly","Quality Control","Quality Scanner","192.168.241.84","1c:dd:92:27:b6:3f","Profinet","2025-10-23T15:34:00.483Z","ON_NETWORK","VLAN-43"
"QUA-007","Texas Assembly","Quality Control","HMI Station","192.168.20.252","f7:b9:1b:f8:d9:1a","OPC UA","2025-10-24T08:25:23.145Z","ON_NETWORK","VLAN-3"
"QUA-008","Texas Assembly","Quality Control","Assembly Robot","192.168.56.174","dc:65:bf:24:12:dd","Modbus TCP","2025-10-18T21:46:43.867Z","ON_NETWORK","VLAN-79"
"QUA-010","Texas Assembly","Quality Control","Conveyor Controller","192.168.136.191","b9:1c:7e:48:1a:f2","Ethernet/IP","2025-10-22T08:04:41.998Z","ON_NETWORK","VLAN-46"
"QUA-012","Texas Assembly","Quality Control","Conveyor Controller","192.168.105.156","fa:73:23:01:40:5d","Profinet","2025-10-21T08:01:44.701Z","ON_NETWORK","VLAN-42"
"QUA-013","Texas Assembly","Quality Control","Paint Robot","192.168.237.50","20:fb:49:59:d7:91","Modbus TCP","2025-10-19T02:18:08.078Z","ON_NETWORK","VLAN-60"
"QUA-014","Texas Assembly","Quality Control","Safety PLC","192.168.23.109","05:2d:cc:14:5d:f5","Modbus TCP","2025-10-22T19:13:25.444Z","ON_NETWORK","VLAN-67"
"QUA-015","Texas Assembly","Quality Control","Vision System","192.168.200.98","f4:cf:42:e0:07:97","OPC UA","2025-10-20T13:18:20.106Z","ON_NETWORK","VLAN-24"
"QUA-017","Texas Assembly","Quality Control","HMI Station","192.168.23.122","6a:15:49:81:1b:48","Modbus TCP","2025-10-21T07:16:22.674Z","ON_NETWORK","VLAN-78"
"QUA-018","Texas Assembly","Quality Control","Safety PLC","192.168.228.241","72:13:9c:94:80:38","Modbus TCP","2025-10-18T19:41:29.059Z","ON_NETWORK","VLAN-12"
"QUA-019","Texas Assembly","Quality Control","Safety PLC","192.168.55.64","b6:50:a0:02:da:9f","Profinet","2025-10-24T09:56:19.500Z","ON_NETWORK","VLAN-83"
"QUA-020","Texas Assembly","Quality Control","SCADA System","192.168.254.164","39:d4:12:ec:6d:44","Profinet","2025-10-20T07:01:40.091Z","ON_NETWORK","VLAN-15"
"QUA-021","Texas Assembly","Quality Control","Safety PLC","192.168.250.122","38:b3:e4:32:c3:73","OPC UA","2025-10-17T19:44:14.101Z","ON_NETWORK","VLAN-35"
"QUA-022","Texas Assembly","Quality Control","Paint Controller","192.168.231.135","a1:70:46:8b:8a:f9","Profinet","2025-10-22T13:37:52.461Z","ON_NETWORK","VLAN-77"
"QUA-023","Texas Assembly","Quality Control","Welding Robot","192.168.215.218","7c:ea:41:74:46:ba","Modbus TCP","2025-10-20T07:33:40.215Z","ON_NETWORK","VLAN-91"
"QUA-024","Texas Assembly","Quality Control","Quality Scanner","192.168.150.68","0c:cd:d4:ec:38:27","OPC UA","2025-10-24T03:52:02.998Z","ON_NETWORK","VLAN-86"
"QUA-025","Texas Assembly","Quality Control","Welding Robot","192.168.81.123","76:b3:d5:0b:5b:15","Ethernet/IP","2025-10-18T10:34:29.668Z","ON_NETWORK","VLAN-37"
"QUA-026","Texas Assembly","Quality Control","Robot Controller","192.168.175.170","e6:8f:c1:34:7f:01","Ethernet/IP","2025-10-23T12:34:08.695Z","ON_NETWORK","VLAN-60"
"QUA-028","Texas Assembly","Quality Control","HMI Station","192.168.91.48","a1:b0:ee:45:10:92","Profinet","2025-10-22T13:53:29.573Z","ON_NETWORK","VLAN-66"
"QUA-029","Texas Assembly","Quality Control","Paint Controller","192.168.233.46","22:5c:f5:45:16:9d","Ethernet/IP","2025-10-18T18:31:51.553Z","ON_NETWORK","VLAN-62"
"QUA-030","Texas Assembly","Quality Control","Paint Controller","192.168.66.215","d4:b7:80:25:3c:b5","Ethernet/IP","2025-10-23T01:45:56.161Z","ON_NETWORK","VLAN-16"
"QUA-031","Texas Assembly","Quality Control","Vision System","192.168.99.132","cc:37:6a:7f:5d:ed","Ethernet/IP","2025-10-21T19:41:35.642Z","ON_NETWORK","VLAN-100"
"QUA-032","Texas Assembly","Quality Control","Vision System","192.168.61.62","50:7e:ff:c6:1d:58","Modbus TCP","2025-10-21T02:20:50.110Z","ON_NETWORK","VLAN-67"
"QUA-033","Texas Assembly","Quality Control","Conveyor Controller","192.168.55.192","7b:da:7e:c7:4b:71","Profinet","2025-10-19T07:31:12.886Z","ON_NETWORK","VLAN-53"
"QUA-034","Texas Assembly","Quality Control","Paint Robot","192.168.22.10","28:6f:97:31:4a:31","Profinet","2025-10-22T00:45:09.717Z","ON_NETWORK","VLAN-65"
"QUA-035","Texas Assembly","Quality Control","HMI Station","192.168.68.228","01:f9:84:48:c7:7e","Ethernet/IP","2025-10-19T14:39:18.042Z","ON_NETWORK","VLAN-75"
"QUA-039","Texas Assembly","Quality Control","SCADA System","192.168.87.84","89:5f:1a:5b:a4:21","OPC UA","2025-10-21T22:54:58.658Z","ON_NETWORK","VLAN-95"
"QUA-040","Texas Assembly","Quality Control","Vision System","192.168.13.129","7b:47:8a:81:4e:f2","Ethernet/IP","2025-10-23T20:33:10.235Z","ON_NETWORK","VLAN-8"
"QUA-041","Texas Assembly","Quality Control","HMI Station","192.168.176.219","81:f7:43:80:df:6b","Modbus TCP","2025-10-18T21:49:52.010Z","ON_NETWORK","VLAN-31"
"QUA-042","Texas Assembly","Quality Control","Robot Controller","192.168.188.30","c4:84:3a:54:03:4c","Ethernet/IP","2025-10-22T00:37:34.373Z","ON_NETWORK","VLAN-73"
"QUA-043","Texas Assembly","Quality Control","Quality Scanner","192.168.196.19","65:b4:2e:5e:b1:86","Profinet","2025-10-18T04:38:29.752Z","ON_NETWORK","VLAN-5"
"QUA-046","Texas Assembly","Quality Control","Quality Scanner","192.168.208.12","1d:08:a8:87:bb:db","OPC UA","2025-10-24T10:40:42.920Z","ON_NETWORK","VLAN-14"
"QUA-047","Texas Assembly","Quality Control","Quality Scanner","192.168.184.86","1f:5f:f8:83:e0:78","Ethernet/IP","2025-10-22T10:33:21.471Z","ON_NETWORK","VLAN-12"
"QUA-048","Texas Assembly","Quality Control","Welding Controller","192.168.15.253","a1:08:e7:91:c9:f9","Profinet","2025-10-18T14:28:10.604Z","ON_NETWORK","VLAN-87"
"QUA-049","Texas Assembly","Quality Control","Paint Controller","192.168.152.204","71:af:ba:d4:b1:0a","Modbus TCP","2025-10-20T17:56:35.809Z","ON_NETWORK","VLAN-69"
"QUA-050","Texas Assembly","Quality Control","HMI Station","192.168.162.115","e8:a7:49:2e:12:29","OPC UA","2025-10-22T06:05:16.802Z","ON_NETWORK","VLAN-38"
"QUA-053","Texas Assembly","Quality Control","Conveyor Controller","192.168.216.184","98:6b:ee:9c:76:ed","Ethernet/IP","2025-10-20T04:27:11.564Z","OFF_NETWORK","VLAN-38"
"QUA-054","Texas Assembly","Quality Control","Paint Controller","192.168.147.11","3b:95:6c:08:0f:78","OPC UA","2025-10-19T16:56:14.623Z","ON_NETWORK","VLAN-11"
"QUA-055","Texas Assembly","Quality Control","Vision System","192.168.162.251","78:3a:9b:d6:a3:76","Profinet","2025-10-22T15:43:52.380Z","ON_NETWORK","VLAN-23"
"QUA-058","Texas Assembly","Quality Control","Assembly Robot","192.168.68.41","4a:45:86:0c:42:03","Profinet","2025-10-22T11:33:07.433Z","ON_NETWORK","VLAN-23"
"QUA-059","Texas Assembly","Quality Control","Robot Controller","192.168.66.10","df:4a:75:4b:6c:c6","Ethernet/IP","2025-10-21T07:09:17.313Z","ON_NETWORK","VLAN-81"
"QUA-060","Texas Assembly","Quality Control","SCADA System","192.168.1.199","31:b7:f8:49:7a:eb","OPC UA","2025-10-24T17:28:18.853Z","OFF_NETWORK","VLAN-44"
"QUA-061","Texas Assembly","Quality Control","Paint Controller","192.168.133.232","a8:8c:86:3b:9d:36","Ethernet/IP","2025-10-20T22:06:40.414Z","ON_NETWORK","VLAN-64"
"QUA-062","Texas Assembly","Quality Control","Welding Controller","192.168.111.208","a6:4d:1f:21:d6:70","OPC UA","2025-10-19T11:50:27.962Z","ON_NETWORK","VLAN-75"
"QUA-063","Texas Assembly","Quality Control","Assembly Robot","192.168.193.230","bf:61:9b:9e:00:c0","Modbus TCP","2025-10-20T22:45:40.818Z","ON_NETWORK","VLAN-51"
"QUA-064","Texas Assembly","Quality Control","Robot Controller","192.168.219.143","40:0c:0d:43:14:57","Modbus TCP","2025-10-21T12:09:33.451Z","ON_NETWORK","VLAN-22"
"QUA-065","Texas Assembly","Quality Control","SCADA System","192.168.227.14","88:45:5c:b1:24:e4","OPC UA","2025-10-22T00:34:24.539Z","OFF_NETWORK","VLAN-82"
"QUA-066","Texas Assembly","Quality Control","Welding Robot","192.168.66.199","e1:6c:0d:1b:3c:aa","Profinet","2025-10-24T11:00:52.665Z","ON_NETWORK","VLAN-55"
"STA-001","Texas Assembly","Stamping","SCADA System","192.168.84.2","a7:ad:13:63:3b:fd","OPC UA","2025-10-24T01:52:18.226Z","ON_NETWORK","VLAN-3"
"STA-002","Texas Assembly","Stamping","Paint Controller","192.168.187.94","e7:1e:71:46:aa:c4","Ethernet/IP","2025-10-23T23:35:36.264Z","ON_NETWORK","VLAN-50"
"STA-004","Texas Assembly","Stamping","Assembly Robot","192.168.37.176","1c:69:ed:df:cb:6a","Ethernet/IP","2025-10-17T20:16:52.747Z","ON_NETWORK","VLAN-7"
"STA-006","Texas Assembly","Stamping","Conveyor Controller","192.168.211.175","7c:2b:22:1d:10:fb","Ethernet/IP","2025-10-21T12:24:29.011Z","ON_NETWORK","VLAN-24"
"STA-007","Texas Assembly","Stamping","Quality Scanner","192.168.247.234","d6:18:35:fa:1c:d5","Ethernet/IP","2025-10-20T16:10:36.177Z","ON_NETWORK","VLAN-94"
"STA-008","Texas Assembly","Stamping","Safety PLC","192.168.57.249","ec:95:b1:fd:ef:23","Ethernet/IP","2025-10-22T22:41:49.684Z","ON_NETWORK","VLAN-30"
"STA-009","Texas Assembly","Stamping","SCADA System","192.168.61.197","3d:f0:a2:cd:32:88","Profinet","2025-10-17T21:04:03.676Z","ON_NETWORK","VLAN-98"
"STA-010","Texas Assembly","Stamping","Welding Controller","192.168.133.220","3d:49:df:94:dd:65","Ethernet/IP","2025-10-19T11:15:24.535Z","ON_NETWORK","VLAN-9"
"STA-011","Texas Assembly","Stamping","Paint Robot","192.168.75.143","98:1f:88:c9:b9:e2","Modbus TCP","2025-10-19T11:13:21.231Z","ON_NETWORK","VLAN-86"
"STA-012","Texas Assembly","Stamping","Welding Robot","192.168.250.158","cc:a1:3c:e9:0f:a6","Profinet","2025-10-19T10:25:22.247Z","ON_NETWORK","VLAN-58"
"STA-013","Texas Assembly","Stamping","Safety PLC","192.168.22.54","1c:cc:96:c3:84:8d","Ethernet/IP","2025-10-20T14:44:48.230Z","ON_NETWORK","VLAN-87"
"STA-014","Texas Assembly","Stamping","Welding Controller","192.168.10.109","13:38:44:e2:c5:e7","Modbus TCP","2025-10-18T07:30:43.870Z","ON_NETWORK","VLAN-51"
"STA-015","Texas Assembly","Stamping","Paint Controller","192.168.176.168","02:38:33:e5:9c:07","Profinet","2025-10-21T09:05:21.532Z","ON_NETWORK","VLAN-74"
"STA-016","Texas Assembly","Stamping","Conveyor Controller","192.168.143.10","9e:90:d1:c3:13:6e","Profinet","2025-10-24T13:48:06.022Z","ON_NETWORK","VLAN-78"
"STA-017","Texas Assembly","Stamping","Assembly Robot","192.168.125.78","57:32:24:e6:53:53","Profinet","2025-10-18T08:36:44.912Z","ON_NETWORK","VLAN-35"
"STA-018","Texas Assembly","Stamping","Conveyor Controller","192.168.117.142","84:c0:b0:e6:b5:91","Ethernet/IP","2025-10-18T16:03:02.824Z","ON_NETWORK","VLAN-68"
"STA-020","Texas Assembly","Stamping","Vision System","192.168.156.192","46:99:6c:5b:63:0d","Ethernet/IP","2025-10-24T09:22:20.253Z","OFF_NETWORK","VLAN-47"
"STA-021","Texas Assembly","Stamping","Assembly Robot","192.168.135.218","07:58:ce:7a:29:32","Modbus TCP","2025-10-23T02:32:42.036Z","ON_NETWORK","VLAN-95"
"STA-023","Texas Assembly","Stamping","Robot Controller","192.168.90.215","a7:d6:7c:a1:46:04","Ethernet/IP","2025-10-18T10:18:05.331Z","OFF_NETWORK","VLAN-91"
"STA-024","Texas Assembly","Stamping","Assembly Robot","192.168.215.74","38:fb:0f:61:ee:ef","Profinet","2025-10-19T04:23:22.445Z","ON_NETWORK","VLAN-74"
"STA-025","Texas Assembly","Stamping","Paint Robot","192.168.65.13","22:04:f1:80:d2:5a","OPC UA","2025-10-23T05:28:29.113Z","ON_NETWORK","VLAN-31"
"STA-029","Texas Assembly","Stamping","Paint Controller","192.168.186.189","0d:0b:a8:2b:fd:09","Profinet","2025-10-22T22:50:28.511Z","ON_NETWORK","VLAN-50"
"STA-030","Texas Assembly","Stamping","Paint Controller","192.168.206.236","bf:3e:35:d6:7f:7a","Profinet","2025-10-24T14:21:13.254Z","ON_NETWORK","VLAN-17"
"STA-031","Texas Assembly","Stamping","Robot Controller","192.168.195.93","66:d7:b2:2f:0d:be","OPC UA","2025-10-22T20:28:04.474Z","ON_NETWORK","VLAN-61"
"STA-033","Texas Assembly","Stamping","HMI Station","192.168.21.224","b2:2c:4b:40:66:1d","Modbus TCP","2025-10-18T05:55:39.591Z","ON_NETWORK","VLAN-84"
"STA-034","Texas Assembly","Stamping","Paint Controller","192.168.138.241","07:c8:22:34:0b:55","Modbus TCP","2025-10-17T21:46:48.641Z","OFF_NETWORK","VLAN-71"
"STA-035","Texas Assembly","Stamping","Paint Controller","192.168.184.78","f6:b2:f3:f6:92:e0","Profinet","2025-10-20T20:24:52.217Z","ON_NETWORK","VLAN-54"
"STA-036","Texas Assembly","Stamping","Quality Scanner","192.168.11.95","e8:3a:8a:6f:75:fa","Ethernet/IP","2025-10-23T08:17:05.023Z","ON_NETWORK","VLAN-96"
"STA-037","Texas Assembly","Stamping","Vision System","192.168.110.12","04:5b:fb:a8:62:9a","Ethernet/IP","2025-10-23T08:33:01.521Z","ON_NETWORK","VLAN-50"
"STA-039","Texas Assembly","Stamping","Welding Controller","192.168.215.140","49:6e:20:03:02:e4","Modbus TCP","2025-10-18T11:57:24.376Z","ON_NETWORK","VLAN-96"
"STA-040","Texas Assembly","Stamping","SCADA System","192.168.118.124","28:b3:df:8e:6b:c5","Profinet","2025-10-23T16:00:55.492Z","ON_NETWORK","VLAN-40"
"STA-043","Texas Assembly","Stamping","Welding Robot","192.168.84.26","bd:fb:f9:20:1f:50","Ethernet/IP","2025-10-18T04:28:29.182Z","OFF_NETWORK","VLAN-48"
"STA-044","Texas Assembly","Stamping","Robot Controller","192.168.157.122","26:5d:ef:cd:f8:43","Ethernet/IP","2025-10-23T15:11:20.911Z","ON_NETWORK","VLAN-60"
"STA-046","Texas Assembly","Stamping","SCADA System","192.168.36.42","9c:a2:8d:79:c2:c0","Ethernet/IP","2025-10-23T02:10:29.861Z","ON_NETWORK","VLAN-36"
"STA-047","Texas Assembly","Stamping","Quality Scanner","192.168.192.160","13:e9:d1:ba:c0:4a","Modbus TCP","2025-10-22T23:38:13.366Z","ON_NETWORK","VLAN-3"
"STA-048","Texas Assembly","Stamping","Assembly Robot","192.168.132.61","2a:3f:75:47:67:44","Profinet","2025-10-22T11:32:31.829Z","ON_NETWORK","VLAN-82"