asset_id,asset_name,asset_type,parent_unit,process_function,criticality,business_impact,failure_consequence,location,manufacturer,model
A0001,CDU-PUMP-001,PUMP,CDU,Fluid_Transport,High,Medium,Quality_Impact,CDU-M84,Flowserve,Flowserve_PUMP_961
A0002,CDU-PUMP-002,PUMP,CDU,Fluid_Transport,High,High,Production_Impact,CDU-C47,Emerson,Emerson_PUMP_146
A0003,CDU-PUMP-003,PUMP,CDU,Fluid_Transport,High,High,Quality_Impact,CDU-Y16,Grundfos,Grundfos_PUMP_259
A0004,CDU-PUMP-004,PUMP,CDU,Fluid_Transport,High,High,Quality_Impact,CDU-G55,Grundfos,Grundfos_PUMP_453
A0005,CDU-PUMP-005,PUMP,CDU,Fluid_Transport,High,High,Quality_Impact,CDU-Q69,KSB,KSB_PUMP_782
A0006,CDU-PUMP-006,PUMP,CDU,Fluid_Transport,High,Medium,Production_Impact,CDU-C24,GE,GE_PUMP_588
A0007,CDU-PUMP-007,PUMP,CDU,Fluid_Transport,High,High,Quality_Impact,CDU-N34,Honeywell,Honeywell_PUMP_147
A0008,CDU-PUMP-008,PUMP,CDU,Fluid_Transport,High,High,Quality_Impact,CDU-R77,Grundfos,Grundfos_PUMP_103
A0009,CDU-PUMP-009,PUMP,CDU,Fluid_Transport,High,High,Quality_Impact,CDU-K60,Siemens,Siemens_PUMP_963
A0010,CDU-PUMP-010,PUMP,CDU,Fluid_Transport,High,Medium,Quality_Impact,CDU-R30,Siemens,Siemens_PUMP_493
A0011,CDU-PUMP-011,PUMP,CDU,Fluid_Transport,High,Medium,Production_Impact,CDU-O67,Siemens,Siemens_PUMP_611
A0012,CDU-PUMP-012,PUMP,CDU,Fluid_Transport,High,High,Production_Impact,CDU-J17,Honeywell,Honeywell_PUMP_236
A0013,CDU-PUMP-013,PUMP,CDU,Fluid_Transport,High,High,Production_Impact,CDU-H86,Grundfos,Grundfos_PUMP_728
A0014,CDU-PUMP-014,PUMP,CDU,Fluid_Transport,High,High,Production_Impact,CDU-Q10,Grundfos,Grundfos_PUMP_817
A0015,CDU-PUMP-015,PUMP,CDU,Fluid_Transport,High,High,Quality_Impact,CDU-O98,KSB,KSB_PUMP_668
A0016,CDU-COMPRESSOR-001,COMPRESSOR,CDU,Gas_Compression,Critical,Very_High,Production_Impact,CDU-A72,Honeywell,Honeywell_COMPRESSOR_120
A0017,CDU-COMPRESSOR-002,COMPRESSOR,CDU,Gas_Compression,Critical,High,Unit_Shutdown,CDU-L18,Sulzer,Sulzer_COMPRESSOR_280
A0018,CDU-COMPRESSOR-003,COMPRESSOR,CDU,Gas_Compression,Critical,High,Production_Impact,CDU-V43,Siemens,Siemens_COMPRESSOR_978
A0019,CDU-COMPRESSOR-004,COMPRESSOR,CDU,Gas_Compression,Critical,Very_High,Production_Impact,CDU-M53,Siemens,Siemens_COMPRESSOR_1060
A0020,CDU-COMPRESSOR-005,COMPRESSOR,CDU,Gas_Compression,Critical,Very_High,Production_Impact,CDU-W31,Honeywell,Honeywell_COMPRESSOR_250
A0021,CDU-COMPRESSOR-006,COMPRESSOR,CDU,Gas_Compression,Critical,High,Unit_Shutdown,CDU-J8,Siemens,Siemens_COMPRESSOR_868
A0022,CDU-COMPRESSOR-007,COMPRESSOR,CDU,Gas_Compression,Critical,High,Unit_Shutdown,CDU-X71,KSB,KSB_COMPRESSOR_929
A0023,CDU-COMPRESSOR-008,COMPRESSOR,CDU,Gas_Compression,Critical,Very_High,Production_Impact,CDU-O95,Siemens,Siemens_COMPRESSOR_267
A0024,CDU-COMPRESSOR-009,COMPRESSOR,CDU,Gas_Compression,Critical,High,Unit_Shutdown,CDU-C77,Sulzer,Sulzer_COMPRESSOR_231
A0025,CDU-COMPRESSOR-010,COMPRESSOR,CDU,Gas_Compression,Critical,Very_High,Production_Impact,CDU-H47,Honeywell,Honeywell_COMPRESSOR_888
A0026,CDU-COMPRESSOR-011,COMPRESSOR,CDU,Gas_Compression,Critical,High,Production_Impact,CDU-J7,Siemens,Siemens_COMPRESSOR_334
A0027,CDU-COMPRESSOR-012,COMPRESSOR,CDU,Gas_Compression,Critical,High,Production_Impact,CDU-B35,GE,GE_COMPRESSOR_764
A0028,CDU-COMPRESSOR-013,COMPRESSOR,CDU,Gas_Compression,Critical,Very_High,Production_Impact,CDU-L27,Grundfos,Grundfos_COMPRESSOR_246
A0029,CDU-COMPRESSOR-014,COMPRESSOR,CDU,Gas_Compression,Critical,Very_High,Unit_Shutdown,CDU-M15,Sulzer,Sulzer_COMPRESSOR_693
A0030,CDU-HEAT_EXCHANGER-001,HEAT_EXCHANGER,CDU,Heat_Transfer,Medium,Low,Quality_Impact,CDU-L66,Flowserve,Flowserve_HEAT_EXCHANGER_302
A0031,CDU-HEAT_EXCHANGER-002,HEAT_EXCHANGER,CDU,Heat_Transfer,Medium,Medium,Maintenance_Required,CDU-X58,Honeywell,Honeywell_HEAT_EXCHANGER_801
A0032,CDU-HEAT_EXCHANGER-003,HEAT_EXCHANGER,CDU,Heat_Transfer,Medium,Low,Maintenance_Required,CDU-M21,Siemens,Siemens_HEAT_EXCHANGER_1062
A0033,CDU-HEAT_EXCHANGER-004,HEAT_EXCHANGER,CDU,Heat_Transfer,Medium,Medium,Maintenance_Required,CDU-V96,Grundfos,Grundfos_HEAT_EXCHANGER_1057
A0034,CDU-HEAT_EXCHANGER-005,HEAT_EXCHANGER,CDU,Heat_Transfer,Medium,Low,Quality_Impact,CDU-B12,KSB,KSB_HEAT_EXCHANGER_501
A0035,CDU-HEAT_EXCHANGER-006,HEAT_EXCHANGER,CDU,Heat_Transfer,Medium,Medium,Maintenance_Required,CDU-M83,KSB,KSB_HEAT_EXCHANGER_638
A0036,CDU-HEAT_EXCHANGER-007,HEAT_EXCHANGER,CDU,Heat_Transfer,Medium,Medium,Quality_Impact,CDU-H23,KSB,KSB_HEAT_EXCHANGER_870
A0037,CDU-HEAT_EXCHANGER-008,HEAT_EXCHANGER,CDU,Heat_Transfer,Medium,Medium,Maintenance_Required,CDU-O4,KSB,KSB_HEAT_EXCHANGER_880
A0038,CDU-HEAT_EXCHANGER-009,HEAT_EXCHANGER,CDU,Heat_Transfer,Medium,Medium,Maintenance_Required,CDU-G64,Siemens,Siemens_HEAT_EXCHANGER_115
A0039,CDU-HEAT_EXCHANGER-010,HEAT_EXCHANGER,CDU,Heat_Transfer,Medium,Low,Maintenance_Required,CDU-C10,Emerson,Emerson_HEAT_EXCHANGER_318
A0040,CDU-HEAT_EXCHANGER-011,HEAT_EXCHANGER,CDU,Heat_Transfer,Medium,Low,Quality_Impact,CDU-E72,GE,GE_HEAT_EXCHANGER_688
A0041,CDU-HEAT_EXCHANGER-012,HEAT_EXCHANGER,CDU,Heat_Transfer,Medium,Low,Maintenance_Required,CDU-X49,Grundfos,Grundfos_HEAT_EXCHANGER_966
A0042,CDU-REACTOR-001,REACTOR,CDU,Chemical_Conversion,Critical,Very_High,Production_Impact,CDU-L53,GE,GE_REACTOR_750
A0043,CDU-REACTOR-002,REACTOR,CDU,Chemical_Conversion,Critical,Very_High,Unit_Shutdown,CDU-W83,Sulzer,Sulzer_REACTOR_484
A0044,CDU-REACTOR-003,REACTOR,CDU,Chemical_Conversion,Critical,Very_High,Unit_Shutdown,CDU-N83,GE,GE_REACTOR_484
A0045,CDU-REACTOR-004,REACTOR,CDU,Chemical_Conversion,Critical,Very_High,Production_Impact,CDU-T29,Emerson,Emerson_REACTOR_314
A0046,CDU-REACTOR-005,REACTOR,CDU,Chemical_Conversion,Critical,Very_High,Production_Impact,CDU-E51,Sulzer,Sulzer_REACTOR_113
A0047,CDU-REACTOR-006,REACTOR,CDU,Chemical_Conversion,Critical,Very_High,Production_Impact,CDU-M28,Flowserve,Flowserve_REACTOR_332
A0048,CDU-REACTOR-007,REACTOR,CDU,Chemical_Conversion,Critical,High,Unit_Shutdown,CDU-G65,Siemens,Siemens_REACTOR_1094
A0049,CDU-REACTOR-008,REACTOR,CDU,Chemical_Conversion,Critical,Very_High,Production_Impact,CDU-H74,Flowserve,Flowserve_REACTOR_943
A0050,CDU-REACTOR-009,REACTOR,CDU,Chemical_Conversion,Critical,High,Production_Impact,CDU-K69,GE,GE_REACTOR_345
A0051,CDU-REACTOR-010,REACTOR,CDU,Chemical_Conversion,Critical,Very_High,Unit_Shutdown,CDU-C96,Siemens,Siemens_REACTOR_983
A0052,CDU-REACTOR-011,REACTOR,CDU,Chemical_Conversion,Critical,Very_High,Production_Impact,CDU-M68,Flowserve,Flowserve_REACTOR_183
A0053,CDU-REACTOR-012,REACTOR,CDU,Chemical_Conversion,Critical,High,Production_Impact,CDU-X57,KSB,KSB_REACTOR_708
A0054,CDU-REACTOR-013,REACTOR,CDU,Chemical_Conversion,Critical,Very_High,Production_Impact,CDU-N58,Flowserve,Flowserve_REACTOR_558
A0055,CDU-REACTOR-014,REACTOR,CDU,Chemical_Conversion,Critical,High,Unit_Shutdown,CDU-H35,Sulzer,Sulzer_REACTOR_378
A0056,CDU-COLUMN-001,COLUMN,CDU,Separation,Critical,Very_High,Production_Impact,CDU-F35,Honeywell,Honeywell_COLUMN_417
A0057,CDU-COLUMN-002,COLUMN,CDU,Separation,Critical,High,Unit_Shutdown,CDU-N7,Sulzer,Sulzer_COLUMN_894
A0058,CDU-COLUMN-003,COLUMN,CDU,Separation,Critical,Very_High,Unit_Shutdown,CDU-J89,Honeywell,Honeywell_COLUMN_103
A0059,CDU-COLUMN-004,COLUMN,CDU,Separation,Critical,Very_High,Production_Impact,CDU-R73,Emerson,Emerson_COLUMN_103
A0060,CDU-COLUMN-005,COLUMN,CDU,Separation,Critical,Very_High,Unit_Shutdown,CDU-X89,Flowserve,Flowserve_COLUMN_485
A0061,CDU-COLUMN-006,COLUMN,CDU,Separation,Critical,Very_High,Production_Impact,CDU-L31,Emerson,Emerson_COLUMN_288
A0062,CDU-COLUMN-007,COLUMN,CDU,Separation,Critical,High,Unit_Shutdown,CDU-E49,Flowserve,Flowserve_COLUMN_410
A0063,CDU-COLUMN-008,COLUMN,CDU,Separation,Critical,High,Unit_Shutdown,CDU-I94,Sulzer,Sulzer_COLUMN_111
A0064,CDU-COLUMN-009,COLUMN,CDU,Separation,Critical,High,Unit_Shutdown,CDU-Z76,GE,GE_COLUMN_694
A0065,CDU-COLUMN-010,COLUMN,CDU,Separation,Critical,Very_High,Production_Impact,CDU-D64,Siemens,Siemens_COLUMN_463
A0066,CDU-COLUMN-011,COLUMN,CDU,Separation,Critical,High,Production_Impact,CDU-L58,Siemens,Siemens_COLUMN_825
A0067,CDU-COLUMN-012,COLUMN,CDU,Separation,Critical,High,Unit_Shutdown,CDU-C29,Honeywell,Honeywell_COLUMN_498
A0068,CDU-COLUMN-013,COLUMN,CDU,Separation,Critical,Very_High,Production_Impact,CDU-N67,Flowserve,Flowserve_COLUMN_522
A0069,CDU-COLUMN-014,COLUMN,CDU,Separation,Critical,Very_High,Production_Impact,CDU-L23,KSB,KSB_COLUMN_355
A0070,CDU-COLUMN-015,COLUMN,CDU,Separation,Critical,Very_High,Production_Impact,CDU-X33,Grundfos,Grundfos_COLUMN_307
A0071,CDU-COLUMN-016,COLUMN,CDU,Separation,Critical,Very_High,Production_Impact,CDU-G29,Sulzer,Sulzer_COLUMN_245
A0072,CDU-COLUMN-017,COLUMN,CDU,Separation,Critical,Very_High,Production_Impact,CDU-C91,Honeywell,Honeywell_COLUMN_879
A0073,CDU-FURNACE-001,FURNACE,CDU,Heat_Generation,Critical,High,Unit_Shutdown,CDU-C56,Flowserve,Flowserve_FURNACE_762
A0074,CDU-FURNACE-002,FURNACE,CDU,Heat_Generation,Critical,High,Production_Impact,CDU-Y5,Flowserve,Flowserve_FURNACE_248
A0075,CDU-FURNACE-003,FURNACE,CDU,Heat_Generation,Critical,High,Unit_Shutdown,CDU-Q59,KSB,KSB_FURNACE_567
A0076,CDU-FURNACE-004,FURNACE,CDU,Heat_Generation,Critical,High,Production_Impact,CDU-Q31,KSB,KSB_FURNACE_361
A0077,CDU-FURNACE-005,FURNACE,CDU,Heat_Generation,Critical,High,Production_Impact,CDU-H42,Sulzer,Sulzer_FURNACE_479
A0078,CDU-FURNACE-006,FURNACE,CDU,Heat_Generation,Critical,Very_High,Production_Impact,CDU-I1,Flowserve,Flowserve_FURNACE_158
A0079,CDU-FURNACE-007,FURNACE,CDU,Heat_Generation,Critical,Very_High,Unit_Shutdown,CDU-U42,Emerson,Emerson_FURNACE_407
A0080,CDU-FURNACE-008,FURNACE,CDU,Heat_Generation,Critical,Very_High,Unit_Shutdown,CDU-K18,Siemens,Siemens_FURNACE_261
A0081,CDU-FURNACE-009,FURNACE,CDU,Heat_Generation,Critical,Very_High,Production_Impact,CDU-A15,Siemens,Siemens_FURNACE_944
A0082,CDU-FURNACE-010,FURNACE,CDU,Heat_Generation,Critical,High,Unit_Shutdown,CDU-A19,KSB,KSB_FURNACE_947
A0083,CDU-FURNACE-011,FURNACE,CDU,Heat_Generation,Critical,High,Production_Impact,CDU-N94,Sulzer,Sulzer_FURNACE_774
A0084,CDU-FURNACE-012,FURNACE,CDU,Heat_Generation,Critical,High,Unit_Shutdown,CDU-F41,Emerson,Emerson_FURNACE_422
A0085,CDU-FURNACE-013,FURNACE,CDU,Heat_Generation,Critical,High,Unit_Shutdown,CDU-F98,Emerson,Emerson_FURNACE_125
A0086,CDU-FURNACE-014,FURNACE,CDU,Heat_Generation,Critical,Very_High,Unit_Shutdown,CDU-W41,Emerson,Emerson_FURNACE_321
A0087,CDU-FURNACE-015,FURNACE,CDU,Heat_Generation,Critical,High,Unit_Shutdown,CDU-U66,Grundfos,Grundfos_FURNACE_140
A0088,CDU-FURNACE-016,FURNACE,CDU,Heat_Generation,Critical,Very_High,Production_Impact,CDU-B38,Emerson,Emerson_FURNACE_143
A0089,CDU-VALVE_CONTROL-001,VALVE_CONTROL,CDU,Flow_Control,High,Medium,Production_Impact,CDU-C83,Emerson,Emerson_VALVE_CONTROL_251
A0090,CDU-VALVE_CONTROL-002,VALVE_CONTROL,CDU,Flow_Control,High,Medium,Production_Impact,CDU-F48,Emerson,Emerson_VALVE_CONTROL_153
A0091,CDU-VALVE_CONTROL-003,VALVE_CONTROL,CDU,Flow_Control,High,Medium,Quality_Impact,CDU-W76,KSB,KSB_VALVE_CONTROL_779
A0092,CDU-VALVE_CONTROL-004,VALVE_CONTROL,CDU,Flow_Control,High,Medium,Quality_Impact,CDU-G44,Emerson,Emerson_VALVE_CONTROL_934
A0093,CDU-VALVE_CONTROL-005,VALVE_CONTROL,CDU,Flow_Control,High,High,Quality_Impact,CDU-Z11,GE,GE_VALVE_CONTROL_721
A0094,CDU-VALVE_CONTROL-006,VALVE_CONTROL,CDU,Flow_Control,High,Medium,Production_Impact,CDU-F83,Flowserve,Flowserve_VALVE_CONTROL_332
A0095,CDU-VALVE_CONTROL-007,VALVE_CONTROL,CDU,Flow_Control,High,High,Quality_Impact,CDU-R58,Sulzer,Sulzer_VALVE_CONTROL_376
A0096,CDU-VALVE_CONTROL-008,VALVE_CONTROL,CDU,Flow_Control,High,Medium,Quality_Impact,CDU-Z27,Siemens,Siemens_VALVE_CONTROL_984
A0097,CDU-VALVE_CONTROL-009,VALVE_CONTROL,CDU,Flow_Control,High,High,Quality_Impact,CDU-M2,Siemens,Siemens_VALVE_CONTROL_313
A0098,CDU-VALVE_CONTROL-010,VALVE_CONTROL,CDU,Flow_Control,High,Medium,Production_Impact,CDU-S17,Honeywell,Honeywell_VALVE_CONTROL_392
A0099,CDU-VALVE_CONTROL-011,VALVE_CONTROL,CDU,Flow_Control,High,High,Quality_Impact,CDU-A94,Sulzer,Sulzer_VALVE_CONTROL_700
A0100,CDU-VALVE_CONTROL-012,VALVE_CONTROL,CDU,Flow_Control,High,High,Production_Impact,CDU-P56,Honeywell,Honeywell_VALVE_CONTROL_390
A0101,CDU-VALVE_CONTROL-013,VALVE_CONTROL,CDU,Flow_Control,High,High,Production_Impact,CDU-J95,GE,GE_VALVE_CONTROL_404
A0102,CDU-VALVE_CONTROL-014,VALVE_CONTROL,CDU,Flow_Control,High,Medium,Quality_Impact,CDU-S60,Flowserve,Flowserve_VALVE_CONTROL_899
A0103,CDU-VALVE_CONTROL-015,VALVE_CONTROL,CDU,Flow_Control,High,Medium,Production_Impact,CDU-C42,Sulzer,Sulzer_VALVE_CONTROL_868
A0104,CDU-VALVE_CONTROL-016,VALVE_CONTROL,CDU,Flow_Control,High,High,Production_Impact,CDU-Q9,Honeywell,Honeywell_VALVE_CONTROL_822
A0105,CDU-ANALYZER-001,ANALYZER,CDU,Quality_Measurement,Medium,Medium,Maintenance_Required,CDU-U91,Grundfos,Grundfos_ANALYZER_152
A0106,CDU-ANALYZER-002,ANALYZER,CDU,Quality_Measurement,Medium,Low,Maintenance_Required,CDU-H51,Sulzer,Sulzer_ANALYZER_977
A0107,CDU-ANALYZER-003,ANALYZER,CDU,Quality_Measurement,Medium,Low,Maintenance_Required,CDU-Z65,Sulzer,Sulzer_ANALYZER_256
A0108,CDU-ANALYZER-004,ANALYZER,CDU,Quality_Measurement,Medium,Medium,Maintenance_Required,CDU-V10,Siemens,Siemens_ANALYZER_742
A0109,CDU-ANALYZER-005,ANALYZER,CDU,Quality_Measurement,Medium,Medium,Quality_Impact,CDU-J80,Emerson,Emerson_ANALYZER_725
A0110,CDU-ANALYZER-006,ANALYZER,CDU,Quality_Measurement,Medium,Low,Maintenance_Required,CDU-J10,Sulzer,Sulzer_ANALYZER_554
A0111,CDU-ANALYZER-007,ANALYZER,CDU,Quality_Measurement,Medium,Medium,Maintenance_Required,CDU-W48,Honeywell,Honeywell_ANALYZER_970
A0112,CDU-ANALYZER-008,ANALYZER,CDU,Quality_Measurement,Medium,Low,Quality_Impact,CDU-D81,Emerson,Emerson_ANALYZER_788
A0113,CDU-ANALYZER-009,ANALYZER,CDU,Quality_Measurement,Medium,Low,Quality_Impact,CDU-S72,GE,GE_ANALYZER_273
A0114,CDU-ANALYZER-010,ANALYZER,CDU,Quality_Measurement,Medium,Low,Maintenance_Required,CDU-B33,Emerson,Emerson_ANALYZER_702
A0115,CDU-ANALYZER-011,ANALYZER,CDU,Quality_Measurement,Medium,Low,Maintenance_Required,CDU-W15,Honeywell,Honeywell_ANALYZER_867
A0116,CDU-ANALYZER-012,ANALYZER,CDU,Quality_Measurement,Medium,Low,Maintenance_Required,CDU-J86,KSB,KSB_ANALYZER_551
A0117,CDU-ANALYZER-013,ANALYZER,CDU,Quality_Measurement,Medium,Low,Maintenance_Required,CDU-T93,GE,GE_ANALYZER_445
A0118,CDU-ANALYZER-014,ANALYZER,CDU,Quality_Measurement,Medium,Medium,Maintenance_Required,CDU-R81,Honeywell,Honeywell_ANALYZER_612
A0119,CDU-ANALYZER-015,ANALYZER,CDU,Quality_Measurement,Medium,Low,Maintenance_Required,CDU-Q46,Sulzer,Sulzer_ANALYZER_417
A0120,CDU-ANALYZER-016,ANALYZER,CDU,Quality_Measurement,Medium,Medium,Quality_Impact,CDU-H29,Flowserve,Flowserve_ANALYZER_512
A0121,CDU-ANALYZER-017,ANALYZER,CDU,Quality_Measurement,Medium,Low,Quality_Impact,CDU-M60,Honeywell,Honeywell_ANALYZER_231
A0122,FCC-PUMP-001,PUMP,FCC,Fluid_Transport,High,High,Production_Impact,FCC-N69,Sulzer,Sulzer_PUMP_610
A0123,FCC-PUMP-002,PUMP,FCC,Fluid_Transport,High,Medium,Quality_Impact,FCC-E53,Siemens,Siemens_PUMP_602
A0124,FCC-PUMP-003,PUMP,FCC,Fluid_Transport,High,High,Quality_Impact,FCC-H17,Honeywell,Honeywell_PUMP_1004
A0125,FCC-PUMP-004,PUMP,FCC,Fluid_Transport,High,High,Quality_Impact,FCC-C62,GE,GE_PUMP_406
A0126,FCC-PUMP-005,PUMP,FCC,Fluid_Transport,High,Medium,Production_Impact,FCC-V43,Grundfos,Grundfos_PUMP_1043
A0127,FCC-PUMP-006,PUMP,FCC,Fluid_Transport,High,Medium,Quality_Impact,FCC-F43,Flowserve,Flowserve_PUMP_550
A0128,FCC-PUMP-007,PUMP,FCC,Fluid_Transport,High,Medium,Production_Impact,FCC-H39,Emerson,Emerson_PUMP_297
A0129,FCC-PUMP-008,PUMP,FCC,Fluid_Transport,High,High,Production_Impact,FCC-C81,Sulzer,Sulzer_PUMP_995
A0130,FCC-PUMP-009,PUMP,FCC,Fluid_Transport,High,Medium,Quality_Impact,FCC-O47,Siemens,Siemens_PUMP_231
A0131,FCC-PUMP-010,PUMP,FCC,Fluid_Transport,High,High,Production_Impact,FCC-I42,Siemens,Siemens_PUMP_117
A0132,FCC-PUMP-011,PUMP,FCC,Fluid_Transport,High,High,Production_Impact,FCC-S70,Emerson,Emerson_PUMP_706
A0133,FCC-PUMP-012,PUMP,FCC,Fluid_Transport,High,High,Production_Impact,FCC-R45,Siemens,Siemens_PUMP_756
A0134,FCC-PUMP-013,PUMP,FCC,Fluid_Transport,High,High,Production_Impact,FCC-T36,Emerson,Emerson_PUMP_759
A0135,FCC-PUMP-014,PUMP,FCC,Fluid_Transport,High,Medium,Production_Impact,FCC-L85,Siemens,Siemens_PUMP_174
A0136,FCC-COMPRESSOR-001,COMPRESSOR,FCC,Gas_Compression,Critical,Very_High,Unit_Shutdown,FCC-D49,Grundfos,Grundfos_COMPRESSOR_804
A0137,FCC-COMPRESSOR-002,COMPRESSOR,FCC,Gas_Compression,Critical,Very_High,Production_Impact,FCC-Y66,GE,GE_COMPRESSOR_1064
A0138,FCC-COMPRESSOR-003,COMPRESSOR,FCC,Gas_Compression,Critical,High,Unit_Shutdown,FCC-R35,KSB,KSB_COMPRESSOR_168
A0139,FCC-COMPRESSOR-004,COMPRESSOR,FCC,Gas_Compression,Critical,Very_High,Production_Impact,FCC-H22,KSB,KSB_COMPRESSOR_876
A0140,FCC-COMPRESSOR-005,COMPRESSOR,FCC,Gas_Compression,Critical,Very_High,Production_Impact,FCC-D21,KSB,KSB_COMPRESSOR_551
A0141,FCC-COMPRESSOR-006,COMPRESSOR,FCC,Gas_Compression,Critical,Very_High,Production_Impact,FCC-K50,Siemens,Siemens_COMPRESSOR_103
A0142,FCC-COMPRESSOR-007,COMPRESSOR,FCC,Gas_Compression,Critical,Very_High,Unit_Shutdown,FCC-F5,KSB,KSB_COMPRESSOR_222
A0143,FCC-COMPRESSOR-008,COMPRESSOR,FCC,Gas_Compression,Critical,Very_High,Production_Impact,FCC-U12,Honeywell,Honeywell_COMPRESSOR_276
A0144,FCC-COMPRESSOR-009,COMPRESSOR,FCC,Gas_Compression,Critical,Very_High,Production_Impact,FCC-K42,KSB,KSB_COMPRESSOR_462
A0145,FCC-COMPRESSOR-010,COMPRESSOR,FCC,Gas_Compression,Critical,Very_High,Unit_Shutdown,FCC-Y25,KSB,KSB_COMPRESSOR_1052
A0146,FCC-COMPRESSOR-011,COMPRESSOR,FCC,Gas_Compression,Critical,Very_High,Production_Impact,FCC-R75,Flowserve,Flowserve_COMPRESSOR_717
A0147,FCC-HEAT_EXCHANGER-001,HEAT_EXCHANGER,FCC,Heat_Transfer,Medium,Medium,Maintenance_Required,FCC-P98,KSB,KSB_HEAT_EXCHANGER_508
A0148,FCC-HEAT_EXCHANGER-002,HEAT_EXCHANGER,FCC,Heat_Transfer,Medium,Low,Maintenance_Required,FCC-S87,Grundfos,Grundfos_HEAT_EXCHANGER_771
A0149,FCC-HEAT_EXCHANGER-003,HEAT_EXCHANGER,FCC,Heat_Transfer,Medium,Low,Quality_Impact,FCC-F4,Honeywell,Honeywell_HEAT_EXCHANGER_1067
A0150,FCC-HEAT_EXCHANGER-004,HEAT_EXCHANGER,FCC,Heat_Transfer,Medium,Medium,Maintenance_Required,FCC-B70,Honeywell,Honeywell_HEAT_EXCHANGER_295
A0151,FCC-HEAT_EXCHANGER-005,HEAT_EXCHANGER,FCC,Heat_Transfer,Medium,Low,Maintenance_Required,FCC-Q64,Flowserve,Flowserve_HEAT_EXCHANGER_1087
A0152,FCC-HEAT_EXCHANGER-006,HEAT_EXCHANGER,FCC,Heat_Transfer,Medium,Low,Quality_Impact,FCC-L79,Flowserve,Flowserve_HEAT_EXCHANGER_231
A0153,FCC-HEAT_EXCHANGER-007,HEAT_EXCHANGER,FCC,Heat_Transfer,Medium,Medium,Quality_Impact,FCC-L17,Flowserve,Flowserve_HEAT_EXCHANGER_148
A0154,FCC-HEAT_EXCHANGER-008,HEAT_EXCHANGER,FCC,Heat_Transfer,Medium,Low,Quality_Impact,FCC-M86,Grundfos,Grundfos_HEAT_EXCHANGER_482
A0155,FCC-HEAT_EXCHANGER-009,HEAT_EXCHANGER,FCC,Heat_Transfer,Medium,Low,Quality_Impact,FCC-N12,Honeywell,Honeywell_HEAT_EXCHANGER_139
A0156,FCC-HEAT_EXCHANGER-010,HEAT_EXCHANGER,FCC,Heat_Transfer,Medium,Low,Quality_Impact,FCC-M12,Emerson,Emerson_HEAT_EXCHANGER_392
A0157,FCC-HEAT_EXCHANGER-011,HEAT_EXCHANGER,FCC,Heat_Transfer,Medium,Medium,Maintenance_Required,FCC-V73,Siemens,Siemens_HEAT_EXCHANGER_927
A0158,FCC-HEAT_EXCHANGER-012,HEAT_EXCHANGER,FCC,Heat_Transfer,Medium,Medium,Maintenance_Required,FCC-W58,KSB,KSB_HEAT_EXCHANGER_1016
A0159,FCC-REACTOR-001,REACTOR,FCC,Chemical_Conversion,Critical,Very_High,Production_Impact,FCC-T90,Grundfos,Grundfos_REACTOR_799
A0160,FCC-REACTOR-002,REACTOR,FCC,Chemical_Conversion,Critical,High,Unit_Shutdown,FCC-J17,KSB,KSB_REACTOR_255
A0161,FCC-REACTOR-003,REACTOR,FCC,Chemical_Conversion,Critical,High,Unit_Shutdown,FCC-T72,Honeywell,Honeywell_REACTOR_707
A0162,FCC-REACTOR-004,REACTOR,FCC,Chemical_Conversion,Critical,Very_High,Unit_Shutdown,FCC-X91,Honeywell,Honeywell_REACTOR_877
A0163,FCC-REACTOR-005,REACTOR,FCC,Chemical_Conversion,Critical,High,Production_Impact,FCC-P7,Sulzer,Sulzer_REACTOR_818
A0164,FCC-REACTOR-006,REACTOR,FCC,Chemical_Conversion,Critical,High,Unit_Shutdown,FCC-K11,Sulzer,Sulzer_REACTOR_431
A0165,FCC-REACTOR-007,REACTOR,FCC,Chemical_Conversion,Critical,Very_High,Unit_Shutdown,FCC-W40,Flowserve,Flowserve_REACTOR_903
A0166,FCC-REACTOR-008,REACTOR,FCC,Chemical_Conversion,Critical,High,Unit_Shutdown,FCC-G83,Honeywell,Honeywell_REACTOR_542
A0167,FCC-REACTOR-009,REACTOR,FCC,Chemical_Conversion,Critical,High,Unit_Shutdown,FCC-K13,Honeywell,Honeywell_REACTOR_155
A0168,FCC-REACTOR-010,REACTOR,FCC,Chemical_Conversion,Critical,High,Unit_Shutdown,FCC-U29,Emerson,Emerson_REACTOR_404
A0169,FCC-REACTOR-011,REACTOR,FCC,Chemical_Conversion,Critical,Very_High,Production_Impact,FCC-C85,Emerson,Emerson_REACTOR_311
A0170,FCC-REACTOR-012,REACTOR,FCC,Chemical_Conversion,Critical,High,Production_Impact,FCC-G43,Sulzer,Sulzer_REACTOR_993
A0171,FCC-REACTOR-013,REACTOR,FCC,Chemical_Conversion,Critical,Very_High,Unit_Shutdown,FCC-S66,Flowserve,Flowserve_REACTOR_889
A0172,FCC-COLUMN-001,COLUMN,FCC,Separation,Critical,Very_High,Unit_Shutdown,FCC-Q66,Siemens,Siemens_COLUMN_289
A0173,FCC-COLUMN-002,COLUMN,FCC,Separation,Critical,Very_High,Unit_Shutdown,FCC-P47,GE,GE_COLUMN_892
A0174,FCC-COLUMN-003,COLUMN,FCC,Separation,Critical,High,Production_Impact,FCC-H43,KSB,KSB_COLUMN_479
A0175,FCC-COLUMN-004,COLUMN,FCC,Separation,Critical,High,Production_Impact,FCC-P66,Siemens,Siemens_COLUMN_801
A0176,FCC-COLUMN-005,COLUMN,FCC,Separation,Critical,Very_High,Unit_Shutdown,FCC-S9,Sulzer,Sulzer_COLUMN_998
A0177,FCC-COLUMN-006,COLUMN,FCC,Separation,Critical,Very_High,Production_Impact,FCC-L84,Sulzer,Sulzer_COLUMN_177
A0178,FCC-COLUMN-007,COLUMN,FCC,Separation,Critical,Very_High,Unit_Shutdown,FCC-J37,GE,GE_COLUMN_766
A0179,FCC-COLUMN-008,COLUMN,FCC,Separation,Critical,High,Unit_Shutdown,FCC-Z37,KSB,KSB_COLUMN_709
A0180,FCC-COLUMN-009,COLUMN,FCC,Separation,Critical,High,Production_Impact,FCC-W80,Emerson,Emerson_COLUMN_201
A0181,FCC-COLUMN-010,COLUMN,FCC,Separation,Critical,High,Unit_Shutdown,FCC-M65,KSB,KSB_COLUMN_923
A0182,FCC-COLUMN-011,COLUMN,FCC,Separation,Critical,High,Unit_Shutdown,FCC-U55,KSB,KSB_COLUMN_430
A0183,FCC-COLUMN-012,COLUMN,FCC,Separation,Critical,High,Unit_Shutdown,FCC-O1,Siemens,Siemens_COLUMN_375
A0184,FCC-FURNACE-001,FURNACE,FCC,Heat_Generation,Critical,Very_High,Unit_Shutdown,FCC-J15,Flowserve,Flowserve_FURNACE_235
A0185,FCC-FURNACE-002,FURNACE,FCC,Heat_Generation,Critical,Very_High,Production_Impact,FCC-P41,GE,GE_FURNACE_400
A0186,FCC-FURNACE-003,FURNACE,FCC,Heat_Generation,Critical,Very_High,Unit_Shutdown,FCC-Y67,KSB,KSB_FURNACE_486
A0187,FCC-FURNACE-004,FURNACE,FCC,Heat_Generation,Critical,High,Unit_Shutdown,FCC-M47,KSB,KSB_FURNACE_329
A0188,FCC-FURNACE-005,FURNACE,FCC,Heat_Generation,Critical,High,Production_Impact,FCC-K63,Honeywell,Honeywell_FURNACE_216
A0189,FCC-FURNACE-006,FURNACE,FCC,Heat_Generation,Critical,Very_High,Production_Impact,FCC-E11,KSB,KSB_FURNACE_676
A0190,FCC-FURNACE-007,FURNACE,FCC,Heat_Generation,Critical,Very_High,Unit_Shutdown,FCC-G71,Sulzer,Sulzer_FURNACE_624
A0191,FCC-FURNACE-008,FURNACE,FCC,Heat_Generation,Critical,High,Production_Impact,FCC-L12,GE,GE_FURNACE_895
A0192,FCC-FURNACE-009,FURNACE,FCC,Heat_Generation,Critical,High,Unit_Shutdown,FCC-I9,Flowserve,Flowserve_FURNACE_387
A0193,FCC-FURNACE-010,FURNACE,FCC,Heat_Generation,Critical,High,Production_Impact,FCC-O75,Honeywell,Honeywell_FURNACE_1067
A0194,FCC-FURNACE-011,FURNACE,FCC,Heat_Generation,Critical,High,Unit_Shutdown,FCC-J31,GE,GE_FURNACE_894
A0195,FCC-FURNACE-012,FURNACE,FCC,Heat_Generation,Critical,High,Production_Impact,FCC-X84,GE,GE_FURNACE_150
A0196,FCC-VALVE_CONTROL-001,VALVE_CONTROL,FCC,Flow_Control,High,Medium,Production_Impact,FCC-I63,Sulzer,Sulzer_VALVE_CONTROL_145
A0197,FCC-VALVE_CONTROL-002,VALVE_CONTROL,FCC,Flow_Control,High,Medium,Quality_Impact,FCC-Z58,KSB,KSB_VALVE_CONTROL_672
A0198,FCC-VALVE_CONTROL-003,VALVE_CONTROL,FCC,Flow_Control,High,High,Quality_Impact,FCC-W15,Siemens,Siemens_VALVE_CONTROL_767
A0199,FCC-VALVE_CONTROL-004,VALVE_CONTROL,FCC,Flow_Control,High,High,Production_Impact,FCC-O81,Honeywell,Honeywell_VALVE_CONTROL_326
A0200,FCC-VALVE_CONTROL-005,VALVE_CONTROL,FCC,Flow_Control,High,High,Quality_Impact,FCC-O33,Flowserve,Flowserve_VALVE_CONTROL_529
A0201,FCC-VALVE_CONTROL-006,VALVE_CONTROL,FCC,Flow_Control,High,High,Quality_Impact,FCC-O51,Emerson,Emerson_VALVE_CONTROL_286
A0202,FCC-VALVE_CONTROL-007,VALVE_CONTROL,FCC,Flow_Control,High,Medium,Quality_Impact,FCC-G95,Honeywell,Honeywell_VALVE_CONTROL_1010
A0203,FCC-VALVE_CONTROL-008,VALVE_CONTROL,FCC,Flow_Control,High,High,Quality_Impact,FCC-K45,Flowserve,Flowserve_VALVE_CONTROL_560
A0204,FCC-VALVE_CONTROL-009,VALVE_CONTROL,FCC,Flow_Control,High,High,Production_Impact,FCC-F81,KSB,KSB_VALVE_CONTROL_671
A0205,FCC-VALVE_CONTROL-010,VALVE_CONTROL,FCC,Flow_Control,High,High,Quality_Impact,FCC-N60,KSB,KSB_VALVE_CONTROL_491
A0206,FCC-ANALYZER-001,ANALYZER,FCC,Quality_Measurement,Medium,Low,Maintenance_Required,FCC-Z7,Siemens,Siemens_ANALYZER_772
A0207,FCC-ANALYZER-002,ANALYZER,FCC,Quality_Measurement,Medium,Medium,Maintenance_Required,FCC-B53,Sulzer,Sulzer_ANALYZER_943
A0208,FCC-ANALYZER-003,ANALYZER,FCC,Quality_Measurement,Medium,Medium,Quality_Impact,FCC-E59,Flowserve,Flowserve_ANALYZER_998
A0209,FCC-ANALYZER-004,ANALYZER,FCC,Quality_Measurement,Medium,Medium,Maintenance_Required,FCC-Z10,Flowserve,Flowserve_ANALYZER_117
A0210,FCC-ANALYZER-005,ANALYZER,FCC,Quality_Measurement,Medium,Low,Maintenance_Required,FCC-J99,Grundfos,Grundfos_ANALYZER_208
A0211,FCC-ANALYZER-006,ANALYZER,FCC,Quality_Measurement,Medium,Low,Maintenance_Required,FCC-T77,KSB,KSB_ANALYZER_219
A0212,FCC-ANALYZER-007,ANALYZER,FCC,Quality_Measurement,Medium,Low,Maintenance_Required,FCC-S98,Grundfos,Grundfos_ANALYZER_144
A0213,FCC-ANALYZER-008,ANALYZER,FCC,Quality_Measurement,Medium,Medium,Maintenance_Required,FCC-T18,GE,GE_ANALYZER_965
A0214,FCC-ANALYZER-009,ANALYZER,FCC,Quality_Measurement,Medium,Medium,Maintenance_Required,FCC-P51,GE,GE_ANALYZER_484
A0215,FCC-ANALYZER-010,ANALYZER,FCC,Quality_Measurement,Medium,Low,Maintenance_Required,FCC-Y71,Honeywell,Honeywell_ANALYZER_481
A0216,FCC-ANALYZER-011,ANALYZER,FCC,Quality_Measurement,Medium,Low,Maintenance_Required,FCC-L32,GE,GE_ANALYZER_724
A0217,FCC-ANALYZER-012,ANALYZER,FCC,Quality_Measurement,Medium,Medium,Quality_Impact,FCC-F83,KSB,KSB_ANALYZER_1077
A0218,HDS-PUMP-001,PUMP,HDS,Fluid_Transport,High,High,Production_Impact,HDS-Q2,KSB,KSB_PUMP_915
A0219,HDS-PUMP-002,PUMP,HDS,Fluid_Transport,High,High,Production_Impact,HDS-P40,Grundfos,Grundfos_PUMP_559
A0220,HDS-PUMP-003,PUMP,HDS,Fluid_Transport,High,High,Production_Impact,HDS-I96,Emerson,Emerson_PUMP_819
A0221,HDS-PUMP-004,PUMP,HDS,Fluid_Transport,High,Medium,Production_Impact,HDS-R46,Grundfos,Grundfos_PUMP_412
A0222,HDS-PUMP-005,PUMP,HDS,Fluid_Transport,High,Medium,Production_Impact,HDS-F54,GE,GE_PUMP_532
A0223,HDS-PUMP-006,PUMP,HDS,Fluid_Transport,High,High,Production_Impact,HDS-T67,Siemens,Siemens_PUMP_251
A0224,HDS-PUMP-007,PUMP,HDS,Fluid_Transport,High,High,Production_Impact,HDS-I75,Emerson,Emerson_PUMP_330
A0225,HDS-PUMP-008,PUMP,HDS,Fluid_Transport,High,Medium,Production_Impact,HDS-I14,Grundfos,Grundfos_PUMP_514
A0226,HDS-PUMP-009,PUMP,HDS,Fluid_Transport,High,High,Production_Impact,HDS-C78,GE,GE_PUMP_568
A0227,HDS-PUMP-010,PUMP,HDS,Fluid_Transport,High,High,Quality_Impact,HDS-K65,KSB,KSB_PUMP_440
A0228,HDS-COMPRESSOR-001,COMPRESSOR,HDS,Gas_Compression,Critical,Very_High,Production_Impact,HDS-E55,Honeywell,Honeywell_COMPRESSOR_663
A0229,HDS-COMPRESSOR-002,COMPRESSOR,HDS,Gas_Compression,Critical,Very_High,Production_Impact,HDS-O77,KSB,KSB_COMPRESSOR_376
A0230,HDS-COMPRESSOR-003,COMPRESSOR,HDS,Gas_Compression,Critical,Very_High,Production_Impact,HDS-T53,Emerson,Emerson_COMPRESSOR_852
A0231,HDS-COMPRESSOR-004,COMPRESSOR,HDS,Gas_Compression,Critical,Very_High,Unit_Shutdown,HDS-K50,Sulzer,Sulzer_COMPRESSOR_318
A0232,HDS-COMPRESSOR-005,COMPRESSOR,HDS,Gas_Compression,Critical,Very_High,Unit_Shutdown,HDS-K15,Grundfos,Grundfos_COMPRESSOR_1042
A0233,HDS-COMPRESSOR-006,COMPRESSOR,HDS,Gas_Compression,Critical,High,Production_Impact,HDS-C92,Sulzer,Sulzer_COMPRESSOR_113
A0234,HDS-COMPRESSOR-007,COMPRESSOR,HDS,Gas_Compression,Critical,Very_High,Unit_Shutdown,HDS-D88,GE,GE_COMPRESSOR_951
A0235,HDS-COMPRESSOR-008,COMPRESSOR,HDS,Gas_Compression,Critical,High,Production_Impact,HDS-P84,Siemens,Siemens_COMPRESSOR_499
A0236,HDS-COMPRESSOR-009,COMPRESSOR,HDS,Gas_Compression,Critical,High,Unit_Shutdown,HDS-N44,KSB,KSB_COMPRESSOR_183
A0237,HDS-HEAT_EXCHANGER-001,HEAT_EXCHANGER,HDS,Heat_Transfer,Medium,Low,Quality_Impact,HDS-N61,KSB,KSB_HEAT_EXCHANGER_297
A0238,HDS-HEAT_EXCHANGER-002,HEAT_EXCHANGER,HDS,Heat_Transfer,Medium,Low,Maintenance_Required,HDS-B25,Flowserve,Flowserve_HEAT_EXCHANGER_240
A0239,HDS-HEAT_EXCHANGER-003,HEAT_EXCHANGER,HDS,Heat_Transfer,Medium,Low,Quality_Impact,HDS-B61,Sulzer,Sulzer_HEAT_EXCHANGER_992
A0240,HDS-HEAT_EXCHANGER-004,HEAT_EXCHANGER,HDS,Heat_Transfer,Medium,Low,Quality_Impact,HDS-A74,Sulzer,Sulzer_HEAT_EXCHANGER_709
A0241,HDS-HEAT_EXCHANGER-005,HEAT_EXCHANGER,HDS,Heat_Transfer,Medium,Medium,Maintenance_Required,HDS-J52,GE,GE_HEAT_EXCHANGER_156
A0242,HDS-HEAT_EXCHANGER-006,HEAT_EXCHANGER,HDS,Heat_Transfer,Medium,Low,Maintenance_Required,HDS-K30,Siemens,Siemens_HEAT_EXCHANGER_844
A0243,HDS-HEAT_EXCHANGER-007,HEAT_EXCHANGER,HDS,Heat_Transfer,Medium,Low,Quality_Impact,HDS-O23,Siemens,Siemens_HEAT_EXCHANGER_469
A0244,HDS-HEAT_EXCHANGER-008,HEAT_EXCHANGER,HDS,Heat_Transfer,Medium,Medium,Maintenance_Required,HDS-A85,GE,GE_HEAT_EXCHANGER_504
A0245,HDS-HEAT_EXCHANGER-009,HEAT_EXCHANGER,HDS,Heat_Transfer,Medium,Low,Maintenance_Required,HDS-I57,GE,GE_HEAT_EXCHANGER_1065
A0246,HDS-HEAT_EXCHANGER-010,HEAT_EXCHANGER,HDS,Heat_Transfer,Medium,Low,Maintenance_Required,HDS-M22,Siemens,Siemens_HEAT_EXCHANGER_628
A0247,HDS-HEAT_EXCHANGER-011,HEAT_EXCHANGER,HDS,Heat_Transfer,Medium,Medium,Quality_Impact,HDS-Q73,KSB,KSB_HEAT_EXCHANGER_597
A0248,HDS-REACTOR-001,REACTOR,HDS,Chemical_Conversion,Critical,Very_High,Production_Impact,HDS-F25,Sulzer,Sulzer_REACTOR_657
A0249,HDS-REACTOR-002,REACTOR,HDS,Chemical_Conversion,Critical,High,Unit_Shutdown,HDS-S67,Honeywell,Honeywell_REACTOR_874
A0250,HDS-REACTOR-003,REACTOR,HDS,Chemical_Conversion,Critical,Very_High,Production_Impact,HDS-A70,Grundfos,Grundfos_REACTOR_1071
A0251,HDS-REACTOR-004,REACTOR,HDS,Chemical_Conversion,Critical,High,Unit_Shutdown,HDS-I55,Grundfos,Grundfos_REACTOR_416
A0252,HDS-REACTOR-005,REACTOR,HDS,Chemical_Conversion,Critical,Very_High,Production_Impact,HDS-I16,GE,GE_REACTOR_368
A0253,HDS-REACTOR-006,REACTOR,HDS,Chemical_Conversion,Critical,Very_High,Production_Impact,HDS-X86,Sulzer,Sulzer_REACTOR_1083
A0254,HDS-REACTOR-007,REACTOR,HDS,Chemical_Conversion,Critical,Very_High,Production_Impact,HDS-K40,Flowserve,Flowserve_REACTOR_839
A0255,HDS-REACTOR-008,REACTOR,HDS,Chemical_Conversion,Critical,Very_High,Production_Impact,HDS-E32,Emerson,Emerson_REACTOR_602
A0256,HDS-REACTOR-009,REACTOR,HDS,Chemical_Conversion,Critical,Very_High,Production_Impact,HDS-N3,Grundfos,Grundfos_REACTOR_847
A0257,HDS-REACTOR-010,REACTOR,HDS,Chemical_Conversion,Critical,High,Production_Impact,HDS-Z17,Flowserve,Flowserve_REACTOR_697
A0258,HDS-COLUMN-001,COLUMN,HDS,Separation,Critical,High,Unit_Shutdown,HDS-B97,Siemens,Siemens_COLUMN_485
A0259,HDS-COLUMN-002,COLUMN,HDS,Separation,Critical,Very_High,Production_Impact,HDS-P69,Grundfos,Grundfos_COLUMN_485
A0260,HDS-COLUMN-003,COLUMN,HDS,Separation,Critical,High,Production_Impact,HDS-H46,Emerson,Emerson_COLUMN_967
A0261,HDS-COLUMN-004,COLUMN,HDS,Separation,Critical,High,Unit_Shutdown,HDS-S75,Siemens,Siemens_COLUMN_1039
A0262,HDS-COLUMN-005,COLUMN,HDS,Separation,Critical,High,Unit_Shutdown,HDS-D29,Grundfos,Grundfos_COLUMN_711
A0263,HDS-COLUMN-006,COLUMN,HDS,Separation,Critical,Very_High,Unit_Shutdown,HDS-W61,Sulzer,Sulzer_COLUMN_502
A0264,HDS-COLUMN-007,COLUMN,HDS,Separation,Critical,Very_High,Unit_Shutdown,HDS-R36,Siemens,Siemens_COLUMN_263
A0265,HDS-COLUMN-008,COLUMN,HDS,Separation,Critical,Very_High,Unit_Shutdown,HDS-K2,Grundfos,Grundfos_COLUMN_214
A0266,HDS-COLUMN-009,COLUMN,HDS,Separation,Critical,Very_High,Production_Impact,HDS-T59,Siemens,Siemens_COLUMN_661
A0267,HDS-COLUMN-010,COLUMN,HDS,Separation,Critical,Very_High,Unit_Shutdown,HDS-G92,Sulzer,Sulzer_COLUMN_506
A0268,HDS-FURNACE-001,FURNACE,HDS,Heat_Generation,Critical,Very_High,Unit_Shutdown,HDS-U73,GE,GE_FURNACE_284
A0269,HDS-FURNACE-002,FURNACE,HDS,Heat_Generation,Critical,High,Unit_Shutdown,HDS-W4,Siemens,Siemens_FURNACE_943
A0270,HDS-FURNACE-003,FURNACE,HDS,Heat_Generation,Critical,High,Unit_Shutdown,HDS-L81,Honeywell,Honeywell_FURNACE_546
A0271,HDS-FURNACE-004,FURNACE,HDS,Heat_Generation,Critical,High,Unit_Shutdown,HDS-G77,Flowserve,Flowserve_FURNACE_681
A0272,HDS-FURNACE-005,FURNACE,HDS,Heat_Generation,Critical,High,Unit_Shutdown,HDS-R17,Sulzer,Sulzer_FURNACE_380
A0273,HDS-FURNACE-006,FURNACE,HDS,Heat_Generation,Critical,Very_High,Unit_Shutdown,HDS-O85,KSB,KSB_FURNACE_425
A0274,HDS-FURNACE-007,FURNACE,HDS,Heat_Generation,Critical,High,Unit_Shutdown,HDS-E84,Siemens,Siemens_FURNACE_614
A0275,HDS-FURNACE-008,FURNACE,HDS,Heat_Generation,Critical,High,Production_Impact,HDS-S61,Honeywell,Honeywell_FURNACE_1037
A0276,HDS-FURNACE-009,FURNACE,HDS,Heat_Generation,Critical,High,Production_Impact,HDS-B3,GE,GE_FURNACE_219
A0277,HDS-FURNACE-010,FURNACE,HDS,Heat_Generation,Critical,Very_High,Production_Impact,HDS-V55,Flowserve,Flowserve_FURNACE_323
A0278,HDS-VALVE_CONTROL-001,VALVE_CONTROL,HDS,Flow_Control,High,Medium,Quality_Impact,HDS-B13,Siemens,Siemens_VALVE_CONTROL_472
A0279,HDS-VALVE_CONTROL-002,VALVE_CONTROL,HDS,Flow_Control,High,Medium,Quality_Impact,HDS-U88,Siemens,Siemens_VALVE_CONTROL_903
A0280,HDS-VALVE_CONTROL-003,VALVE_CONTROL,HDS,Flow_Control,High,Medium,Production_Impact,HDS-G11,KSB,KSB_VALVE_CONTROL_421
A0281,HDS-VALVE_CONTROL-004,VALVE_CONTROL,HDS,Flow_Control,High,High,Quality_Impact,HDS-R3,Sulzer,Sulzer_VALVE_CONTROL_347
A0282,HDS-VALVE_CONTROL-005,VALVE_CONTROL,HDS,Flow_Control,High,High,Production_Impact,HDS-K99,Flowserve,Flowserve_VALVE_CONTROL_888
A0283,HDS-VALVE_CONTROL-006,VALVE_CONTROL,HDS,Flow_Control,High,High,Quality_Impact,HDS-L34,GE,GE_VALVE_CONTROL_767
A0284,HDS-VALVE_CONTROL-007,VALVE_CONTROL,HDS,Flow_Control,High,High,Production_Impact,HDS-L28,Flowserve,Flowserve_VALVE_CONTROL_357
A0285,HDS-VALVE_CONTROL-008,VALVE_CONTROL,HDS,Flow_Control,High,Medium,Quality_Impact,HDS-P97,Honeywell,Honeywell_VALVE_CONTROL_819
A0286,HDS-VALVE_CONTROL-009,VALVE_CONTROL,HDS,Flow_Control,High,High,Quality_Impact,HDS-H35,Sulzer,Sulzer_VALVE_CONTROL_238
A0287,HDS-VALVE_CONTROL-010,VALVE_CONTROL,HDS,Flow_Control,High,High,Production_Impact,HDS-Q71,Siemens,Siemens_VALVE_CONTROL_886
A0288,HDS-VALVE_CONTROL-011,VALVE_CONTROL,HDS,Flow_Control,High,High,Production_Impact,HDS-G98,Siemens,Siemens_VALVE_CONTROL_287
A0289,HDS-ANALYZER-001,ANALYZER,HDS,Quality_Measurement,Medium,Medium,Maintenance_Required,HDS-Y66,KSB,KSB_ANALYZER_897
A0290,HDS-ANALYZER-002,ANALYZER,HDS,Quality_Measurement,Medium,Low,Quality_Impact,HDS-A65,KSB,KSB_ANALYZER_987
A0291,HDS-ANALYZER-003,ANALYZER,HDS,Quality_Measurement,Medium,Medium,Maintenance_Required,HDS-Z86,GE,GE_ANALYZER_869
A0292,HDS-ANALYZER-004,ANALYZER,HDS,Quality_Measurement,Medium,Low,Maintenance_Required,HDS-Z90,Sulzer,Sulzer_ANALYZER_682
A0293,HDS-ANALYZER-005,ANALYZER,HDS,Quality_Measurement,Medium,Low,Maintenance_Required,HDS-X55,Emerson,Emerson_ANALYZER_874
A0294,HDS-ANALYZER-006,ANALYZER,HDS,Quality_Measurement,Medium,Low,Maintenance_Required,HDS-J34,Grundfos,Grundfos_ANALYZER_333
A0295,HDS-ANALYZER-007,ANALYZER,HDS,Quality_Measurement,Medium,Medium,Quality_Impact,HDS-D82,GE,GE_ANALYZER_775
A0296,HDS-ANALYZER-008,ANALYZER,HDS,Quality_Measurement,Medium,Low,Maintenance_Required,HDS-V26,Flowserve,Flowserve_ANALYZER_131
A0297,HDS-ANALYZER-009,ANALYZER,HDS,Quality_Measurement,Medium,Medium,Maintenance_Required,HDS-Z5,KSB,KSB_ANALYZER_784
A0298,HDS-ANALYZER-010,ANALYZER,HDS,Quality_Measurement,Medium,Medium,Quality_Impact,HDS-S79,Siemens,Siemens_ANALYZER_381
A0299,CCR-PUMP-001,PUMP,CCR,Fluid_Transport,High,Medium,Production_Impact,CCR-Z93,KSB,KSB_PUMP_833
A0300,CCR-PUMP-002,PUMP,CCR,Fluid_Transport,High,High,Production_Impact,CCR-T15,Grundfos,Grundfos_PUMP_1026
A0301,CCR-PUMP-003,PUMP,CCR,Fluid_Transport,High,High,Quality_Impact,CCR-S96,Flowserve,Flowserve_PUMP_1058
A0302,CCR-PUMP-004,PUMP,CCR,Fluid_Transport,High,Medium,Quality_Impact,CCR-V26,Siemens,Siemens_PUMP_681
A0303,CCR-PUMP-005,PUMP,CCR,Fluid_Transport,High,High,Production_Impact,CCR-I50,KSB,KSB_PUMP_345
A0304,CCR-PUMP-006,PUMP,CCR,Fluid_Transport,High,Medium,Quality_Impact,CCR-J11,GE,GE_PUMP_490
A0305,CCR-PUMP-007,PUMP,CCR,Fluid_Transport,High,High,Production_Impact,CCR-J41,Honeywell,Honeywell_PUMP_746
A0306,CCR-COMPRESSOR-001,COMPRESSOR,CCR,Gas_Compression,Critical,Very_High,Production_Impact,CCR-Y51,GE,GE_COMPRESSOR_130
A0307,CCR-COMPRESSOR-002,COMPRESSOR,CCR,Gas_Compression,Critical,High,Unit_Shutdown,CCR-Y38,Flowserve,Flowserve_COMPRESSOR_574
A0308,CCR-COMPRESSOR-003,COMPRESSOR,CCR,Gas_Compression,Critical,High,Unit_Shutdown,CCR-V80,GE,GE_COMPRESSOR_1002
A0309,CCR-COMPRESSOR-004,COMPRESSOR,CCR,Gas_Compression,Critical,High,Production_Impact,CCR-K10,Flowserve,Flowserve_COMPRESSOR_575
A0310,CCR-COMPRESSOR-005,COMPRESSOR,CCR,Gas_Compression,Critical,High,Production_Impact,CCR-H45,Sulzer,Sulzer_COMPRESSOR_796
A0311,CCR-COMPRESSOR-006,COMPRESSOR,CCR,Gas_Compression,Critical,High,Unit_Shutdown,CCR-C62,Flowserve,Flowserve_COMPRESSOR_148
A0312,CCR-COMPRESSOR-007,COMPRESSOR,CCR,Gas_Compression,Critical,High,Production_Impact,CCR-G66,Siemens,Siemens_COMPRESSOR_645
A0313,CCR-COMPRESSOR-008,COMPRESSOR,CCR,Gas_Compression,Critical,High,Unit_Shutdown,CCR-T27,Emerson,Emerson_COMPRESSOR_728
A0314,CCR-COMPRESSOR-009,COMPRESSOR,CCR,Gas_Compression,Critical,Very_High,Unit_Shutdown,CCR-B48,KSB,KSB_COMPRESSOR_378
A0315,CCR-HEAT_EXCHANGER-001,HEAT_EXCHANGER,CCR,Heat_Transfer,Medium,Low,Maintenance_Required,CCR-B99,Flowserve,Flowserve_HEAT_EXCHANGER_751
A0316,CCR-HEAT_EXCHANGER-002,HEAT_EXCHANGER,CCR,Heat_Transfer,Medium,Low,Quality_Impact,CCR-U1,KSB,KSB_HEAT_EXCHANGER_171
A0317,CCR-HEAT_EXCHANGER-003,HEAT_EXCHANGER,CCR,Heat_Transfer,Medium,Low,Quality_Impact,CCR-K56,KSB,KSB_HEAT_EXCHANGER_1032
A0318,CCR-HEAT_EXCHANGER-004,HEAT_EXCHANGER,CCR,Heat_Transfer,Medium,Medium,Maintenance_Required,CCR-Z99,Honeywell,Honeywell_HEAT_EXCHANGER_345
A0319,CCR-HEAT_EXCHANGER-005,HEAT_EXCHANGER,CCR,Heat_Transfer,Medium,Low,Quality_Impact,CCR-R24,Flowserve,Flowserve_HEAT_EXCHANGER_1040
A0320,CCR-HEAT_EXCHANGER-006,HEAT_EXCHANGER,CCR,Heat_Transfer,Medium,Low,Maintenance_Required,CCR-W33,Siemens,Siemens_HEAT_EXCHANGER_829
A0321,CCR-REACTOR-001,REACTOR,CCR,Chemical_Conversion,Critical,High,Unit_Shutdown,CCR-J54,Siemens,Siemens_REACTOR_245
A0322,CCR-REACTOR-002,REACTOR,CCR,Chemical_Conversion,Critical,Very_High,Unit_Shutdown,CCR-G39,Grundfos,Grundfos_REACTOR_878
A0323,CCR-REACTOR-003,REACTOR,CCR,Chemical_Conversion,Critical,High,Production_Impact,CCR-F59,Sulzer,Sulzer_REACTOR_916
A0324,CCR-REACTOR-004,REACTOR,CCR,Chemical_Conversion,Critical,High,Unit_Shutdown,CCR-U42,Siemens,Siemens_REACTOR_216
A0325,CCR-REACTOR-005,REACTOR,CCR,Chemical_Conversion,Critical,Very_High,Unit_Shutdown,CCR-F23,Sulzer,Sulzer_REACTOR_947
A0326,CCR-REACTOR-006,REACTOR,CCR,Chemical_Conversion,Critical,Very_High,Unit_Shutdown,CCR-O70,GE,GE_REACTOR_769
A0327,CCR-REACTOR-007,REACTOR,CCR,Chemical_Conversion,Critical,Very_High,Unit_Shutdown,CCR-L96,KSB,KSB_REACTOR_760
A0328,CCR-REACTOR-008,REACTOR,CCR,Chemical_Conversion,Critical,High,Production_Impact,CCR-T12,Flowserve,Flowserve_REACTOR_352
A0329,CCR-COLUMN-001,COLUMN,CCR,Separation,Critical,High,Production_Impact,CCR-U29,KSB,KSB_COLUMN_1012
A0330,CCR-COLUMN-002,COLUMN,CCR,Separation,Critical,High,Unit_Shutdown,CCR-D65,Honeywell,Honeywell_COLUMN_830
A0331,CCR-COLUMN-003,COLUMN,CCR,Separation,Critical,Very_High,Unit_Shutdown,CCR-N58,Grundfos,Grundfos_COLUMN_239
A0332,CCR-COLUMN-004,COLUMN,CCR,Separation,Critical,Very_High,Unit_Shutdown,CCR-N45,Emerson,Emerson_COLUMN_600
A0333,CCR-COLUMN-005,COLUMN,CCR,Separation,Critical,Very_High,Production_Impact,CCR-Y90,Sulzer,Sulzer_COLUMN_684
A0334,CCR-COLUMN-006,COLUMN,CCR,Separation,Critical,Very_High,Unit_Shutdown,CCR-P94,Honeywell,Honeywell_COLUMN_913
A0335,CCR-COLUMN-007,COLUMN,CCR,Separation,Critical,Very_High,Production_Impact,CCR-H99,Grundfos,Grundfos_COLUMN_578
A0336,CCR-COLUMN-008,COLUMN,CCR,Separation,Critical,High,Unit_Shutdown,CCR-Z99,GE,GE_COLUMN_378
A0337,CCR-COLUMN-009,COLUMN,CCR,Separation,Critical,Very_High,Production_Impact,CCR-E97,Emerson,Emerson_COLUMN_192
A0338,CCR-FURNACE-001,FURNACE,CCR,Heat_Generation,Critical,Very_High,Unit_Shutdown,CCR-E16,Flowserve,Flowserve_FURNACE_1077
A0339,CCR-FURNACE-002,FURNACE,CCR,Heat_Generation,Critical,High,Unit_Shutdown,CCR-T80,GE,GE_FURNACE_948
A0340,CCR-FURNACE-003,FURNACE,CCR,Heat_Generation,Critical,High,Production_Impact,CCR-H27,Flowserve,Flowserve_FURNACE_762
A0341,CCR-FURNACE-004,FURNACE,CCR,Heat_Generation,Critical,High,Production_Impact,CCR-M36,Sulzer,Sulzer_FURNACE_508
A0342,CCR-FURNACE-005,FURNACE,CCR,Heat_Generation,Critical,Very_High,Production_Impact,CCR-G11,Grundfos,Grundfos_FURNACE_237
A0343,CCR-FURNACE-006,FURNACE,CCR,Heat_Generation,Critical,Very_High,Production_Impact,CCR-K58,Honeywell,Honeywell_FURNACE_279
A0344,CCR-FURNACE-007,FURNACE,CCR,Heat_Generation,Critical,High,Production_Impact,CCR-L80,Honeywell,Honeywell_FURNACE_677
A0345,CCR-FURNACE-008,FURNACE,CCR,Heat_Generation,Critical,High,Production_Impact,CCR-C76,Grundfos,Grundfos_FURNACE_955
A0346,CCR-VALVE_CONTROL-001,VALVE_CONTROL,CCR,Flow_Control,High,High,Quality_Impact,CCR-R70,Sulzer,Sulzer_VALVE_CONTROL_544
A0347,CCR-VALVE_CONTROL-002,VALVE_CONTROL,CCR,Flow_Control,High,High,Production_Impact,CCR-K76,Sulzer,Sulzer_VALVE_CONTROL_685
A0348,CCR-VALVE_CONTROL-003,VALVE_CONTROL,CCR,Flow_Control,High,Medium,Production_Impact,CCR-Q22,Emerson,Emerson_VALVE_CONTROL_332
A0349,CCR-VALVE_CONTROL-004,VALVE_CONTROL,CCR,Flow_Control,High,High,Quality_Impact,CCR-M50,Grundfos,Grundfos_VALVE_CONTROL_489
A0350,CCR-VALVE_CONTROL-005,VALVE_CONTROL,CCR,Flow_Control,High,High,Production_Impact,CCR-H34,Grundfos,Grundfos_VALVE_CONTROL_428
A0351,CCR-VALVE_CONTROL-006,VALVE_CONTROL,CCR,Flow_Control,High,High,Production_Impact,CCR-O25,Honeywell,Honeywell_VALVE_CONTROL_166
A0352,CCR-VALVE_CONTROL-007,VALVE_CONTROL,CCR,Flow_Control,High,High,Production_Impact,CCR-K25,Sulzer,Sulzer_VALVE_CONTROL_541
A0353,CCR-ANALYZER-001,ANALYZER,CCR,Quality_Measurement,Medium,Medium,Maintenance_Required,CCR-X95,Siemens,Siemens_ANALYZER_878
A0354,CCR-ANALYZER-002,ANALYZER,CCR,Quality_Measurement,Medium,Low,Maintenance_Required,CCR-N36,GE,GE_ANALYZER_840
A0355,CCR-ANALYZER-003,ANALYZER,CCR,Quality_Measurement,Medium,Medium,Maintenance_Required,CCR-S56,KSB,KSB_ANALYZER_159
A0356,CCR-ANALYZER-004,ANALYZER,CCR,Quality_Measurement,Medium,Low,Maintenance_Required,CCR-J11,Grundfos,Grundfos_ANALYZER_677
A0357,CCR-ANALYZER-005,ANALYZER,CCR,Quality_Measurement,Medium,Medium,Maintenance_Required,CCR-N28,KSB,KSB_ANALYZER_555
A0358,CCR-ANALYZER-006,ANALYZER,CCR,Quality_Measurement,Medium,Low,Maintenance_Required,CCR-Z90,Honeywell,Honeywell_ANALYZER_691
A0359,CCR-ANALYZER-007,ANALYZER,CCR,Quality_Measurement,Medium,Low,Maintenance_Required,CCR-N35,KSB,KSB_ANALYZER_911
A0360,ALKYL-PUMP-001,PUMP,ALKYL,Fluid_Transport,High,High,Production_Impact,ALKYL-L67,GE,GE_PUMP_649
A0361,ALKYL-PUMP-002,PUMP,ALKYL,Fluid_Transport,High,High,Production_Impact,ALKYL-P84,Siemens,Siemens_PUMP_580
A0362,ALKYL-PUMP-003,PUMP,ALKYL,Fluid_Transport,High,High,Production_Impact,ALKYL-C35,Siemens,Siemens_PUMP_549
A0363,ALKYL-PUMP-004,PUMP,ALKYL,Fluid_Transport,High,High,Quality_Impact,ALKYL-I30,Grundfos,Grundfos_PUMP_894
A0364,ALKYL-PUMP-005,PUMP,ALKYL,Fluid_Transport,High,Medium,Production_Impact,ALKYL-Q90,Flowserve,Flowserve_PUMP_349
A0365,ALKYL-COMPRESSOR-001,COMPRESSOR,ALKYL,Gas_Compression,Critical,Very_High,Unit_Shutdown,ALKYL-B28,Siemens,Siemens_COMPRESSOR_362
A0366,ALKYL-COMPRESSOR-002,COMPRESSOR,ALKYL,Gas_Compression,Critical,Very_High,Production_Impact,ALKYL-J15,Sulzer,Sulzer_COMPRESSOR_808
A0367,ALKYL-COMPRESSOR-003,COMPRESSOR,ALKYL,Gas_Compression,Critical,High,Production_Impact,ALKYL-N69,KSB,KSB_COMPRESSOR_527
A0368,ALKYL-COMPRESSOR-004,COMPRESSOR,ALKYL,Gas_Compression,Critical,High,Production_Impact,ALKYL-I81,GE,GE_COMPRESSOR_662
A0369,ALKYL-COMPRESSOR-005,COMPRESSOR,ALKYL,Gas_Compression,Critical,High,Production_Impact,ALKYL-Y71,Grundfos,Grundfos_COMPRESSOR_273
A0370,ALKYL-COMPRESSOR-006,COMPRESSOR,ALKYL,Gas_Compression,Critical,Very_High,Unit_Shutdown,ALKYL-D49,Flowserve,Flowserve_COMPRESSOR_669
A0371,ALKYL-HEAT_EXCHANGER-001,HEAT_EXCHANGER,ALKYL,Heat_Transfer,Medium,Medium,Quality_Impact,ALKYL-E13,Honeywell,Honeywell_HEAT_EXCHANGER_138
A0372,ALKYL-HEAT_EXCHANGER-002,HEAT_EXCHANGER,ALKYL,Heat_Transfer,Medium,Low,Maintenance_Required,ALKYL-W97,Honeywell,Honeywell_HEAT_EXCHANGER_386
A0373,ALKYL-HEAT_EXCHANGER-003,HEAT_EXCHANGER,ALKYL,Heat_Transfer,Medium,Medium,Maintenance_Required,ALKYL-D99,Emerson,Emerson_HEAT_EXCHANGER_386
A0374,ALKYL-HEAT_EXCHANGER-004,HEAT_EXCHANGER,ALKYL,Heat_Transfer,Medium,Medium,Maintenance_Required,ALKYL-S46,Honeywell,Honeywell_HEAT_EXCHANGER_876
A0375,ALKYL-HEAT_EXCHANGER-005,HEAT_EXCHANGER,ALKYL,Heat_Transfer,Medium,Low,Quality_Impact,ALKYL-N44,Emerson,Emerson_HEAT_EXCHANGER_1087
A0376,ALKYL-HEAT_EXCHANGER-006,HEAT_EXCHANGER,ALKYL,Heat_Transfer,Medium,Medium,Maintenance_Required,ALKYL-E93,KSB,KSB_HEAT_EXCHANGER_187
A0377,ALKYL-HEAT_EXCHANGER-007,HEAT_EXCHANGER,ALKYL,Heat_Transfer,Medium,Low,Maintenance_Required,ALKYL-A97,Sulzer,Sulzer_HEAT_EXCHANGER_894
A0378,ALKYL-REACTOR-001,REACTOR,ALKYL,Chemical_Conversion,Critical,High,Unit_Shutdown,ALKYL-R46,Honeywell,Honeywell_REACTOR_753
A0379,ALKYL-REACTOR-002,REACTOR,ALKYL,Chemical_Conversion,Critical,Very_High,Production_Impact,ALKYL-V70,KSB,KSB_REACTOR_601
A0380,ALKYL-REACTOR-003,REACTOR,ALKYL,Chemical_Conversion,Critical,High,Unit_Shutdown,ALKYL-V89,Flowserve,Flowserve_REACTOR_709
A0381,ALKYL-REACTOR-004,REACTOR,ALKYL,Chemical_Conversion,Critical,High,Production_Impact,ALKYL-T56,Siemens,Siemens_REACTOR_809
A0382,ALKYL-REACTOR-005,REACTOR,ALKYL,Chemical_Conversion,Critical,Very_High,Production_Impact,ALKYL-L44,Flowserve,Flowserve_REACTOR_287
A0383,ALKYL-REACTOR-006,REACTOR,ALKYL,Chemical_Conversion,Critical,High,Unit_Shutdown,ALKYL-Q27,KSB,KSB_REACTOR_1084
A0384,ALKYL-COLUMN-001,COLUMN,ALKYL,Separation,Critical,Very_High,Unit_Shutdown,ALKYL-X2,Siemens,Siemens_COLUMN_427
A0385,ALKYL-COLUMN-002,COLUMN,ALKYL,Separation,Critical,Very_High,Production_Impact,ALKYL-X9,Sulzer,Sulzer_COLUMN_1014
A0386,ALKYL-COLUMN-003,COLUMN,ALKYL,Separation,Critical,Very_High,Production_Impact,ALKYL-D32,KSB,KSB_COLUMN_688
A0387,ALKYL-COLUMN-004,COLUMN,ALKYL,Separation,Critical,Very_High,Unit_Shutdown,ALKYL-A62,Siemens,Siemens_COLUMN_900
A0388,ALKYL-COLUMN-005,COLUMN,ALKYL,Separation,Critical,High,Unit_Shutdown,ALKYL-N23,Sulzer,Sulzer_COLUMN_471
A0389,ALKYL-COLUMN-006,COLUMN,ALKYL,Separation,Critical,Very_High,Production_Impact,ALKYL-T41,Emerson,Emerson_COLUMN_879
A0390,ALKYL-FURNACE-001,FURNACE,ALKYL,Heat_Generation,Critical,High,Unit_Shutdown,ALKYL-D59,Sulzer,Sulzer_FURNACE_482
A0391,ALKYL-FURNACE-002,FURNACE,ALKYL,Heat_Generation,Critical,Very_High,Unit_Shutdown,ALKYL-Q52,Grundfos,Grundfos_FURNACE_778
A0392,ALKYL-FURNACE-003,FURNACE,ALKYL,Heat_Generation,Critical,High,Unit_Shutdown,ALKYL-C87,Grundfos,Grundfos_FURNACE_930
A0393,ALKYL-FURNACE-004,FURNACE,ALKYL,Heat_Generation,Critical,High,Production_Impact,ALKYL-A91,Siemens,Siemens_FURNACE_857
A0394,ALKYL-FURNACE-005,FURNACE,ALKYL,Heat_Generation,Critical,High,Unit_Shutdown,ALKYL-V60,Grundfos,Grundfos_FURNACE_711
A0395,ALKYL-VALVE_CONTROL-001,VALVE_CONTROL,ALKYL,Flow_Control,High,Medium,Quality_Impact,ALKYL-N50,Grundfos,Grundfos_VALVE_CONTROL_307
A0396,ALKYL-VALVE_CONTROL-002,VALVE_CONTROL,ALKYL,Flow_Control,High,Medium,Quality_Impact,ALKYL-T49,GE,GE_VALVE_CONTROL_418
A0397,ALKYL-VALVE_CONTROL-003,VALVE_CONTROL,ALKYL,Flow_Control,High,Medium,Production_Impact,ALKYL-U89,KSB,KSB_VALVE_CONTROL_197
A0398,ALKYL-VALVE_CONTROL-004,VALVE_CONTROL,ALKYL,Flow_Control,High,High,Production_Impact,ALKYL-K55,Flowserve,Flowserve_VALVE_CONTROL_626
A0399,ALKYL-VALVE_CONTROL-005,VALVE_CONTROL,ALKYL,Flow_Control,High,High,Quality_Impact,ALKYL-R29,Grundfos,Grundfos_VALVE_CONTROL_736
A0400,ALKYL-VALVE_CONTROL-006,VALVE_CONTROL,ALKYL,Flow_Control,High,High,Production_Impact,ALKYL-H48,Siemens,Siemens_VALVE_CONTROL_360
A0401,ALKYL-VALVE_CONTROL-007,VALVE_CONTROL,ALKYL,Flow_Control,High,Medium,Quality_Impact,ALKYL-N72,Honeywell,Honeywell_VALVE_CONTROL_325
A0402,ALKYL-ANALYZER-001,ANALYZER,ALKYL,Quality_Measurement,Medium,Low,Maintenance_Required,ALKYL-K77,Honeywell,Honeywell_ANALYZER_147
A0403,ALKYL-ANALYZER-002,ANALYZER,ALKYL,Quality_Measurement,Medium,Medium,Quality_Impact,ALKYL-N95,GE,GE_ANALYZER_179
A0404,ALKYL-ANALYZER-003,ANALYZER,ALKYL,Quality_Measurement,Medium,Low,Quality_Impact,ALKYL-U75,Flowserve,Flowserve_ANALYZER_363
A0405,ALKYL-ANALYZER-004,ANALYZER,ALKYL,Quality_Measurement,Medium,Medium,Maintenance_Required,ALKYL-M35,KSB,KSB_ANALYZER_655
A0406,ALKYL-ANALYZER-005,ANALYZER,ALKYL,Quality_Measurement,Medium,Medium,Maintenance_Required,ALKYL-S7,Sulzer,Sulzer_ANALYZER_829
A0407,ALKYL-ANALYZER-006,ANALYZER,ALKYL,Quality_Measurement,Medium,Low,Quality_Impact,ALKYL-R2,Grundfos,Grundfos_ANALYZER_745
A0408,UTILITIES-PUMP-001,PUMP,UTILITIES,Fluid_Transport,High,High,Production_Impact,UTILITIES-X63,Emerson,Emerson_PUMP_349
A0409,UTILITIES-PUMP-002,PUMP,UTILITIES,Fluid_Transport,High,Medium,Quality_Impact,UTILITIES-X39,Flowserve,Flowserve_PUMP_589
A0410,UTILITIES-PUMP-003,PUMP,UTILITIES,Fluid_Transport,High,High,Production_Impact,UTILITIES-P24,Flowserve,Flowserve_PUMP_806
A0411,UTILITIES-PUMP-004,PUMP,UTILITIES,Fluid_Transport,High,High,Production_Impact,UTILITIES-I55,KSB,KSB_PUMP_297
A0412,UTILITIES-PUMP-005,PUMP,UTILITIES,Fluid_Transport,High,Medium,Production_Impact,UTILITIES-Q18,GE,GE_PUMP_988
A0413,UTILITIES-PUMP-006,PUMP,UTILITIES,Fluid_Transport,High,High,Production_Impact,UTILITIES-Z47,Emerson,Emerson_PUMP_931
A0414,UTILITIES-PUMP-007,PUMP,UTILITIES,Fluid_Transport,High,High,Production_Impact,UTILITIES-Z7,GE,GE_PUMP_795
A0415,UTILITIES-PUMP-008,PUMP,UTILITIES,Fluid_Transport,High,High,Quality_Impact,UTILITIES-B72,Flowserve,Flowserve_PUMP_181
A0416,UTILITIES-PUMP-009,PUMP,UTILITIES,Fluid_Transport,High,Medium,Production_Impact,UTILITIES-U67,Grundfos,Grundfos_PUMP_569
A0417,UTILITIES-PUMP-010,PUMP,UTILITIES,Fluid_Transport,High,High,Quality_Impact,UTILITIES-W22,KSB,KSB_PUMP_662
A0418,UTILITIES-PUMP-011,PUMP,UTILITIES,Fluid_Transport,High,High,Production_Impact,UTILITIES-B19,Grundfos,Grundfos_PUMP_394
A0419,UTILITIES-COMPRESSOR-001,COMPRESSOR,UTILITIES,Gas_Compression,Critical,High,Unit_Shutdown,UTILITIES-B6,GE,GE_COMPRESSOR_952
A0420,UTILITIES-COMPRESSOR-002,COMPRESSOR,UTILITIES,Gas_Compression,Critical,Very_High,Unit_Shutdown,UTILITIES-E17,Sulzer,Sulzer_COMPRESSOR_1080
A0421,UTILITIES-COMPRESSOR-003,COMPRESSOR,UTILITIES,Gas_Compression,Critical,Very_High,Unit_Shutdown,UTILITIES-L43,KSB,KSB_COMPRESSOR_440
A0422,UTILITIES-COMPRESSOR-004,COMPRESSOR,UTILITIES,Gas_Compression,Critical,Very_High,Unit_Shutdown,UTILITIES-Y5,Honeywell,Honeywell_COMPRESSOR_794
A0423,UTILITIES-COMPRESSOR-005,COMPRESSOR,UTILITIES,Gas_Compression,Critical,Very_High,Production_Impact,UTILITIES-A38,KSB,KSB_COMPRESSOR_844
A0424,UTILITIES-COMPRESSOR-006,COMPRESSOR,UTILITIES,Gas_Compression,Critical,Very_High,Production_Impact,UTILITIES-S71,Grundfos,Grundfos_COMPRESSOR_803
A0425,UTILITIES-COMPRESSOR-007,COMPRESSOR,UTILITIES,Gas_Compression,Critical,High,Unit_Shutdown,UTILITIES-K12,Grundfos,Grundfos_COMPRESSOR_170
A0426,UTILITIES-COMPRESSOR-008,COMPRESSOR,UTILITIES,Gas_Compression,Critical,High,Unit_Shutdown,UTILITIES-P70,Honeywell,Honeywell_COMPRESSOR_868
A0427,UTILITIES-COMPRESSOR-009,COMPRESSOR,UTILITIES,Gas_Compression,Critical,Very_High,Production_Impact,UTILITIES-I97,Flowserve,Flowserve_COMPRESSOR_365
A0428,UTILITIES-COMPRESSOR-010,COMPRESSOR,UTILITIES,Gas_Compression,Critical,High,Unit_Shutdown,UTILITIES-I82,GE,GE_COMPRESSOR_627
A0429,UTILITIES-COMPRESSOR-011,COMPRESSOR,UTILITIES,Gas_Compression,Critical,Very_High,Unit_Shutdown,UTILITIES-T90,Honeywell,Honeywell_COMPRESSOR_1051
A0430,UTILITIES-COMPRESSOR-012,COMPRESSOR,UTILITIES,Gas_Compression,Critical,Very_High,Production_Impact,UTILITIES-P53,Sulzer,Sulzer_COMPRESSOR_481
A0431,UTILITIES-HEAT_EXCHANGER-001,HEAT_EXCHANGER,UTILITIES,Heat_Transfer,Medium,Low,Maintenance_Required,UTILITIES-B34,Honeywell,Honeywell_HEAT_EXCHANGER_774
A0432,UTILITIES-HEAT_EXCHANGER-002,HEAT_EXCHANGER,UTILITIES,Heat_Transfer,Medium,Low,Quality_Impact,UTILITIES-Y76,KSB,KSB_HEAT_EXCHANGER_1050
A0433,UTILITIES-HEAT_EXCHANGER-003,HEAT_EXCHANGER,UTILITIES,Heat_Transfer,Medium,Low,Maintenance_Required,UTILITIES-H11,Grundfos,Grundfos_HEAT_EXCHANGER_164
A0434,UTILITIES-HEAT_EXCHANGER-004,HEAT_EXCHANGER,UTILITIES,Heat_Transfer,Medium,Low,Quality_Impact,UTILITIES-B33,Emerson,Emerson_HEAT_EXCHANGER_761
A0435,UTILITIES-HEAT_EXCHANGER-005,HEAT_EXCHANGER,UTILITIES,Heat_Transfer,Medium,Low,Quality_Impact,UTILITIES-Q59,Siemens,Siemens_HEAT_EXCHANGER_769
A0436,UTILITIES-HEAT_EXCHANGER-006,HEAT_EXCHANGER,UTILITIES,Heat_Transfer,Medium,Low,Maintenance_Required,UTILITIES-Q88,GE,GE_HEAT_EXCHANGER_436
A0437,UTILITIES-HEAT_EXCHANGER-007,HEAT_EXCHANGER,UTILITIES,Heat_Transfer,Medium,Low,Maintenance_Required,UTILITIES-D25,GE,GE_HEAT_EXCHANGER_907
A0438,UTILITIES-HEAT_EXCHANGER-008,HEAT_EXCHANGER,UTILITIES,Heat_Transfer,Medium,Medium,Maintenance_Required,UTILITIES-T79,Sulzer,Sulzer_HEAT_EXCHANGER_956
A0439,UTILITIES-HEAT_EXCHANGER-009,HEAT_EXCHANGER,UTILITIES,Heat_Transfer,Medium,Medium,Maintenance_Required,UTILITIES-Z97,Flowserve,Flowserve_HEAT_EXCHANGER_366
A0440,UTILITIES-REACTOR-001,REACTOR,UTILITIES,Chemical_Conversion,Critical,High,Production_Impact,UTILITIES-B94,Flowserve,Flowserve_REACTOR_1014
A0441,UTILITIES-REACTOR-002,REACTOR,UTILITIES,Chemical_Conversion,Critical,Very_High,Unit_Shutdown,UTILITIES-T54,KSB,KSB_REACTOR_745
A0442,UTILITIES-REACTOR-003,REACTOR,UTILITIES,Chemical_Conversion,Critical,Very_High,Production_Impact,UTILITIES-J4,Sulzer,Sulzer_REACTOR_545
A0443,UTILITIES-REACTOR-004,REACTOR,UTILITIES,Chemical_Conversion,Critical,Very_High,Unit_Shutdown,UTILITIES-X90,Sulzer,Sulzer_REACTOR_302
A0444,UTILITIES-REACTOR-005,REACTOR,UTILITIES,Chemical_Conversion,Critical,High,Production_Impact,UTILITIES-C34,Honeywell,Honeywell_REACTOR_239
A0445,UTILITIES-REACTOR-006,REACTOR,UTILITIES,Chemical_Conversion,Critical,High,Production_Impact,UTILITIES-G83,Sulzer,Sulzer_REACTOR_1072
A0446,UTILITIES-REACTOR-007,REACTOR,UTILITIES,Chemical_Conversion,Critical,Very_High,Unit_Shutdown,UTILITIES-F13,Emerson,Emerson_REACTOR_594
A0447,UTILITIES-REACTOR-008,REACTOR,UTILITIES,Chemical_Conversion,Critical,Very_High,Production_Impact,UTILITIES-U76,Flowserve,Flowserve_REACTOR_394
A0448,UTILITIES-REACTOR-009,REACTOR,UTILITIES,Chemical_Conversion,Critical,High,Production_Impact,UTILITIES-L13,GE,GE_REACTOR_135
A0449,UTILITIES-REACTOR-010,REACTOR,UTILITIES,Chemical_Conversion,Critical,High,Unit_Shutdown,UTILITIES-I20,Honeywell,Honeywell_REACTOR_1011
A0450,UTILITIES-COLUMN-001,COLUMN,UTILITIES,Separation,Critical,Very_High,Production_Impact,UTILITIES-J64,Siemens,Siemens_COLUMN_1000
A0451,UTILITIES-COLUMN-002,COLUMN,UTILITIES,Separation,Critical,High,Production_Impact,UTILITIES-O57,Grundfos,Grundfos_COLUMN_926
A0452,UTILITIES-COLUMN-003,COLUMN,UTILITIES,Separation,Critical,High,Unit_Shutdown,UTILITIES-H77,Flowserve,Flowserve_COLUMN_729
A0453,UTILITIES-COLUMN-004,COLUMN,UTILITIES,Separation,Critical,High,Unit_Shutdown,UTILITIES-G88,Honeywell,Honeywell_COLUMN_254
A0454,UTILITIES-COLUMN-005,COLUMN,UTILITIES,Separation,Critical,Very_High,Unit_Shutdown,UTILITIES-P32,KSB,KSB_COLUMN_930
A0455,UTILITIES-COLUMN-006,COLUMN,UTILITIES,Separation,Critical,High,Production_Impact,UTILITIES-O19,KSB,KSB_COLUMN_985
A0456,UTILITIES-COLUMN-007,COLUMN,UTILITIES,Separation,Critical,Very_High,Production_Impact,UTILITIES-A39,Honeywell,Honeywell_COLUMN_495
A0457,UTILITIES-COLUMN-008,COLUMN,UTILITIES,Separation,Critical,Very_High,Production_Impact,UTILITIES-N81,Grundfos,Grundfos_COLUMN_149
A0458,UTILITIES-COLUMN-009,COLUMN,UTILITIES,Separation,Critical,High,Production_Impact,UTILITIES-P23,Emerson,Emerson_COLUMN_319
A0459,UTILITIES-COLUMN-010,COLUMN,UTILITIES,Separation,Critical,High,Unit_Shutdown,UTILITIES-G36,Honeywell,Honeywell_COLUMN_403
A0460,UTILITIES-COLUMN-011,COLUMN,UTILITIES,Separation,Critical,Very_High,Production_Impact,UTILITIES-L92,Flowserve,Flowserve_COLUMN_616
A0461,UTILITIES-COLUMN-012,COLUMN,UTILITIES,Separation,Critical,High,Production_Impact,UTILITIES-J28,Honeywell,Honeywell_COLUMN_1034
A0462,UTILITIES-FURNACE-001,FURNACE,UTILITIES,Heat_Generation,Critical,Very_High,Production_Impact,UTILITIES-W81,Flowserve,Flowserve_FURNACE_658
A0463,UTILITIES-FURNACE-002,FURNACE,UTILITIES,Heat_Generation,Critical,Very_High,Production_Impact,UTILITIES-W70,Grundfos,Grundfos_FURNACE_522
A0464,UTILITIES-FURNACE-003,FURNACE,UTILITIES,Heat_Generation,Critical,High,Production_Impact,UTILITIES-A70,Flowserve,Flowserve_FURNACE_192
A0465,UTILITIES-FURNACE-004,FURNACE,UTILITIES,Heat_Generation,Critical,High,Unit_Shutdown,UTILITIES-C3,KSB,KSB_FURNACE_152
A0466,UTILITIES-FURNACE-005,FURNACE,UTILITIES,Heat_Generation,Critical,High,Production_Impact,UTILITIES-A59,Sulzer,Sulzer_FURNACE_592
A0467,UTILITIES-FURNACE-006,FURNACE,UTILITIES,Heat_Generation,Critical,High,Unit_Shutdown,UTILITIES-A1,Grundfos,Grundfos_FURNACE_929
A0468,UTILITIES-FURNACE-007,FURNACE,UTILITIES,Heat_Generation,Critical,High,Unit_Shutdown,UTILITIES-M81,Honeywell,Honeywell_FURNACE_897
A0469,UTILITIES-FURNACE-008,FURNACE,UTILITIES,Heat_Generation,Critical,High,Unit_Shutdown,UTILITIES-F98,Honeywell,Honeywell_FURNACE_745
A0470,UTILITIES-FURNACE-009,FURNACE,UTILITIES,Heat_Generation,Critical,High,Production_Impact,UTILITIES-R63,Siemens,Siemens_FURNACE_593
A0471,UTILITIES-FURNACE-010,FURNACE,UTILITIES,Heat_Generation,Critical,High,Production_Impact,UTILITIES-U1,GE,GE_FURNACE_675
A0472,UTILITIES-FURNACE-011,FURNACE,UTILITIES,Heat_Generation,Critical,High,Unit_Shutdown,UTILITIES-K50,Grundfos,Grundfos_FURNACE_843
A0473,UTILITIES-FURNACE-012,FURNACE,UTILITIES,Heat_Generation,Critical,Very_High,Production_Impact,UTILITIES-O19,GE,GE_FURNACE_923
A0474,UTILITIES-VALVE_CONTROL-001,VALVE_CONTROL,UTILITIES,Flow_Control,High,High,Production_Impact,UTILITIES-Q38,Sulzer,Sulzer_VALVE_CONTROL_965
A0475,UTILITIES-VALVE_CONTROL-002,VALVE_CONTROL,UTILITIES,Flow_Control,High,High,Quality_Impact,UTILITIES-H26,Grundfos,Grundfos_VALVE_CONTROL_505
A0476,UTILITIES-VALVE_CONTROL-003,VALVE_CONTROL,UTILITIES,Flow_Control,High,High,Production_Impact,UTILITIES-I50,Flowserve,Flowserve_VALVE_CONTROL_566
A0477,UTILITIES-VALVE_CONTROL-004,VALVE_CONTROL,UTILITIES,Flow_Control,High,Medium,Quality_Impact,UTILITIES-M24,Grundfos,Grundfos_VALVE_CONTROL_828
A0478,UTILITIES-VALVE_CONTROL-005,VALVE_CONTROL,UTILITIES,Flow_Control,High,High,Production_Impact,UTILITIES-L67,GE,GE_VALVE_CONTROL_659
A0479,UTILITIES-VALVE_CONTROL-006,VALVE_CONTROL,UTILITIES,Flow_Control,High,High,Production_Impact,UTILITIES-M23,Grundfos,Grundfos_VALVE_CONTROL_855
A0480,UTILITIES-VALVE_CONTROL-007,VALVE_CONTROL,UTILITIES,Flow_Control,High,Medium,Quality_Impact,UTILITIES-H92,GE,GE_VALVE_CONTROL_647
A0481,UTILITIES-VALVE_CONTROL-008,VALVE_CONTROL,UTILITIES,Flow_Control,High,High,Quality_Impact,UTILITIES-V47,KSB,KSB_VALVE_CONTROL_284
A0482,UTILITIES-VALVE_CONTROL-009,VALVE_CONTROL,UTILITIES,Flow_Control,High,Medium,Quality_Impact,UTILITIES-X13,Emerson,Emerson_VALVE_CONTROL_115
A0483,UTILITIES-VALVE_CONTROL-010,VALVE_CONTROL,UTILITIES,Flow_Control,High,Medium,Production_Impact,UTILITIES-W50,KSB,KSB_VALVE_CONTROL_290
A0484,UTILITIES-VALVE_CONTROL-011,VALVE_CONTROL,UTILITIES,Flow_Control,High,Medium,Quality_Impact,UTILITIES-O93,Sulzer,Sulzer_VALVE_CONTROL_655
A0485,UTILITIES-VALVE_CONTROL-012,VALVE_CONTROL,UTILITIES,Flow_Control,High,High,Production_Impact,UTILITIES-D32,Emerson,Emerson_VALVE_CONTROL_310
A0486,UTILITIES-ANALYZER-001,ANALYZER,UTILITIES,Quality_Measurement,Medium,Low,Quality_Impact,UTILITIES-F42,Honeywell,Honeywell_ANALYZER_636
A0487,UTILITIES-ANALYZER-002,ANALYZER,UTILITIES,Quality_Measurement,Medium,Medium,Maintenance_Required,UTILITIES-N89,Honeywell,Honeywell_ANALYZER_800
A0488,UTILITIES-ANALYZER-003,ANALYZER,UTILITIES,Quality_Measurement,Medium,Low,Maintenance_Required,UTILITIES-G83,GE,GE_ANALYZER_836
A0489,UTILITIES-ANALYZER-004,ANALYZER,UTILITIES,Quality_Measurement,Medium,Medium,Quality_Impact,UTILITIES-N68,GE,GE_ANALYZER_1071
A0490,UTILITIES-ANALYZER-005,ANALYZER,UTILITIES,Quality_Measurement,Medium,Low,Maintenance_Required,UTILITIES-Z79,Honeywell,Honeywell_ANALYZER_896
A0491,UTILITIES-ANALYZER-006,ANALYZER,UTILITIES,Quality_Measurement,Medium,Medium,Maintenance_Required,UTILITIES-L96,GE,GE_ANALYZER_684
A0492,UTILITIES-ANALYZER-007,ANALYZER,UTILITIES,Quality_Measurement,Medium,Low,Maintenance_Required,UTILITIES-Y19,Siemens,Siemens_ANALYZER_933
A0493,UTILITIES-ANALYZER-008,ANALYZER,UTILITIES,Quality_Measurement,Medium,Low,Maintenance_Required,UTILITIES-F12,KSB,KSB_ANALYZER_451
A0494,UTILITIES-ANALYZER-009,ANALYZER,UTILITIES,Quality_Measurement,Medium,Medium,Quality_Impact,UTILITIES-P16,GE,GE_ANALYZER_605
A0495,UTILITIES-ANALYZER-010,ANALYZER,UTILITIES,Quality_Measurement,Medium,Low,Maintenance_Required,UTILITIES-Q75,Flowserve,Flowserve_ANALYZER_333
A0496,UTILITIES-ANALYZER-011,ANALYZER,UTILITIES,Quality_Measurement,Medium,Medium,Maintenance_Required,UTILITIES-M78,KSB,KSB_ANALYZER_534
