asset_id,plant,unit,instrument_type,oem,model,last_patch_date,maintenance_status,next_maintenance,criticality,gmp_critical,validation_status
"API-001","Boston Pharma","API Manufacturing","SCADA","Emerson","SCADA-3684","2025-06-30","Current","2026-01-15","Critical","true","Pending"
"API-003","Boston Pharma","API Manufacturing","LIMS","Rockwell","LIMS-5552","2024-10-28","Overdue","2026-01-01","Critical","true","Validated"
"API-005","Boston Pharma","API Manufacturing","Safety PLC","Honeywell","SafetyPLC-8828","2025-08-01","Current","2026-01-07","Critical","true","Pending"
"API-006","Boston Pharma","API Manufacturing","MES","Honeywell","MES-9028","2025-09-24","Overdue","2026-01-05","Critical","true","Validated"
"API-008","Boston Pharma","API Manufacturing","MES","Siemens","MES-5823","2025-07-16","Current","2026-01-15","Critical","true","Pending"
"API-010","Boston Pharma","API Manufacturing","LIMS","Rockwell","LIMS-3794","2025-03-14","Overdue","2025-10-28","Critical","true","Pending"
"API-011","Boston Pharma","API Manufacturing","SCADA","Rockwell","SCADA-4965","2024-12-05","Current","2025-12-03","Critical","true","Pending"
"API-013","Boston Pharma","API Manufacturing","PLC","Honeywell","PLC-5462","2024-12-11","Overdue","2025-11-03","Critical","true","Validated"
"API-015","Boston Pharma","API Manufacturing","PLC","Emerson","PLC-7144","2025-01-31","Overdue","2025-10-28","Critical","true","Validated"
"API-016","Boston Pharma","API Manufacturing","PLC","Schneider","PLC-5823","2025-03-03","Current","2025-12-27","Critical","true","Pending"
"API-017","Boston Pharma","API Manufacturing","Environmental Monitor","Schneider","EnvironmentalMonitor-2178","2025-06-20","Current","2025-10-29","Critical","true","Validated"
"API-018","Boston Pharma","API Manufacturing","Safety PLC","Emerson","SafetyPLC-2855","2025-03-13","Overdue","2026-01-16","Critical","true","Validated"
"API-019","Boston Pharma","API Manufacturing","MES","Rockwell","MES-5903","2025-10-10","Current","2025-12-22","Critical","true","Validated"
"API-020","Boston Pharma","API Manufacturing","Batch Controller","Honeywell","BatchController-7915","2024-11-04","Current","2025-12-08","Critical","true","Validated"
"API-021","Boston Pharma","API Manufacturing","LIMS","Rockwell","LIMS-4790","2025-03-09","Overdue","2026-01-10","Critical","true","Validated"
"API-023","Boston Pharma","API Manufacturing","Safety PLC","Siemens","SafetyPLC-4381","2024-12-04","Current","2025-11-12","Critical","true","Validated"
"API-024","Boston Pharma","API Manufacturing","LIMS","Honeywell","LIMS-3198","2025-02-15","Overdue","2026-01-06","Critical","true","Pending"
"API-025","Boston Pharma","API Manufacturing","Serialization System","Rockwell","SerializationSystem-3866","2025-07-30","Current","2025-12-13","Critical","true","Pending"
"API-026","Boston Pharma","API Manufacturing","Temperature Controller","Schneider","TemperatureController-9448","2025-03-22","Current","2025-12-12","Critical","true","Pending"
"API-028","Boston Pharma","API Manufacturing","SCADA","Schneider","SCADA-1305","2025-09-16","Current","2025-11-07","Critical","true","Pending"
"API-029","Boston Pharma","API Manufacturing","Safety PLC","Rockwell","SafetyPLC-3653","2025-07-01","Overdue","2025-12-07","Critical","true","Validated"
"API-030","Boston Pharma","API Manufacturing","PLC","Siemens","PLC-8193","2025-06-11","Overdue","2025-12-01","Critical","true","Pending"
"API-031","Boston Pharma","API Manufacturing","Serialization System","Schneider","SerializationSystem-4680","2025-05-31","Current","2025-12-17","Critical","true","Validated"
"API-032","Boston Pharma","API Manufacturing","PLC","Rockwell","PLC-5531","2025-01-11","Current","2025-11-17","Critical","true","Validated"
"API-033","Boston Pharma","API Manufacturing","LIMS","Schneider","LIMS-5273","2025-04-23","Current","2026-01-07","Critical","true","Validated"
"API-034","Boston Pharma","API Manufacturing","LIMS","Rockwell","LIMS-4181","2025-09-01","Current","2025-12-16","Critical","true","Validated"
"API-035","Boston Pharma","API Manufacturing","Environmental Monitor","Emerson","EnvironmentalMonitor-4771","2024-12-05","Current","2026-01-16","Critical","true","Validated"
"API-036","Boston Pharma","API Manufacturing","LIMS","Emerson","LIMS-3913","2025-08-31","Current","2026-01-12","Critical","true","Validated"
"FOR-001","Boston Pharma","Formulation","Serialization System","Rockwell","SerializationSystem-7773","2024-12-30","Overdue","2025-12-01","Critical","true","Pending"
"FOR-002","Boston Pharma","Formulation","Safety PLC","Emerson","SafetyPLC-6103","2025-01-23","Current","2026-01-10","Critical","true","Validated"
"FOR-004","Boston Pharma","Formulation","Serialization System","Emerson","SerializationSystem-2323","2024-11-30","Overdue","2025-11-10","Critical","true","Pending"
"FOR-005","Boston Pharma","Formulation","MES","Rockwell","MES-2611","2025-06-22","Current","2025-12-28","Critical","true","Validated"
"FOR-007","Boston Pharma","Formulation","Temperature Controller","Rockwell","TemperatureController-8974","2025-09-08","Current","2026-01-18","Critical","true","Pending"
"FOR-008","Boston Pharma","Formulation","Serialization System","Schneider","SerializationSystem-1963","2025-10-08","Overdue","2026-01-04","Critical","true","Pending"
"FOR-010","Boston Pharma","Formulation","PLC","Honeywell","PLC-8262","2025-04-13","Overdue","2026-01-02","Critical","true","Validated"
"FOR-011","Boston Pharma","Formulation","Temperature Controller","Emerson","TemperatureController-3220","2025-09-03","Current","2025-11-19","Critical","true","Validated"
"FOR-012","Boston Pharma","Formulation","Safety PLC","Schneider","SafetyPLC-6775","2025-01-14","Overdue","2025-11-18","Critical","true","Pending"
"FOR-015","Boston Pharma","Formulation","LIMS","Rockwell","LIMS-9671","2024-11-25","Current","2026-01-15","Critical","true","Validated"
"FOR-016","Boston Pharma","Formulation","LIMS","Siemens","LIMS-3693","2024-12-20","Current","2025-11-18","Critical","true","Validated"
"FOR-017","Boston Pharma","Formulation","HMI","Honeywell","HMI-8624","2025-04-26","Current","2025-11-17","Critical","true","Pending"
"FOR-018","Boston Pharma","Formulation","MES","Rockwell","MES-1423","2025-04-10","Current","2025-11-19","Critical","true","Validated"
"FOR-019","Boston Pharma","Formulation","Temperature Controller","Siemens","TemperatureController-2112","2024-12-12","Current","2025-12-16","Critical","true","Validated"
"FOR-020","Boston Pharma","Formulation","Safety PLC","Emerson","SafetyPLC-3575","2024-12-13","Current","2025-12-06","Critical","true","Validated"
"FOR-021","Boston Pharma","Formulation","Environmental Monitor","Emerson","EnvironmentalMonitor-4844","2025-08-28","Current","2025-11-15","Critical","true","Validated"
"FOR-022","Boston Pharma","Formulation","Environmental Monitor","Emerson","EnvironmentalMonitor-2445","2025-03-17","Current","2026-01-08","Critical","true","Validated"
"FOR-023","Boston Pharma","Formulation","PLC","Emerson","PLC-2166","2024-10-27","Current","2025-10-24","Critical","true","Validated"
"FOR-024","Boston Pharma","Formulation","Batch Controller","Schneider","BatchController-3564","2025-08-22","Current","2026-01-20","Critical","true","Validated"
"FOR-026","Boston Pharma","Formulation","HMI","Siemens","HMI-7155","2024-12-02","Current","2025-11-30","Critical","true","Validated"
"FOR-027","Boston Pharma","Formulation","HMI","Honeywell","HMI-6348","2024-12-05","Overdue","2025-11-21","Critical","true","Validated"
"FOR-028","Boston Pharma","Formulation","Temperature Controller","Rockwell","TemperatureController-4868","2025-06-04","Current","2025-12-14","Critical","true","Validated"
"FOR-029","Boston Pharma","Formulation","Safety PLC","Honeywell","SafetyPLC-2408","2025-04-15","Overdue","2025-11-11","Critical","true","Pending"
"FOR-031","Boston Pharma","Formulation","Serialization System","Emerson","SerializationSystem-7689","2024-11-03","Current","2026-01-20","Critical","true","Validated"
"FOR-032","Boston Pharma","Formulation","HMI","Rockwell","HMI-6701","2025-08-03","Overdue","2025-12-20","Critical","true","Pending"
"FOR-033","Boston Pharma","Formulation","Temperature Controller","Siemens","TemperatureController-9327","2025-05-04","Current","2025-12-09","Critical","true","Validated"
"FOR-034","Boston Pharma","Formulation","Environmental Monitor","Siemens","EnvironmentalMonitor-9176","2025-06-27","Overdue","2025-11-09","Critical","true","Pending"
"FOR-035","Boston Pharma","Formulation","PLC","Honeywell","PLC-2146","2025-01-31","Overdue","2026-01-08","Critical","true","Pending"
"FOR-036","Boston Pharma","Formulation","Temperature Controller","Emerson","TemperatureController-9749","2024-12-22","Overdue","2025-11-15","Critical","true","Validated"
"FOR-037","Boston Pharma","Formulation","SCADA","Emerson","SCADA-7655","2025-01-16","Current","2025-12-03","Critical","true","Pending"
"FOR-038","Boston Pharma","Formulation","PLC","Siemens","PLC-9738","2025-06-10","Overdue","2025-12-29","Critical","true","Pending"
"FOR-039","Boston Pharma","Formulation","PLC","Emerson","PLC-2885","2025-01-25","Current","2025-12-04","Critical","true","Pending"
"FOR-040","Boston Pharma","Formulation","Safety PLC","Emerson","SafetyPLC-2733","2025-10-19","Current","2025-11-11","Critical","true","Validated"
"FOR-042","Boston Pharma","Formulation","LIMS","Rockwell","LIMS-7410","2025-01-23","Current","2025-12-10","Critical","true","Pending"
"FOR-043","Boston Pharma","Formulation","HMI","Honeywell","HMI-4380","2025-09-24","Current","2025-12-27","Critical","true","Pending"
"FOR-044","Boston Pharma","Formulation","Serialization System","Emerson","SerializationSystem-7681","2025-07-08","Current","2026-01-15","Critical","true","Validated"
"FOR-046","Boston Pharma","Formulation","HMI","Siemens","HMI-7775","2024-10-28","Current","2025-12-17","Critical","true","Validated"
"PAC-001","Boston Pharma","Packaging","Serialization System","Emerson","SerializationSystem-2156","2025-10-24","Current","2025-12-02","High","false","Validated"
"PAC-002","Boston Pharma","Packaging","MES","Schneider","MES-2273","2025-03-23","Current","2025-12-05","High","false","Pending"
"PAC-003","Boston Pharma","Packaging","HMI","Rockwell","HMI-7270","2025-02-25","Overdue","2025-11-14","High","false","Validated"
"PAC-004","Boston Pharma","Packaging","Safety PLC","Emerson","SafetyPLC-2947","2025-08-27","Current","2026-01-02","High","false","Pending"
"PAC-005","Boston Pharma","Packaging","SCADA","Honeywell","SCADA-4146","2025-09-06","Current","2025-11-14","High","false","Validated"
"PAC-007","Boston Pharma","Packaging","Safety PLC","Honeywell","SafetyPLC-3635","2024-12-03","Current","2025-12-21","High","false","Pending"
"PAC-009","Boston Pharma","Packaging","MES","Siemens","MES-6838","2025-10-13","Current","2026-01-15","High","false","Pending"
"PAC-010","Boston Pharma","Packaging","Environmental Monitor","Honeywell","EnvironmentalMonitor-9716","2025-07-17","Current","2025-12-08","High","false","Validated"
"PAC-012","Boston Pharma","Packaging","HMI","Emerson","HMI-2778","2025-10-06","Current","2025-12-13","High","false","Validated"
"PAC-013","Boston Pharma","Packaging","SCADA","Honeywell","SCADA-7236","2025-06-23","Current","2025-12-01","High","false","Validated"
"PAC-014","Boston Pharma","Packaging","Serialization System","Siemens","SerializationSystem-6917","2025-05-12","Current","2026-01-16","High","false","Pending"
"PAC-015","Boston Pharma","Packaging","Temperature Controller","Rockwell","TemperatureController-3730","2025-04-11","Overdue","2025-12-09","High","false","Validated"
"PAC-016","Boston Pharma","Packaging","Environmental Monitor","Honeywell","EnvironmentalMonitor-8750","2024-11-08","Current","2025-12-01","High","false","Validated"
"PAC-017","Boston Pharma","Packaging","SCADA","Emerson","SCADA-5259","2025-10-22","Current","2025-10-29","High","false","Validated"
"PAC-018","Boston Pharma","Packaging","Environmental Monitor","Schneider","EnvironmentalMonitor-9669","2025-08-07","Overdue","2026-01-15","High","false","Validated"
"PAC-020","Boston Pharma","Packaging","Environmental Monitor","Rockwell","EnvironmentalMonitor-3418","2025-04-13","Current","2026-01-02","High","false","Validated"
"PAC-021","Boston Pharma","Packaging","Safety PLC","Rockwell","SafetyPLC-1178","2024-11-29","Current","2026-01-07","High","false","Pending"
"PAC-022","Boston Pharma","Packaging","MES","Siemens","MES-1044","2024-11-09","Current","2025-12-03","High","false","Validated"
"PAC-023","Boston Pharma","Packaging","SCADA","Rockwell","SCADA-5903","2024-12-12","Current","2025-11-02","High","false","Validated"
"PAC-024","Boston Pharma","Packaging","Safety PLC","Honeywell","SafetyPLC-4128","2024-11-21","Current","2026-01-17","High","false","Pending"
"PAC-025","Boston Pharma","Packaging","Serialization System","Honeywell","SerializationSystem-1043","2025-08-01","Current","2026-01-13","High","false","Validated"
"PAC-026","Boston Pharma","Packaging","HMI","Siemens","HMI-3266","2025-01-26","Overdue","2026-01-17","High","false","Pending"
"PAC-027","Boston Pharma","Packaging","PLC","Rockwell","PLC-4084","2025-04-03","Current","2025-12-20","High","false","Validated"
"PAC-028","Boston Pharma","Packaging","SCADA","Rockwell","SCADA-5943","2025-08-07","Overdue","2025-11-06","High","false","Validated"
"PAC-029","Boston Pharma","Packaging","LIMS","Schneider","LIMS-7057","2025-05-06","Current","2025-11-10","High","false","Pending"
"PAC-031","Boston Pharma","Packaging","PLC","Emerson","PLC-6166","2025-09-26","Overdue","2025-12-05","High","false","Validated"
"PAC-033","Boston Pharma","Packaging","Serialization System","Honeywell","SerializationSystem-2098","2024-12-25","Current","2025-11-22","High","false","Pending"
"PAC-034","Boston Pharma","Packaging","PLC","Emerson","PLC-8174","2025-02-25","Current","2025-12-25","High","false","Pending"
"PAC-036","Boston Pharma","Packaging","LIMS","Schneider","LIMS-2431","2025-03-13","Current","2025-12-21","High","false","Validated"
"PAC-037","Boston Pharma","Packaging","SCADA","Honeywell","SCADA-9066","2025-06-22","Current","2026-01-13","High","false","Validated"
"PAC-039","Boston Pharma","Packaging","Temperature Controller","Siemens","TemperatureController-5269","2024-12-28","Current","2026-01-06","High","false","Validated"
"PAC-040","Boston Pharma","Packaging","SCADA","Rockwell","SCADA-9812","2025-08-13","Overdue","2026-01-17","High","false","Pending"
"PAC-041","Boston Pharma","Packaging","HMI","Emerson","HMI-8443","2025-07-07","Current","2025-12-16","High","false","Validated"
"QUA-001","Boston Pharma","Quality Control Lab","LIMS","Rockwell","LIMS-5468","2025-08-06","Current","2025-11-05","Critical","true","Pending"
"QUA-003","Boston Pharma","Quality Control Lab","Safety PLC","Emerson","SafetyPLC-7540","2024-10-30","Overdue","2025-11-01","Critical","true","Pending"
"QUA-004","Boston Pharma","Quality Control Lab","PLC","Siemens","PLC-2408","2025-03-08","Current","2025-12-14","Critical","true","Validated"
"QUA-005","Boston Pharma","Quality Control Lab","HMI","Rockwell","HMI-3459","2025-05-27","Overdue","2025-12-01","Critical","true","Validated"
"QUA-006","Boston Pharma","Quality Control Lab","Serialization System","Siemens","SerializationSystem-5592","2025-01-31","Current","2026-01-07","Critical","true","Validated"
"QUA-008","Boston Pharma","Quality Control Lab","SCADA","Rockwell","SCADA-3111","2025-03-06","Current","2026-01-17","Critical","true","Pending"
"QUA-009","Boston Pharma","Quality Control Lab","Batch Controller","Siemens","BatchController-2738","2025-05-27","Current","2025-11-29","Critical","true","Pending"
"QUA-010","Boston Pharma","Quality Control Lab","SCADA","Siemens","SCADA-3228","2024-11-27","Current","2025-12-01","Critical","true","Validated"
"QUA-012","Boston Pharma","Quality Control Lab","Batch Controller","Schneider","BatchController-2976","2025-10-10","Current","2026-01-09","Critical","true","Pending"
"QUA-013","Boston Pharma","Quality Control Lab","Safety PLC","Siemens","SafetyPLC-2897","2025-07-25","Current","2025-12-05","Critical","true","Pending"
"QUA-014","Boston Pharma","Quality Control Lab","MES","Emerson","MES-8690","2025-01-28","Current","2025-12-18","Critical","true","Validated"
"QUA-015","Boston Pharma","Quality Control Lab","MES","Honeywell","MES-4668","2025-06-12","Current","2025-12-13","Critical","true","Validated"
"QUA-016","Boston Pharma","Quality Control Lab","Serialization System","Honeywell","SerializationSystem-2273","2025-09-13","Current","2025-11-19","Critical","true","Validated"
"QUA-017","Boston Pharma","Quality Control Lab","Batch Controller","Honeywell","BatchController-1551","2024-11-18","Current","2025-12-16","Critical","true","Validated"
"QUA-018","Boston Pharma","Quality Control Lab","HMI","Rockwell","HMI-8367","2025-02-25","Current","2025-11-22","Critical","true","Validated"
"QUA-020","Boston Pharma","Quality Control Lab","Serialization System","Rockwell","SerializationSystem-2799","2025-04-10","Current","2025-11-02","Critical","true","Validated"
"QUA-021","Boston Pharma","Quality Control Lab","MES","Rockwell","MES-7606","2025-10-05","Current","2026-01-10","Critical","true","Pending"
"QUA-022","Boston Pharma","Quality Control Lab","SCADA","Honeywell","SCADA-2480","2025-05-09","Current","2025-12-03","Critical","true","Validated"
"QUA-024","Boston Pharma","Quality Control Lab","SCADA","Emerson","SCADA-1368","2024-11-07","Current","2025-12-15","Critical","true","Validated"
"QUA-025","Boston Pharma","Quality Control Lab","Batch Controller","Siemens","BatchController-9827","2025-01-17","Overdue","2025-11-06","Critical","true","Pending"
"QUA-027","Boston Pharma","Quality Control Lab","Safety PLC","Schneider","SafetyPLC-3986","2025-05-25","Overdue","2026-01-10","Critical","true","Pending"
"QUA-028","Boston Pharma","Quality Control Lab","Batch Controller","Emerson","BatchController-2428","2024-10-30","Overdue","2026-01-04","Critical","true","Validated"
"QUA-029","Boston Pharma","Quality Control Lab","PLC","Siemens","PLC-2663","2025-09-14","Current","2026-01-12","Critical","true","Validated"
"QUA-030","Boston Pharma","Quality Control Lab","HMI","Honeywell","HMI-5473","2024-12-05","Overdue","2025-12-05","Critical","true","Validated"
"QUA-031","Boston Pharma","Quality Control Lab","Environmental Monitor","Schneider","EnvironmentalMonitor-6218","2025-06-16","Current","2025-12-14","Critical","true","Pending"
"QUA-033","Boston Pharma","Quality Control Lab","Serialization System","Honeywell","SerializationSystem-7068","2025-04-08","Current","2025-12-31","Critical","true","Pending"
"QUA-034","Boston Pharma","Quality Control Lab","Batch Controller","Siemens","BatchController-5217","2025-04-05","Current","2025-11-11","Critical","true","Validated"
"QUA-036","Boston Pharma","Quality Control Lab","Temperature Controller","Emerson","TemperatureController-3606","2024-10-28","Overdue","2025-12-10","Critical","true","Pending"
"QUA-037","Boston Pharma","Quality Control Lab","HMI","Honeywell","HMI-2028","2025-06-20","Current","2025-12-18","Critical","true","Pending"
"UTI-001","Boston Pharma","Utilities","PLC","Rockwell","PLC-9940","2025-08-26","Overdue","2025-12-31","High","false","Validated"
"UTI-003","Boston Pharma","Utilities","Environmental Monitor","Honeywell","EnvironmentalMonitor-4306","2025-07-30","Current","2025-12-01","High","false","Validated"
"UTI-004","Boston Pharma","Utilities","LIMS","Emerson","LIMS-6317","2025-04-27","Overdue","2026-01-02","High","false","Validated"
"UTI-005","Boston Pharma","Utilities","MES","Emerson","MES-7619","2025-03-30","Current","2026-01-17","High","false","Validated"
"UTI-007","Boston Pharma","Utilities","Environmental Monitor","Siemens","EnvironmentalMonitor-4664","2025-09-22","Overdue","2025-12-20","High","false","Validated"
"UTI-009","Boston Pharma","Utilities","Safety PLC","Honeywell","SafetyPLC-9244","2025-10-23","Overdue","2025-11-14","High","false","Validated"
"UTI-010","Boston Pharma","Utilities","Safety PLC","Siemens","SafetyPLC-9826","2024-12-14","Current","2025-12-25","High","false","Pending"
"UTI-011","Boston Pharma","Utilities","HMI","Honeywell","HMI-6292","2025-02-12","Current","2025-11-17","High","false","Validated"
"UTI-013","Boston Pharma","Utilities","Safety PLC","Emerson","SafetyPLC-4461","2025-01-25","Current","2025-11-19","High","false","Validated"
"UTI-015","Boston Pharma","Utilities","Safety PLC","Honeywell","SafetyPLC-4393","2025-04-01","Current","2025-11-04","High","false","Validated"
"UTI-016","Boston Pharma","Utilities","LIMS","Emerson","LIMS-3362","2025-04-25","Current","2025-12-05","High","false","Validated"
"UTI-017","Boston Pharma","Utilities","Batch Controller","Rockwell","BatchController-4523","2025-05-10","Overdue","2025-11-28","High","false","Pending"
"UTI-018","Boston Pharma","Utilities","Temperature Controller","Honeywell","TemperatureController-3956","2025-07-30","Current","2026-01-10","High","false","Pending"
"UTI-019","Boston Pharma","Utilities","Temperature Controller","Honeywell","TemperatureController-2080","2024-12-18","Overdue","2025-12-25","High","false","Validated"
"UTI-020","Boston Pharma","Utilities","HMI","Emerson","HMI-5518","2025-06-07","Overdue","2025-12-01","High","false","Validated"
"UTI-021","Boston Pharma","Utilities","MES","Schneider","MES-9966","2025-09-13","Current","2026-01-10","High","false","Validated"
"UTI-022","Boston Pharma","Utilities","Safety PLC","Siemens","SafetyPLC-9282","2024-11-01","Overdue","2025-11-15","High","false","Validated"
"UTI-023","Boston Pharma","Utilities","Temperature Controller","Honeywell","TemperatureController-4146","2025-09-04","Current","2025-11-25","High","false","Validated"
"WAR-001","Boston Pharma","Warehouse","Safety PLC","Siemens","SafetyPLC-1919","2025-01-19","Current","2026-01-22","Medium","false","Validated"
"WAR-003","Boston Pharma","Warehouse","Batch Controller","Emerson","BatchController-1562","2024-11-28","Current","2025-12-23","Medium","false","Pending"
"WAR-005","Boston Pharma","Warehouse","Temperature Controller","Rockwell","TemperatureController-3355","2025-02-03","Current","2025-11-25","Medium","false","Pending"
"WAR-007","Boston Pharma","Warehouse","Batch Controller","Schneider","BatchController-6768","2025-10-07","Overdue","2026-01-17","Medium","false","Validated"
"WAR-008","Boston Pharma","Warehouse","Safety PLC","Rockwell","SafetyPLC-1277","2025-07-01","Overdue","2025-10-26","Medium","false","Pending"
"WAR-009","Boston Pharma","Warehouse","MES","Siemens","MES-4037","2025-02-21","Current","2025-10-31","Medium","false","Pending"
"WAR-010","Boston Pharma","Warehouse","HMI","Honeywell","HMI-4323","2025-01-08","Current","2025-11-09","Medium","false","Validated"
"WAR-012","Boston Pharma","Warehouse","MES","Rockwell","MES-7038","2025-09-23","Current","2026-01-04","Medium","false","Validated"
"WAR-014","Boston Pharma","Warehouse","LIMS","Schneider","LIMS-3787","2025-03-23","Overdue","2026-01-14","Medium","false","Validated"
"WAR-015","Boston Pharma","Warehouse","Temperature Controller","Rockwell","TemperatureController-6945","2025-05-10","Current","2025-11-30","Medium","false","Validated"
"WAR-017","Boston Pharma","Warehouse","PLC","Honeywell","PLC-4190","2025-02-02","Current","2026-01-18","Medium","false","Validated"
"WAR-018","Boston Pharma","Warehouse","Temperature Controller","Siemens","TemperatureController-3862","2025-07-10","Current","2025-11-12","Medium","false","Validated"
"WAR-020","Boston Pharma","Warehouse","LIMS","Schneider","LIMS-1778","2025-02-06","Current","2025-11-16","Medium","false","Pending"
"WAR-023","Boston Pharma","Warehouse","Safety PLC","Schneider","SafetyPLC-8883","2025-08-25","Current","2025-12-18","Medium","false","Validated"
"WAR-025","Boston Pharma","Warehouse","Temperature Controller","Rockwell","TemperatureController-4710","2025-01-04","Current","2026-01-01","Medium","false","Validated"
"WAR-026","Boston Pharma","Warehouse","PLC","Siemens","PLC-6326","2025-03-22","Current","2025-12-24","Medium","false","Pending"
"WAR-027","Boston Pharma","Warehouse","LIMS","Emerson","LIMS-7991","2025-06-22","Current","2025-11-29","Medium","false","Validated"
"WAR-030","Boston Pharma","Warehouse","SCADA","Emerson","SCADA-9274","2025-07-26","Current","2025-12-09","Medium","false","Validated"
"WAR-031","Boston Pharma","Warehouse","LIMS","Schneider","LIMS-5571","2025-07-30","Overdue","2026-01-15","Medium","false","Validated"
"WAR-032","Boston Pharma","Warehouse","MES","Rockwell","MES-9972","2025-03-23","Overdue","2025-11-28","Medium","false","Validated"
"WAR-033","Boston Pharma","Warehouse","Safety PLC","Siemens","SafetyPLC-2388","2025-02-16","Current","2025-12-15","Medium","false","Validated"
"WAR-034","Boston Pharma","Warehouse","HMI","Siemens","HMI-3594","2025-04-25","Current","2025-11-30","Medium","false","Validated"
"WAR-035","Boston Pharma","Warehouse","PLC","Emerson","PLC-1021","2025-07-03","Overdue","2025-12-13","Medium","false","Validated"
"WAR-036","Boston Pharma","Warehouse","HMI","Rockwell","HMI-7434","2025-01-14","Current","2025-11-23","Medium","false","Pending"
"WAR-037","Boston Pharma","Warehouse","HMI","Siemens","HMI-5960","2025-04-18","Current","2025-12-15","Medium","false","Validated"
"WAR-039","Boston Pharma","Warehouse","MES","Rockwell","MES-6212","2025-07-20","Current","2025-11-28","Medium","false","Validated"
"WAR-040","Boston Pharma","Warehouse","PLC","Rockwell","PLC-2575","2025-02-26","Current","2025-11-03","Medium","false","Pending"
"WAR-042","Boston Pharma","Warehouse","SCADA","Siemens","SCADA-7072","2025-02-25","Current","2025-12-13","Medium","false","Validated"
"WAR-044","Boston Pharma","Warehouse","Environmental Monitor","Honeywell","EnvironmentalMonitor-4034","2025-04-07","Current","2026-01-07","Medium","false","Validated"
"WAR-045","Boston Pharma","Warehouse","Environmental Monitor","Siemens","EnvironmentalMonitor-9306","2025-05-11","Current","2026-01-03","Medium","false","Validated"
"WAR-046","Boston Pharma","Warehouse","Serialization System","Emerson","SerializationSystem-5812","2025-01-01","Overdue","2026-01-12","Medium","false","Pending"
"WAR-047","Boston Pharma","Warehouse","PLC","Emerson","PLC-2776","2025-05-10","Current","2025-12-12","Medium","false","Pending"
"WAR-048","Boston Pharma","Warehouse","PLC","Rockwell","PLC-7498","2024-10-25","Current","2026-01-10","Medium","false","Pending"
"API-001","San Diego Biotech","API Manufacturing","Environmental Monitor","Emerson","EnvironmentalMonitor-3490","2025-02-16","Current","2026-01-17","Critical","true","Pending"
"API-003","San Diego Biotech","API Manufacturing","Environmental Monitor","Emerson","EnvironmentalMonitor-6544","2025-07-29","Current","2026-01-14","Critical","true","Pending"
"API-004","San Diego Biotech","API Manufacturing","Environmental Monitor","Rockwell","EnvironmentalMonitor-5771","2025-09-14","Current","2025-12-30","Critical","true","Pending"
"API-005","San Diego Biotech","API Manufacturing","MES","Siemens","MES-7271","2025-07-09","Current","2025-11-18","Critical","true","Pending"
"API-006","San Diego Biotech","API Manufacturing","Batch Controller","Schneider","BatchController-2625","2025-06-30","Current","2026-01-06","Critical","true","Pending"
"API-007","San Diego Biotech","API Manufacturing","Safety PLC","Siemens","SafetyPLC-6673","2025-03-25","Current","2025-11-08","Critical","true","Validated"
"API-008","San Diego Biotech","API Manufacturing","PLC","Emerson","PLC-8088","2025-05-13","Current","2025-12-11","Critical","true","Pending"
"API-009","San Diego Biotech","API Manufacturing","HMI","Emerson","HMI-5791","2025-07-31","Overdue","2025-11-28","Critical","true","Pending"
"API-010","San Diego Biotech","API Manufacturing","LIMS","Rockwell","LIMS-8872","2024-11-29","Overdue","2025-11-03","Critical","true","Validated"
"API-012","San Diego Biotech","API Manufacturing","MES","Rockwell","MES-5219","2025-02-18","Current","2026-01-22","Critical","true","Validated"
"API-013","San Diego Biotech","API Manufacturing","LIMS","Schneider","LIMS-7824","2024-11-16","Current","2025-12-28","Critical","true","Validated"
"API-015","San Diego Biotech","API Manufacturing","Safety PLC","Emerson","SafetyPLC-3135","2025-08-20","Overdue","2026-01-09","Critical","true","Pending"
"API-016","San Diego Biotech","API Manufacturing","LIMS","Rockwell","LIMS-4774","2025-05-16","Current","2025-11-04","Critical","true","Pending"
"API-017","San Diego Biotech","API Manufacturing","LIMS","Honeywell","LIMS-7057","2025-05-08","Current","2026-01-12","Critical","true","Validated"
"API-018","San Diego Biotech","API Manufacturing","Serialization System","Rockwell","SerializationSystem-8482","2025-05-11","Current","2025-12-02","Critical","true","Pending"
"API-019","San Diego Biotech","API Manufacturing","SCADA","Honeywell","SCADA-6874","2025-05-15","Overdue","2025-12-03","Critical","true","Validated"
"API-020","San Diego Biotech","API Manufacturing","Temperature Controller","Emerson","TemperatureController-4491","2025-01-05","Current","2025-11-29","Critical","true","Pending"
"API-021","San Diego Biotech","API Manufacturing","Temperature Controller","Honeywell","TemperatureController-9133","2025-05-19","Current","2025-11-17","Critical","true","Validated"
"API-022","San Diego Biotech","API Manufacturing","Temperature Controller","Schneider","TemperatureController-5498","2025-09-14","Overdue","2025-12-29","Critical","true","Validated"
"API-023","San Diego Biotech","API Manufacturing","MES","Honeywell","MES-8225","2025-06-01","Current","2025-12-11","Critical","true","Pending"
"API-024","San Diego Biotech","API Manufacturing","MES","Honeywell","MES-3032","2025-03-13","Current","2025-11-09","Critical","true","Pending"
"API-025","San Diego Biotech","API Manufacturing","Environmental Monitor","Schneider","EnvironmentalMonitor-8003","2025-09-18","Current","2025-10-28","Critical","true","Validated"
"API-026","San Diego Biotech","API Manufacturing","LIMS","Emerson","LIMS-1716","2025-03-20","Current","2025-11-26","Critical","true","Validated"
"API-027","San Diego Biotech","API Manufacturing","Safety PLC","Schneider","SafetyPLC-5289","2025-07-01","Overdue","2026-01-16","Critical","true","Validated"
"API-032","San Diego Biotech","API Manufacturing","HMI","Siemens","HMI-2896","2025-02-20","Current","2025-12-10","Critical","true","Pending"
"API-033","San Diego Biotech","API Manufacturing","Environmental Monitor","Honeywell","EnvironmentalMonitor-9347","2025-09-03","Current","2025-11-26","Critical","true","Pending"
"API-035","San Diego Biotech","API Manufacturing","LIMS","Emerson","LIMS-1442","2025-10-09","Overdue","2025-11-06","Critical","true","Validated"
"API-036","San Diego Biotech","API Manufacturing","SCADA","Honeywell","SCADA-7295","2025-08-26","Overdue","2025-11-06","Critical","true","Validated"
"API-037","San Diego Biotech","API Manufacturing","Environmental Monitor","Schneider","EnvironmentalMonitor-7912","2025-06-03","Overdue","2025-12-23","Critical","true","Pending"
"API-039","San Diego Biotech","API Manufacturing","Serialization System","Siemens","SerializationSystem-7423","2024-12-03","Current","2025-12-26","Critical","true","Pending"
"API-040","San Diego Biotech","API Manufacturing","SCADA","Emerson","SCADA-8622","2024-10-30","Current","2025-11-25","Critical","true","Pending"
"API-041","San Diego Biotech","API Manufacturing","LIMS","Siemens","LIMS-5742","2025-06-23","Current","2025-12-21","Critical","true","Pending"
"API-042","San Diego Biotech","API Manufacturing","Safety PLC","Emerson","SafetyPLC-2601","2024-12-18","Current","2025-11-09","Critical","true","Pending"
"FOR-001","San Diego Biotech","Formulation","Serialization System","Schneider","SerializationSystem-5506","2024-12-03","Overdue","2025-12-31","Critical","true","Pending"
"FOR-002","San Diego Biotech","Formulation","Safety PLC","Schneider","SafetyPLC-4026","2025-06-06","Current","2025-12-22","Critical","true","Validated"
"FOR-004","San Diego Biotech","Formulation","LIMS","Rockwell","LIMS-3049","2024-11-30","Current","2025-12-14","Critical","true","Validated"
"FOR-005","San Diego Biotech","Formulation","Serialization System","Schneider","SerializationSystem-6293","2025-07-21","Current","2025-12-06","Critical","true","Validated"
"FOR-006","San Diego Biotech","Formulation","HMI","Rockwell","HMI-3952","2025-08-09","Current","2025-10-31","Critical","true","Validated"
"FOR-008","San Diego Biotech","Formulation","Serialization System","Honeywell","SerializationSystem-8300","2025-07-31","Overdue","2025-10-27","Critical","true","Validated"
"FOR-009","San Diego Biotech","Formulation","Serialization System","Rockwell","SerializationSystem-2412","2025-03-26","Current","2025-12-27","Critical","true","Validated"
"FOR-010","San Diego Biotech","Formulation","Safety PLC","Honeywell","SafetyPLC-2865","2024-12-27","Overdue","2025-12-21","Critical","true","Validated"
"FOR-013","San Diego Biotech","Formulation","Temperature Controller","Rockwell","TemperatureController-9409","2025-03-16","Overdue","2026-01-05","Critical","true","Pending"
"FOR-014","San Diego Biotech","Formulation","Batch Controller","Emerson","BatchController-3270","2025-01-01","Overdue","2025-11-13","Critical","true","Pending"
"FOR-015","San Diego Biotech","Formulation","Temperature Controller","Siemens","TemperatureController-2032","2025-02-16","Overdue","2025-12-21","Critical","true","Validated"
"FOR-017","San Diego Biotech","Formulation","Serialization System","Rockwell","SerializationSystem-3352","2025-09-20","Current","2025-12-10","Critical","true","Validated"
"FOR-018","San Diego Biotech","Formulation","Serialization System","Emerson","SerializationSystem-8520","2025-08-28","Current","2025-10-30","Critical","true","Validated"
"FOR-019","San Diego Biotech","Formulation","HMI","Schneider","HMI-6839","2025-01-15","Overdue","2026-01-21","Critical","true","Pending"
"PAC-001","San Diego Biotech","Packaging","Temperature Controller","Emerson","TemperatureController-4072","2025-01-29","Overdue","2025-11-24","High","false","Pending"
"PAC-002","San Diego Biotech","Packaging","Safety PLC","Rockwell","SafetyPLC-2336","2025-07-02","Overdue","2025-11-22","High","false","Validated"
"PAC-006","San Diego Biotech","Packaging","PLC","Siemens","PLC-7145","2025-10-16","Current","2025-11-06","High","false","Pending"
"PAC-007","San Diego Biotech","Packaging","Batch Controller","Emerson","BatchController-6534","2025-05-08","Current","2026-01-09","High","false","Validated"
"PAC-008","San Diego Biotech","Packaging","LIMS","Schneider","LIMS-6394","2024-12-16","Overdue","2025-12-02","High","false","Validated"
"PAC-009","San Diego Biotech","Packaging","Temperature Controller","Rockwell","TemperatureController-7350","2024-12-25","Current","2025-12-04","High","false","Validated"
"PAC-010","San Diego Biotech","Packaging","PLC","Rockwell","PLC-6381","2024-11-27","Overdue","2025-12-09","High","false","Pending"
"PAC-012","San Diego Biotech","Packaging","Safety PLC","Siemens","SafetyPLC-5367","2025-02-14","Current","2025-11-01","High","false","Validated"
"PAC-013","San Diego Biotech","Packaging","Batch Controller","Schneider","BatchController-6779","2025-09-16","Current","2025-11-04","High","false","Validated"
"PAC-014","San Diego Biotech","Packaging","PLC","Rockwell","PLC-8134","2025-09-05","Overdue","2025-12-26","High","false","Validated"
"PAC-015","San Diego Biotech","Packaging","Temperature Controller","Honeywell","TemperatureController-2570","2025-07-24","Current","2025-12-23","High","false","Validated"
"PAC-016","San Diego Biotech","Packaging","MES","Siemens","MES-9672","2024-10-27","Overdue","2026-01-22","High","false","Pending"
"PAC-017","San Diego Biotech","Packaging","MES","Rockwell","MES-5129","2025-10-11","Overdue","2025-11-29","High","false","Validated"
"PAC-018","San Diego Biotech","Packaging","Temperature Controller","Rockwell","TemperatureController-1049","2024-12-13","Overdue","2025-10-25","High","false","Validated"
"PAC-019","San Diego Biotech","Packaging","Environmental Monitor","Schneider","EnvironmentalMonitor-9201","2025-08-06","Current","2025-12-10","High","false","Validated"
"PAC-020","San Diego Biotech","Packaging","Safety PLC","Honeywell","SafetyPLC-5692","2025-09-29","Current","2026-01-21","High","false","Pending"
"PAC-021","San Diego Biotech","Packaging","Temperature Controller","Schneider","TemperatureController-8766","2024-11-27","Current","2025-11-29","High","false","Validated"
"PAC-022","San Diego Biotech","Packaging","Batch Controller","Schneider","BatchController-2008","2025-05-20","Overdue","2025-12-26","High","false","Validated"
"PAC-023","San Diego Biotech","Packaging","HMI","Rockwell","HMI-6728","2025-04-29","Current","2026-01-20","High","false","Pending"
"PAC-024","San Diego Biotech","Packaging","Safety PLC","Rockwell","SafetyPLC-2052","2025-07-15","Overdue","2025-11-08","High","false","Validated"
"PAC-025","San Diego Biotech","Packaging","Safety PLC","Emerson","SafetyPLC-1844","2025-02-25","Current","2025-11-16","High","false","Pending"
"PAC-026","San Diego Biotech","Packaging","LIMS","Honeywell","LIMS-8414","2025-08-30","Current","2025-11-18","High","false","Validated"
"PAC-027","San Diego Biotech","Packaging","Environmental Monitor","Rockwell","EnvironmentalMonitor-5745","2025-09-27","Overdue","2025-12-17","High","false","Validated"
"PAC-028","San Diego Biotech","Packaging","Temperature Controller","Honeywell","TemperatureController-3681","2025-03-19","Current","2026-01-05","High","false","Validated"
"PAC-029","San Diego Biotech","Packaging","PLC","Emerson","PLC-5608","2024-11-22","Current","2025-10-25","High","false","Pending"
"PAC-030","San Diego Biotech","Packaging","Serialization System","Rockwell","SerializationSystem-3310","2025-06-24","Current","2026-01-15","High","false","Pending"
"PAC-031","San Diego Biotech","Packaging","Environmental Monitor","Emerson","EnvironmentalMonitor-4670","2025-04-26","Current","2025-11-11","High","false","Pending"
"PAC-032","San Diego Biotech","Packaging","Serialization System","Emerson","SerializationSystem-6351","2025-05-03","Current","2025-12-14","High","false","Validated"
"PAC-034","San Diego Biotech","Packaging","MES","Siemens","MES-2154","2025-09-17","Current","2025-11-14","High","false","Pending"
"PAC-036","San Diego Biotech","Packaging","Safety PLC","Honeywell","SafetyPLC-6991","2024-12-05","Overdue","2025-12-25","High","false","Validated"
"PAC-038","San Diego Biotech","Packaging","HMI","Emerson","HMI-1436","2025-01-25","Current","2025-12-26","High","false","Pending"
"PAC-039","San Diego Biotech","Packaging","Temperature Controller","Honeywell","TemperatureController-1091","2025-03-17","Current","2025-11-16","High","false","Pending"
"PAC-041","San Diego Biotech","Packaging","MES","Emerson","MES-6926","2025-01-16","Overdue","2025-12-22","High","false","Validated"
"PAC-042","San Diego Biotech","Packaging","PLC","Siemens","PLC-5934","2025-05-25","Current","2026-01-02","High","false","Validated"
"PAC-043","San Diego Biotech","Packaging","LIMS","Siemens","LIMS-2520","2025-02-16","Current","2025-12-26","High","false","Validated"
"PAC-044","San Diego Biotech","Packaging","Safety PLC","Schneider","SafetyPLC-2233","2024-11-02","Overdue","2025-12-21","High","false","Pending"
"QUA-001","San Diego Biotech","Quality Control Lab","Safety PLC","Honeywell","SafetyPLC-8517","2025-08-23","Current","2026-01-20","Critical","true","Validated"
"QUA-002","San Diego Biotech","Quality Control Lab","PLC","Honeywell","PLC-8615","2024-11-20","Overdue","2025-11-07","Critical","true","Pending"
"QUA-003","San Diego Biotech","Quality Control Lab","Temperature Controller","Rockwell","TemperatureController-8886","2025-05-10","Current","2025-11-30","Critical","true","Validated"
"QUA-004","San Diego Biotech","Quality Control Lab","LIMS","Siemens","LIMS-4454","2025-05-31","Current","2025-12-23","Critical","true","Validated"
"QUA-005","San Diego Biotech","Quality Control Lab","SCADA","Schneider","SCADA-6565","2025-09-30","Current","2025-11-11","Critical","true","Validated"
"QUA-006","San Diego Biotech","Quality Control Lab","Safety PLC","Rockwell","SafetyPLC-5569","2025-02-11","Current","2025-12-30","Critical","true","Validated"
"QUA-007","San Diego Biotech","Quality Control Lab","Batch Controller","Schneider","BatchController-5245","2025-08-17","Current","2025-12-04","Critical","true","Pending"
"QUA-008","San Diego Biotech","Quality Control Lab","LIMS","Rockwell","LIMS-8617","2025-01-10","Current","2025-11-01","Critical","true","Validated"
"QUA-009","San Diego Biotech","Quality Control Lab","Serialization System","Honeywell","SerializationSystem-1827","2025-09-02","Current","2025-11-25","Critical","true","Pending"
"QUA-010","San Diego Biotech","Quality Control Lab","SCADA","Schneider","SCADA-1130","2024-12-02","Current","2026-01-03","Critical","true","Validated"
"QUA-011","San Diego Biotech","Quality Control Lab","LIMS","Honeywell","LIMS-9644","2024-10-29","Current","2025-11-18","Critical","true","Validated"
"QUA-012","San Diego Biotech","Quality Control Lab","HMI","Schneider","HMI-4628","2025-08-30","Overdue","2026-01-03","Critical","true","Pending"
"QUA-013","San Diego Biotech","Quality Control Lab","SCADA","Honeywell","SCADA-6745","2025-10-13","Overdue","2025-11-05","Critical","true","Validated"
"QUA-014","San Diego Biotech","Quality Control Lab","Serialization System","Schneider","SerializationSystem-5894","2025-03-20","Current","2025-12-08","Critical","true","Validated"
"QUA-015","San Diego Biotech","Quality Control Lab","Serialization System","Schneider","SerializationSystem-9184","2025-02-14","Current","2025-11-15","Critical","true","Pending"
"QUA-016","San Diego Biotech","Quality Control Lab","Serialization System","Siemens","SerializationSystem-5808","2025-10-04","Current","2025-12-03","Critical","true","Validated"
"QUA-017","San Diego Biotech","Quality Control Lab","MES","Emerson","MES-6243","2025-04-19","Overdue","2025-11-06","Critical","true","Validated"
"QUA-019","San Diego Biotech","Quality Control Lab","Temperature Controller","Siemens","TemperatureController-6228","2025-04-27","Current","2026-01-08","Critical","true","Validated"
"QUA-020","San Diego Biotech","Quality Control Lab","LIMS","Siemens","LIMS-1472","2024-12-11","Overdue","2025-12-07","Critical","true","Pending"
"QUA-021","San Diego Biotech","Quality Control Lab","SCADA","Schneider","SCADA-9641","2025-05-13","Overdue","2025-12-08","Critical","true","Validated"
"UTI-001","San Diego Biotech","Utilities","Safety PLC","Emerson","SafetyPLC-7825","2025-09-04","Current","2025-12-14","High","false","Validated"
"UTI-002","San Diego Biotech","Utilities","PLC","Emerson","PLC-8558","2025-09-01","Current","2025-11-07","High","false","Validated"
"UTI-003","San Diego Biotech","Utilities","LIMS","Siemens","LIMS-5085","2025-06-22","Overdue","2025-11-10","High","false","Validated"
"UTI-004","San Diego Biotech","Utilities","Serialization System","Siemens","SerializationSystem-8975","2025-09-26","Current","2025-11-24","High","false","Pending"
"UTI-006","San Diego Biotech","Utilities","HMI","Siemens","HMI-3508","2024-12-21","Overdue","2025-11-01","High","false","Validated"
"UTI-007","San Diego Biotech","Utilities","Temperature Controller","Siemens","TemperatureController-9450","2025-05-24","Current","2025-11-19","High","false","Pending"
"UTI-008","San Diego Biotech","Utilities","Safety PLC","Rockwell","SafetyPLC-7298","2024-12-24","Current","2026-01-21","High","false","Validated"
"UTI-009","San Diego Biotech","Utilities","LIMS","Siemens","LIMS-9782","2024-12-20","Overdue","2025-11-29","High","false","Validated"
"UTI-010","San Diego Biotech","Utilities","Safety PLC","Siemens","SafetyPLC-2879","2025-04-30","Current","2026-01-20","High","false","Validated"
"UTI-011","San Diego Biotech","Utilities","LIMS","Rockwell","LIMS-8808","2025-03-24","Current","2025-11-27","High","false","Validated"
"UTI-012","San Diego Biotech","Utilities","SCADA","Schneider","SCADA-6155","2025-07-26","Current","2026-01-19","High","false","Pending"
"UTI-013","San Diego Biotech","Utilities","Safety PLC","Siemens","SafetyPLC-5879","2025-03-08","Current","2026-01-13","High","false","Validated"
"UTI-014","San Diego Biotech","Utilities","Serialization System","Rockwell","SerializationSystem-1979","2025-08-26","Current","2025-12-25","High","false","Validated"
"UTI-015","San Diego Biotech","Utilities","Temperature Controller","Schneider","TemperatureController-8510","2025-04-25","Overdue","2026-01-04","High","false","Validated"
"UTI-017","San Diego Biotech","Utilities","Serialization System","Rockwell","SerializationSystem-5039","2025-06-27","Current","2025-11-28","High","false","Pending"
"WAR-001","San Diego Biotech","Warehouse","SCADA","Schneider","SCADA-3306","2025-07-15","Current","2025-12-27","Medium","false","Pending"
"WAR-002","San Diego Biotech","Warehouse","SCADA","Emerson","SCADA-7194","2025-05-02","Current","2026-01-11","Medium","false","Validated"
"WAR-003","San Diego Biotech","Warehouse","MES","Siemens","MES-7259","2025-03-10","Overdue","2026-01-08","Medium","false","Validated"
"WAR-004","San Diego Biotech","Warehouse","HMI","Siemens","HMI-5713","2024-12-01","Overdue","2025-12-09","Medium","false","Validated"
"WAR-005","San Diego Biotech","Warehouse","MES","Emerson","MES-7301","2024-12-25","Current","2025-11-23","Medium","false","Pending"
"WAR-006","San Diego Biotech","Warehouse","Environmental Monitor","Schneider","EnvironmentalMonitor-7386","2025-07-21","Current","2025-11-23","Medium","false","Validated"
"WAR-007","San Diego Biotech","Warehouse","Temperature Controller","Rockwell","TemperatureController-6911","2024-10-29","Current","2026-01-11","Medium","false","Pending"
"WAR-009","San Diego Biotech","Warehouse","Temperature Controller","Siemens","TemperatureController-7314","2025-01-21","Current","2025-11-18","Medium","false","Validated"
"WAR-011","San Diego Biotech","Warehouse","Batch Controller","Rockwell","BatchController-3432","2025-09-28","Current","2026-01-18","Medium","false","Validated"
"WAR-012","San Diego Biotech","Warehouse","Serialization System","Schneider","SerializationSystem-6522","2024-12-27","Overdue","2025-11-03","Medium","false","Validated"
"WAR-013","San Diego Biotech","Warehouse","MES","Emerson","MES-5527","2025-05-11","Current","2025-10-31","Medium","false","Pending"
"WAR-015","San Diego Biotech","Warehouse","HMI","Rockwell","HMI-1994","2025-06-26","Current","2025-12-23","Medium","false","Pending"
"WAR-016","San Diego Biotech","Warehouse","Batch Controller","Rockwell","BatchController-2087","2025-03-20","Overdue","2025-11-14","Medium","false","Validated"
"WAR-017","San Diego Biotech","Warehouse","PLC","Schneider","PLC-1411","2025-02-01","Current","2025-11-19","Medium","false","Validated"
"API-002","New Jersey Labs","API Manufacturing","Serialization System","Emerson","SerializationSystem-2229","2025-08-06","Overdue","2025-11-03","Critical","true","Validated"
"API-005","New Jersey Labs","API Manufacturing","SCADA","Siemens","SCADA-2606","2025-02-02","Current","2025-12-16","Critical","true","Validated"
"API-007","New Jersey Labs","API Manufacturing","LIMS","Emerson","LIMS-7206","2025-02-07","Current","2025-10-27","Critical","true","Validated"
"API-008","New Jersey Labs","API Manufacturing","Batch Controller","Siemens","BatchController-2339","2024-10-24","Current","2025-12-26","Critical","true","Validated"
"API-009","New Jersey Labs","API Manufacturing","HMI","Schneider","HMI-8591","2025-07-03","Current","2026-01-06","Critical","true","Validated"
"API-010","New Jersey Labs","API Manufacturing","Safety PLC","Honeywell","SafetyPLC-2421","2024-11-08","Current","2026-01-13","Critical","true","Validated"
"API-011","New Jersey Labs","API Manufacturing","Serialization System","Siemens","SerializationSystem-6011","2024-12-23","Overdue","2026-01-12","Critical","true","Validated"
"API-013","New Jersey Labs","API Manufacturing","SCADA","Rockwell","SCADA-4524","2025-10-04","Current","2025-11-12","Critical","true","Pending"
"API-015","New Jersey Labs","API Manufacturing","MES","Emerson","MES-6445","2025-05-03","Current","2025-12-28","Critical","true","Pending"
"API-016","New Jersey Labs","API Manufacturing","Temperature Controller","Rockwell","TemperatureController-3584","2025-10-18","Current","2025-12-19","Critical","true","Validated"
"API-017","New Jersey Labs","API Manufacturing","Batch Controller","Rockwell","BatchController-7593","2024-10-26","Current","2025-11-23","Critical","true","Validated"
"API-018","New Jersey Labs","API Manufacturing","LIMS","Rockwell","LIMS-8702","2025-09-05","Overdue","2026-01-20","Critical","true","Pending"
"API-019","New Jersey Labs","API Manufacturing","Serialization System","Schneider","SerializationSystem-9493","2024-12-27","Current","2026-01-17","Critical","true","Validated"
"API-020","New Jersey Labs","API Manufacturing","HMI","Emerson","HMI-3984","2025-07-22","Current","2025-12-14","Critical","true","Pending"
"API-021","New Jersey Labs","API Manufacturing","LIMS","Emerson","LIMS-6957","2024-11-02","Current","2025-12-15","Critical","true","Validated"
"API-022","New Jersey Labs","API Manufacturing","PLC","Schneider","PLC-8435","2025-05-28","Current","2026-01-02","Critical","true","Validated"
"API-023","New Jersey Labs","API Manufacturing","Temperature Controller","Honeywell","TemperatureController-2308","2024-11-10","Current","2025-12-23","Critical","true","Validated"
"API-025","New Jersey Labs","API Manufacturing","PLC","Schneider","PLC-5082","2024-12-08","Overdue","2025-12-19","Critical","true","Validated"
"API-026","New Jersey Labs","API Manufacturing","Batch Controller","Emerson","BatchController-6599","2024-11-02","Overdue","2026-01-13","Critical","true","Validated"
"API-029","New Jersey Labs","API Manufacturing","Serialization System","Schneider","SerializationSystem-3601","2024-12-23","Overdue","2026-01-09","Critical","true","Validated"
"API-030","New Jersey Labs","API Manufacturing","SCADA","Rockwell","SCADA-6090","2024-12-19","Overdue","2025-11-19","Critical","true","Pending"
"API-032","New Jersey Labs","API Manufacturing","Serialization System","Honeywell","SerializationSystem-5710","2025-08-06","Current","2026-01-04","Critical","true","Validated"
"API-033","New Jersey Labs","API Manufacturing","Environmental Monitor","Siemens","EnvironmentalMonitor-7104","2025-09-06","Overdue","2026-01-16","Critical","true","Pending"
"API-034","New Jersey Labs","API Manufacturing","Safety PLC","Honeywell","SafetyPLC-7101","2024-12-27","Current","2025-12-21","Critical","true","Validated"
"API-036","New Jersey Labs","API Manufacturing","HMI","Honeywell","HMI-1887","2024-11-14","Current","2025-11-20","Critical","true","Validated"
"API-037","New Jersey Labs","API Manufacturing","Environmental Monitor","Schneider","EnvironmentalMonitor-6137","2024-12-30","Current","2025-12-07","Critical","true","Validated"
"API-038","New Jersey Labs","API Manufacturing","LIMS","Honeywell","LIMS-1084","2024-12-30","Current","2026-01-05","Critical","true","Validated"
"API-040","New Jersey Labs","API Manufacturing","SCADA","Honeywell","SCADA-5866","2025-02-10","Current","2025-11-13","Critical","true","Pending"
"API-041","New Jersey Labs","API Manufacturing","LIMS","Honeywell","LIMS-8824","2025-06-17","Current","2025-12-17","Critical","true","Validated"
"API-043","New Jersey Labs","API Manufacturing","PLC","Siemens","PLC-5149","2025-07-11","Current","2025-10-26","Critical","true","Validated"
"API-044","New Jersey Labs","API Manufacturing","Safety PLC","Emerson","SafetyPLC-2573","2025-02-01","Current","2025-11-20","Critical","true","Pending"
"API-045","New Jersey Labs","API Manufacturing","PLC","Schneider","PLC-5227","2024-11-28","Overdue","2025-12-09","Critical","true","Validated"
"API-046","New Jersey Labs","API Manufacturing","HMI","Schneider","HMI-4067","2025-08-17","Current","2025-12-06","Critical","true","Pending"
"API-047","New Jersey Labs","API Manufacturing","Safety PLC","Rockwell","SafetyPLC-3565","2025-03-12","Current","2025-11-26","Critical","true","Validated"
"FOR-001","New Jersey Labs","Formulation","HMI","Schneider","HMI-5426","2025-08-16","Current","2026-01-07","Critical","true","Validated"
"FOR-002","New Jersey Labs","Formulation","PLC","Rockwell","PLC-4131","2025-09-21","Current","2025-11-15","Critical","true","Validated"
"FOR-003","New Jersey Labs","Formulation","SCADA","Rockwell","SCADA-4442","2025-10-24","Overdue","2025-10-26","Critical","true","Pending"
"FOR-005","New Jersey Labs","Formulation","Environmental Monitor","Emerson","EnvironmentalMonitor-1353","2025-06-06","Overdue","2025-11-01","Critical","true","Validated"
"FOR-006","New Jersey Labs","Formulation","PLC","Schneider","PLC-3882","2025-04-22","Overdue","2025-12-27","Critical","true","Pending"
"FOR-007","New Jersey Labs","Formulation","Safety PLC","Honeywell","SafetyPLC-1460","2025-01-21","Overdue","2025-11-23","Critical","true","Validated"
"FOR-008","New Jersey Labs","Formulation","Serialization System","Emerson","SerializationSystem-9912","2024-11-24","Current","2025-12-15","Critical","true","Validated"
"FOR-009","New Jersey Labs","Formulation","PLC","Emerson","PLC-7337","2025-10-05","Current","2025-11-03","Critical","true","Validated"
"FOR-012","New Jersey Labs","Formulation","Environmental Monitor","Honeywell","EnvironmentalMonitor-3796","2025-07-19","Current","2025-11-29","Critical","true","Pending"
"FOR-013","New Jersey Labs","Formulation","Safety PLC","Rockwell","SafetyPLC-5611","2024-12-30","Current","2025-12-17","Critical","true","Validated"
"FOR-015","New Jersey Labs","Formulation","HMI","Rockwell","HMI-5639","2025-10-20","Current","2025-11-14","Critical","true","Validated"
"FOR-016","New Jersey Labs","Formulation","HMI","Schneider","HMI-8110","2025-07-11","Current","2025-12-07","Critical","true","Pending"
"FOR-017","New Jersey Labs","Formulation","Serialization System","Emerson","SerializationSystem-6175","2025-05-28","Current","2025-10-28","Critical","true","Pending"
"FOR-018","New Jersey Labs","Formulation","Temperature Controller","Siemens","TemperatureController-2618","2025-08-27","Current","2025-11-14","Critical","true","Pending"
"FOR-019","New Jersey Labs","Formulation","MES","Emerson","MES-1145","2024-11-14","Overdue","2025-12-06","Critical","true","Pending"
"FOR-020","New Jersey Labs","Formulation","Temperature Controller","Rockwell","TemperatureController-3727","2025-01-10","Current","2025-12-05","Critical","true","Validated"
"FOR-022","New Jersey Labs","Formulation","MES","Schneider","MES-2461","2025-08-21","Current","2025-12-17","Critical","true","Pending"
"FOR-023","New Jersey Labs","Formulation","Temperature Controller","Honeywell","TemperatureController-7304","2025-01-12","Current","2025-12-28","Critical","true","Validated"
"FOR-024","New Jersey Labs","Formulation","MES","Schneider","MES-3347","2024-11-16","Current","2025-11-30","Critical","true","Pending"
"FOR-025","New Jersey Labs","Formulation","MES","Schneider","MES-4820","2025-08-18","Overdue","2025-11-26","Critical","true","Validated"
"FOR-027","New Jersey Labs","Formulation","Serialization System","Emerson","SerializationSystem-9161","2025-08-28","Overdue","2025-12-17","Critical","true","Pending"
"FOR-028","New Jersey Labs","Formulation","HMI","Honeywell","HMI-9762","2025-01-21","Current","2025-11-06","Critical","true","Validated"
"FOR-030","New Jersey Labs","Formulation","Temperature Controller","Honeywell","TemperatureController-9352","2025-03-25","Overdue","2025-12-08","Critical","true","Validated"
"FOR-031","New Jersey Labs","Formulation","Safety PLC","Schneider","SafetyPLC-4081","2024-11-28","Current","2025-12-16","Critical","true","Validated"
"FOR-032","New Jersey Labs","Formulation","HMI","Emerson","HMI-4578","2025-10-24","Current","2025-12-20","Critical","true","Pending"
"FOR-033","New Jersey Labs","Formulation","Batch Controller","Emerson","BatchController-7218","2025-08-22","Current","2025-12-19","Critical","true","Pending"
"FOR-035","New Jersey Labs","Formulation","MES","Schneider","MES-6983","2025-01-10","Current","2025-12-10","Critical","true","Validated"
"FOR-037","New Jersey Labs","Formulation","HMI","Schneider","HMI-9563","2025-04-28","Current","2025-12-18","Critical","true","Validated"
"FOR-039","New Jersey Labs","Formulation","SCADA","Honeywell","SCADA-4743","2025-04-20","Current","2025-12-03","Critical","true","Validated"
"FOR-040","New Jersey Labs","Formulation","Serialization System","Emerson","SerializationSystem-6231","2025-02-05","Current","2025-12-12","Critical","true","Validated"
"FOR-041","New Jersey Labs","Formulation","MES","Honeywell","MES-6913","2025-02-18","Current","2025-11-07","Critical","true","Pending"
"FOR-042","New Jersey Labs","Formulation","HMI","Emerson","HMI-5295","2025-09-05","Current","2025-11-10","Critical","true","Validated"
"FOR-043","New Jersey Labs","Formulation","Serialization System","Rockwell","SerializationSystem-7178","2025-06-22","Overdue","2025-12-22","Critical","true","Validated"
"FOR-045","New Jersey Labs","Formulation","LIMS","Schneider","LIMS-5598","2025-01-31","Current","2026-01-10","Critical","true","Validated"
"FOR-047","New Jersey Labs","Formulation","Temperature Controller","Emerson","TemperatureController-7110","2024-11-26","Current","2025-10-25","Critical","true","Validated"
"FOR-048","New Jersey Labs","Formulation","PLC","Emerson","PLC-2020","2025-07-26","Current","2025-10-25","Critical","true","Pending"
"FOR-049","New Jersey Labs","Formulation","Batch Controller","Emerson","BatchController-5883","2024-11-26","Current","2025-11-06","Critical","true","Validated"
"FOR-050","New Jersey Labs","Formulation","Safety PLC","Honeywell","SafetyPLC-5519","2024-12-08","Overdue","2025-12-24","Critical","true","Validated"
"FOR-051","New Jersey Labs","Formulation","Safety PLC","Schneider","SafetyPLC-3311","2024-11-02","Current","2025-11-01","Critical","true","Pending"
"FOR-052","New Jersey Labs","Formulation","LIMS","Siemens","LIMS-8991","2025-02-25","Overdue","2025-12-01","Critical","true","Pending"
"FOR-053","New Jersey Labs","Formulation","Safety PLC","Emerson","SafetyPLC-9826","2025-04-06","Current","2025-11-08","Critical","true","Validated"
"FOR-054","New Jersey Labs","Formulation","HMI","Siemens","HMI-6147","2025-07-04","Current","2025-12-22","Critical","true","Pending"
"PAC-002","New Jersey Labs","Packaging","Environmental Monitor","Rockwell","EnvironmentalMonitor-7399","2025-06-02","Current","2026-01-10","High","false","Validated"
"PAC-003","New Jersey Labs","Packaging","Environmental Monitor","Schneider","EnvironmentalMonitor-1403","2024-11-01","Current","2025-12-20","High","false","Pending"
"PAC-004","New Jersey Labs","Packaging","Serialization System","Siemens","SerializationSystem-8887","2025-02-01","Current","2026-01-07","High","false","Pending"
"PAC-005","New Jersey Labs","Packaging","Serialization System","Rockwell","SerializationSystem-2684","2025-10-08","Overdue","2025-12-02","High","false","Validated"
"PAC-006","New Jersey Labs","Packaging","Safety PLC","Honeywell","SafetyPLC-4521","2025-03-23","Current","2025-12-03","High","false","Validated"
"PAC-007","New Jersey Labs","Packaging","SCADA","Emerson","SCADA-2253","2025-10-23","Current","2025-10-27","High","false","Pending"
"PAC-008","New Jersey Labs","Packaging","Serialization System","Rockwell","SerializationSystem-9711","2025-04-21","Current","2025-11-23","High","false","Pending"
"PAC-009","New Jersey Labs","Packaging","Batch Controller","Rockwell","BatchController-1172","2025-03-29","Current","2025-12-02","High","false","Validated"
"PAC-010","New Jersey Labs","Packaging","Batch Controller","Siemens","BatchController-4337","2025-04-16","Current","2025-12-23","High","false","Validated"
"PAC-011","New Jersey Labs","Packaging","Serialization System","Honeywell","SerializationSystem-2791","2025-01-12","Current","2025-12-10","High","false","Pending"
"PAC-012","New Jersey Labs","Packaging","Batch Controller","Siemens","BatchController-3296","2025-06-06","Overdue","2025-12-30","High","false","Validated"
"PAC-013","New Jersey Labs","Packaging","Batch Controller","Rockwell","BatchController-3706","2024-11-20","Current","2025-11-10","High","false","Validated"
"PAC-014","New Jersey Labs","Packaging","Batch Controller","Emerson","BatchController-8213","2025-09-22","Current","2026-01-07","High","false","Validated"
"PAC-015","New Jersey Labs","Packaging","SCADA","Schneider","SCADA-9774","2025-05-29","Current","2026-01-08","High","false","Pending"
"PAC-016","New Jersey Labs","Packaging","MES","Schneider","MES-5586","2025-01-12","Current","2026-01-10","High","false","Pending"
"PAC-017","New Jersey Labs","Packaging","Environmental Monitor","Siemens","EnvironmentalMonitor-8447","2025-06-30","Current","2025-11-30","High","false","Validated"
"PAC-018","New Jersey Labs","Packaging","Safety PLC","Siemens","SafetyPLC-1004","2024-11-30","Current","2025-12-24","High","false","Validated"
"PAC-019","New Jersey Labs","Packaging","Serialization System","Schneider","SerializationSystem-2843","2025-05-24","Overdue","2025-12-02","High","false","Pending"
"PAC-020","New Jersey Labs","Packaging","LIMS","Schneider","LIMS-3407","2025-07-23","Current","2026-01-06","High","false","Pending"
"PAC-022","New Jersey Labs","Packaging","Temperature Controller","Emerson","TemperatureController-9607","2025-05-28","Current","2025-12-20","High","false","Validated"
"PAC-023","New Jersey Labs","Packaging","Environmental Monitor","Honeywell","EnvironmentalMonitor-4102","2025-07-28","Current","2025-12-23","High","false","Pending"
"PAC-024","New Jersey Labs","Packaging","Safety PLC","Schneider","SafetyPLC-5017","2025-07-12","Overdue","2026-01-13","High","false","Pending"
"PAC-025","New Jersey Labs","Packaging","SCADA","Emerson","SCADA-7158","2025-01-05","Current","2025-12-22","High","false","Validated"
"PAC-026","New Jersey Labs","Packaging","MES","Rockwell","MES-2906","2024-11-21","Current","2025-12-17","High","false","Validated"
"PAC-027","New Jersey Labs","Packaging","Environmental Monitor","Siemens","EnvironmentalMonitor-9838","2025-09-25","Current","2026-01-22","High","false","Validated"
"PAC-028","New Jersey Labs","Packaging","HMI","Siemens","HMI-9960","2025-04-08","Overdue","2025-10-24","High","false","Pending"
"PAC-029","New Jersey Labs","Packaging","Temperature Controller","Rockwell","TemperatureController-1351","2025-08-19","Current","2025-10-25","High","false","Pending"
"PAC-031","New Jersey Labs","Packaging","Temperature Controller","Emerson","TemperatureController-9982","2025-07-26","Overdue","2025-12-27","High","false","Validated"
"PAC-032","New Jersey Labs","Packaging","Batch Controller","Schneider","BatchController-6255","2025-09-11","Overdue","2026-01-15","High","false","Pending"
"PAC-033","New Jersey Labs","Packaging","MES","Rockwell","MES-9759","2025-07-21","Overdue","2025-12-16","High","false","Validated"
"PAC-034","New Jersey Labs","Packaging","MES","Emerson","MES-2082","2024-12-23","Overdue","2025-11-07","High","false","Validated"
"PAC-035","New Jersey Labs","Packaging","SCADA","Siemens","SCADA-4525","2025-01-14","Overdue","2025-12-10","High","false","Pending"
"PAC-036","New Jersey Labs","Packaging","Temperature Controller","Emerson","TemperatureController-5110","2025-08-18","Overdue","2025-11-19","High","false","Validated"
"PAC-037","New Jersey Labs","Packaging","HMI","Emerson","HMI-9268","2025-04-22","Current","2025-11-30","High","false","Validated"
"PAC-038","New Jersey Labs","Packaging","HMI","Honeywell","HMI-1548","2025-03-15","Overdue","2025-11-11","High","false","Pending"
"PAC-039","New Jersey Labs","Packaging","SCADA","Rockwell","SCADA-7087","2025-04-22","Current","2025-11-05","High","false","Pending"
"PAC-040","New Jersey Labs","Packaging","LIMS","Siemens","LIMS-4944","2025-10-14","Current","2026-01-10","High","false","Pending"
"PAC-041","New Jersey Labs","Packaging","Temperature Controller","Honeywell","TemperatureController-8821","2025-10-19","Current","2026-01-12","High","false","Validated"
"QUA-003","New Jersey Labs","Quality Control Lab","HMI","Siemens","HMI-7726","2025-01-20","Overdue","2025-12-16","Critical","true","Pending"
"QUA-004","New Jersey Labs","Quality Control Lab","LIMS","Emerson","LIMS-4293","2024-11-01","Current","2025-11-05","Critical","true","Validated"
"QUA-005","New Jersey Labs","Quality Control Lab","Batch Controller","Siemens","BatchController-2413","2025-05-18","Current","2025-11-11","Critical","true","Validated"
"QUA-007","New Jersey Labs","Quality Control Lab","MES","Siemens","MES-6444","2024-11-05","Current","2025-11-02","Critical","true","Validated"
"QUA-010","New Jersey Labs","Quality Control Lab","Safety PLC","Siemens","SafetyPLC-5736","2025-01-10","Current","2026-01-13","Critical","true","Validated"
"QUA-011","New Jersey Labs","Quality Control Lab","Temperature Controller","Siemens","TemperatureController-8656","2025-07-12","Overdue","2025-12-09","Critical","true","Validated"
"QUA-012","New Jersey Labs","Quality Control Lab","Safety PLC","Emerson","SafetyPLC-6122","2025-03-11","Current","2026-01-04","Critical","true","Validated"
"QUA-013","New Jersey Labs","Quality Control Lab","PLC","Honeywell","PLC-6622","2024-11-16","Current","2025-12-29","Critical","true","Pending"
"QUA-014","New Jersey Labs","Quality Control Lab","Serialization System","Rockwell","SerializationSystem-6219","2024-11-15","Overdue","2026-01-07","Critical","true","Validated"
"QUA-015","New Jersey Labs","Quality Control Lab","Temperature Controller","Honeywell","TemperatureController-8495","2025-02-16","Current","2025-12-20","Critical","true","Pending"
"QUA-017","New Jersey Labs","Quality Control Lab","LIMS","Rockwell","LIMS-3696","2025-05-24","Current","2025-11-04","Critical","true","Validated"
"QUA-018","New Jersey Labs","Quality Control Lab","MES","Rockwell","MES-5784","2025-03-13","Overdue","2026-01-05","Critical","true","Validated"
"QUA-019","New Jersey Labs","Quality Control Lab","HMI","Honeywell","HMI-4267","2025-05-24","Overdue","2025-12-29","Critical","true","Pending"
"QUA-020","New Jersey Labs","Quality Control Lab","SCADA","Honeywell","SCADA-9878","2025-01-19","Overdue","2025-10-26","Critical","true","Pending"
"QUA-021","New Jersey Labs","Quality Control Lab","Temperature Controller","Rockwell","TemperatureController-4524","2025-06-08","Overdue","2025-12-08","Critical","true","Pending"
"QUA-022","New Jersey Labs","Quality Control Lab","Temperature Controller","Schneider","TemperatureController-7724","2024-10-31","Current","2026-01-09","Critical","true","Pending"
"QUA-023","New Jersey Labs","Quality Control Lab","Safety PLC","Schneider","SafetyPLC-8179","2024-12-20","Overdue","2025-11-16","Critical","true","Validated"
"QUA-026","New Jersey Labs","Quality Control Lab","LIMS","Emerson","LIMS-1032","2025-04-14","Current","2025-11-08","Critical","true","Validated"
"QUA-027","New Jersey Labs","Quality Control Lab","MES","Siemens","MES-7537","2025-05-03","Current","2025-11-09","Critical","true","Validated"
"QUA-029","New Jersey Labs","Quality Control Lab","MES","Schneider","MES-4839","2025-01-26","Current","2025-11-13","Critical","true","Validated"
"QUA-030","New Jersey Labs","Quality Control Lab","Temperature Controller","Siemens","TemperatureController-2931","2025-07-20","Current","2025-12-26","Critical","true","Pending"
"QUA-031","New Jersey Labs","Quality Control Lab","SCADA","Honeywell","SCADA-5833","2025-09-18","Current","2026-01-15","Critical","true","Pending"
"QUA-032","New Jersey Labs","Quality Control Lab","SCADA","Emerson","SCADA-5247","2025-06-01","Current","2025-12-30","Critical","true","Validated"
"QUA-033","New Jersey Labs","Quality Control Lab","Batch Controller","Schneider","BatchController-9983","2024-12-25","Overdue","2025-11-18","Critical","true","Pending"
"QUA-034","New Jersey Labs","Quality Control Lab","Safety PLC","Emerson","SafetyPLC-6255","2025-06-22","Overdue","2025-12-16","Critical","true","Validated"
"QUA-035","New Jersey Labs","Quality Control Lab","Temperature Controller","Honeywell","TemperatureController-4723","2025-10-01","Current","2025-11-28","Critical","true","Validated"
"QUA-036","New Jersey Labs","Quality Control Lab","PLC","Rockwell","PLC-9423","2024-11-09","Overdue","2026-01-18","Critical","true","Pending"
"QUA-038","New Jersey Labs","Quality Control Lab","Environmental Monitor","Siemens","EnvironmentalMonitor-8016","2025-06-01","Current","2025-11-02","Critical","true","Pending"
"QUA-039","New Jersey Labs","Quality Control Lab","MES","Siemens","MES-9368","2025-04-28","Overdue","2025-10-25","Critical","true","Validated"
"QUA-040","New Jersey Labs","Quality Control Lab","Serialization System","Rockwell","SerializationSystem-9236","2024-10-31","Current","2025-11-11","Critical","true","Validated"
"UTI-001","New Jersey Labs","Utilities","Temperature Controller","Rockwell","TemperatureController-2737","2025-04-10","Overdue","2025-11-25","High","false","Validated"
"UTI-002","New Jersey Labs","Utilities","LIMS","Honeywell","LIMS-4882","2025-03-20","Current","2025-11-25","High","false","Pending"
"UTI-003","New Jersey Labs","Utilities","Serialization System","Schneider","SerializationSystem-2908","2025-03-17","Overdue","2025-12-02","High","false","Pending"
"UTI-005","New Jersey Labs","Utilities","Temperature Controller","Emerson","TemperatureController-8705","2025-09-12","Overdue","2025-11-08","High","false","Validated"
"UTI-008","New Jersey Labs","Utilities","Temperature Controller","Honeywell","TemperatureController-4930","2025-07-12","Current","2025-11-13","High","false","Validated"
"UTI-009","New Jersey Labs","Utilities","PLC","Siemens","PLC-2249","2024-12-23","Current","2025-11-24","High","false","Validated"
"UTI-010","New Jersey Labs","Utilities","MES","Honeywell","MES-7555","2025-06-28","Current","2025-11-19","High","false","Validated"
"UTI-011","New Jersey Labs","Utilities","Temperature Controller","Schneider","TemperatureController-2850","2025-02-08","Overdue","2025-11-11","High","false","Pending"
"UTI-012","New Jersey Labs","Utilities","Serialization System","Honeywell","SerializationSystem-8166","2025-03-10","Current","2025-12-11","High","false","Validated"
"UTI-014","New Jersey Labs","Utilities","SCADA","Honeywell","SCADA-2954","2025-05-09","Current","2025-10-25","High","false","Pending"
"UTI-016","New Jersey Labs","Utilities","Environmental Monitor","Honeywell","EnvironmentalMonitor-3334","2025-06-17","Current","2026-01-07","High","false","Pending"
"UTI-017","New Jersey Labs","Utilities","Safety PLC","Rockwell","SafetyPLC-7119","2024-12-16","Current","2026-01-06","High","false","Validated"
"UTI-018","New Jersey Labs","Utilities","SCADA","Rockwell","SCADA-2162","2025-06-05","Current","2025-11-21","High","false","Validated"
"UTI-019","New Jersey Labs","Utilities","PLC","Rockwell","PLC-3469","2025-05-14","Current","2025-10-31","High","false","Pending"
"UTI-020","New Jersey Labs","Utilities","Serialization System","Siemens","SerializationSystem-6829","2025-03-13","Current","2025-11-29","High","false","Pending"
"UTI-021","New Jersey Labs","Utilities","MES","Schneider","MES-9747","2025-03-03","Current","2026-01-01","High","false","Validated"
"UTI-022","New Jersey Labs","Utilities","Safety PLC","Rockwell","SafetyPLC-7427","2025-05-05","Current","2025-10-31","High","false","Validated"
"UTI-023","New Jersey Labs","Utilities","HMI","Schneider","HMI-5009","2025-09-27","Current","2025-12-26","High","false","Pending"
"UTI-024","New Jersey Labs","Utilities","Temperature Controller","Schneider","TemperatureController-3020","2025-06-08","Current","2025-12-29","High","false","Pending"
"UTI-025","New Jersey Labs","Utilities","LIMS","Schneider","LIMS-4640","2024-12-01","Current","2026-01-12","High","false","Validated"
"UTI-026","New Jersey Labs","Utilities","HMI","Siemens","HMI-9309","2025-03-10","Current","2026-01-08","High","false","Validated"
"UTI-027","New Jersey Labs","Utilities","MES","Rockwell","MES-2613","2025-05-05","Current","2025-12-27","High","false","Validated"
"UTI-029","New Jersey Labs","Utilities","MES","Siemens","MES-7496","2025-08-04","Current","2025-11-03","High","false","Validated"
"UTI-033","New Jersey Labs","Utilities","MES","Schneider","MES-7564","2025-04-15","Current","2025-10-28","High","false","Validated"
"UTI-034","New Jersey Labs","Utilities","Temperature Controller","Siemens","TemperatureController-6206","2024-11-23","Current","2026-01-03","High","false","Validated"
"UTI-035","New Jersey Labs","Utilities","SCADA","Emerson","SCADA-9844","2024-11-11","Current","2026-01-22","High","false","Pending"
"UTI-036","New Jersey Labs","Utilities","Serialization System","Siemens","SerializationSystem-6122","2025-04-16","Current","2025-11-22","High","false","Validated"
"UTI-037","New Jersey Labs","Utilities","Batch Controller","Siemens","BatchController-4149","2025-03-19","Current","2026-01-14","High","false","Validated"
"UTI-039","New Jersey Labs","Utilities","Batch Controller","Schneider","BatchController-2173","2025-05-08","Current","2025-11-26","High","false","Validated"
"UTI-041","New Jersey Labs","Utilities","Temperature Controller","Honeywell","TemperatureController-2105","2025-04-20","Current","2025-12-16","High","false","Validated"
"UTI-042","New Jersey Labs","Utilities","Safety PLC","Honeywell","SafetyPLC-7869","2025-01-25","Current","2025-12-29","High","false","Validated"
"UTI-043","New Jersey Labs","Utilities","MES","Siemens","MES-5657","2025-06-28","Current","2025-11-01","High","false","Pending"
"UTI-044","New Jersey Labs","Utilities","LIMS","Siemens","LIMS-5831","2024-11-27","Current","2025-12-27","High","false","Validated"
"UTI-045","New Jersey Labs","Utilities","MES","Schneider","MES-7965","2025-06-03","Current","2025-11-30","High","false","Validated"
"UTI-046","New Jersey Labs","Utilities","LIMS","Rockwell","LIMS-9210","2025-05-17","Current","2025-11-19","High","false","Pending"
"UTI-047","New Jersey Labs","Utilities","Safety PLC","Emerson","SafetyPLC-3403","2025-07-13","Current","2025-12-20","High","false","Validated"
"UTI-048","New Jersey Labs","Utilities","PLC","Rockwell","PLC-2574","2025-10-03","Current","2025-12-27","High","false","Pending"
"UTI-049","New Jersey Labs","Utilities","Temperature Controller","Emerson","TemperatureController-3786","2025-06-16","Overdue","2025-12-03","High","false","Validated"
"UTI-050","New Jersey Labs","Utilities","MES","Honeywell","MES-4257","2025-06-27","Current","2025-12-16","High","false","Validated"
"UTI-051","New Jersey Labs","Utilities","Temperature Controller","Siemens","TemperatureController-4387","2025-07-29","Current","2025-12-23","High","false","Validated"
"WAR-001","New Jersey Labs","Warehouse","HMI","Siemens","HMI-1779","2025-06-05","Overdue","2026-01-02","Medium","false","Validated"
"WAR-003","New Jersey Labs","Warehouse","LIMS","Honeywell","LIMS-8877","2025-05-26","Current","2026-01-01","Medium","false","Pending"
"WAR-006","New Jersey Labs","Warehouse","Batch Controller","Siemens","BatchController-9629","2024-12-02","Current","2026-01-13","Medium","false","Pending"
"WAR-007","New Jersey Labs","Warehouse","SCADA","Honeywell","SCADA-3896","2024-12-28","Current","2025-12-09","Medium","false","Pending"
"WAR-009","New Jersey Labs","Warehouse","Serialization System","Siemens","SerializationSystem-9953","2024-11-30","Current","2025-12-02","Medium","false","Pending"
"WAR-010","New Jersey Labs","Warehouse","PLC","Rockwell","PLC-1830","2025-04-20","Current","2025-11-29","Medium","false","Pending"
"WAR-012","New Jersey Labs","Warehouse","Batch Controller","Emerson","BatchController-6018","2025-06-18","Current","2025-12-14","Medium","false","Pending"
"WAR-013","New Jersey Labs","Warehouse","Batch Controller","Honeywell","BatchController-7252","2025-09-12","Current","2025-12-26","Medium","false","Pending"
"WAR-014","New Jersey Labs","Warehouse","MES","Siemens","MES-1955","2024-12-28","Current","2025-12-22","Medium","false","Pending"
"WAR-015","New Jersey Labs","Warehouse","Environmental Monitor","Schneider","EnvironmentalMonitor-9381","2025-09-22","Overdue","2026-01-13","Medium","false","Validated"
"WAR-016","New Jersey Labs","Warehouse","MES","Schneider","MES-2157","2025-08-07","Overdue","2025-12-09","Medium","false","Validated"
"WAR-017","New Jersey Labs","Warehouse","Temperature Controller","Rockwell","TemperatureController-8167","2025-10-17","Current","2025-10-25","Medium","false","Pending"