tag_id,plant,unit,instrument_type,timestamp,uptime_pct,alarm_count,batch_id,quality_metrics,temperature,humidity,contamination_level
"API-001","Boston Pharma","API Manufacturing","SCADA","2025-10-23T21:50:54.691Z","86","2","BATCH-3981","90","38","55","0"
"API-002","Boston Pharma","API Manufacturing","HMI","2025-10-23T22:15:40.466Z","90","0","BATCH-2663","92","33","52","1"
"API-003","Boston Pharma","API Manufacturing","LIMS","2025-10-23T21:59:00.191Z","94","2","BATCH-9556","91","35","58","1"
"API-004","Boston Pharma","API Manufacturing","MES","2025-10-24T13:43:44.008Z","90","6","BATCH-1813","92","34","43","4"
"API-005","Boston Pharma","API Manufacturing","Safety PLC","2025-10-24T00:28:08.892Z","96","4","BATCH-1266","94","38","46","0"
"API-006","Boston Pharma","API Manufacturing","MES","2025-10-24T13:28:29.191Z","96","7","BATCH-2109","90","33","56","4"
"API-007","Boston Pharma","API Manufacturing","Serialization System","2025-10-23T22:50:49.496Z","94","1","BATCH-4889","99","20","53","2"
"API-008","Boston Pharma","API Manufacturing","MES","2025-10-24T05:48:12.296Z","92","6","BATCH-7969","94","30","56","3"
"API-009","Boston Pharma","API Manufacturing","SCADA","2025-10-24T06:39:47.780Z","91","7","BATCH-2433","92","34","51","4"
"API-011","Boston Pharma","API Manufacturing","SCADA","2025-10-24T01:42:56.617Z","93","0","BATCH-8188","91","20","44","4"
"API-012","Boston Pharma","API Manufacturing","Serialization System","2025-10-24T13:37:12.769Z","85","2","BATCH-10879","96","29","51","1"
"API-013","Boston Pharma","API Manufacturing","PLC","2025-10-24T11:58:03.945Z","99","1","BATCH-7904","93","35","43","0"
"API-015","Boston Pharma","API Manufacturing","PLC","2025-10-24T08:00:17.107Z","88","7","BATCH-10183","99","38","46","4"
"API-016","Boston Pharma","API Manufacturing","PLC","2025-10-24T13:23:33.677Z","89","6","BATCH-5760","99","30","50","4"
"API-017","Boston Pharma","API Manufacturing","Environmental Monitor","2025-10-24T10:26:19.040Z","85","4","BATCH-3420","95","35","55","0"
"API-018","Boston Pharma","API Manufacturing","Safety PLC","2025-10-24T14:20:22.713Z","90","0","BATCH-9444","98","27","50","1"
"API-019","Boston Pharma","API Manufacturing","MES","2025-10-24T09:24:01.898Z","98","1","BATCH-9102","94","23","56","1"
"API-020","Boston Pharma","API Manufacturing","Batch Controller","2025-10-24T13:10:44.449Z","99","5","BATCH-7895","90","25","59","1"
"API-021","Boston Pharma","API Manufacturing","LIMS","2025-10-24T14:29:23.755Z","91","1","BATCH-4159","93","23","55","0"
"API-023","Boston Pharma","API Manufacturing","Safety PLC","2025-10-24T02:48:59.119Z","88","6","BATCH-7904","90","37","43","1"
"API-025","Boston Pharma","API Manufacturing","Serialization System","2025-10-24T13:24:31.437Z","91","2","BATCH-1261","91","30","57","3"
"API-026","Boston Pharma","API Manufacturing","Temperature Controller","2025-10-24T12:53:42.134Z","94","2","BATCH-4739","98","32","52","3"
"API-027","Boston Pharma","API Manufacturing","HMI","2025-10-24T10:59:08.988Z","95","6","BATCH-10102","95","32","41","3"
"API-028","Boston Pharma","API Manufacturing","SCADA","2025-10-24T07:48:05.333Z","95","4","BATCH-6107","93","21","57","1"
"API-029","Boston Pharma","API Manufacturing","Safety PLC","2025-10-24T07:26:52.807Z","97","1","BATCH-1555","93","31","41","3"
"API-030","Boston Pharma","API Manufacturing","PLC","2025-10-23T22:13:13.510Z","93","6","BATCH-1388","90","21","51","3"
"API-031","Boston Pharma","API Manufacturing","Serialization System","2025-10-24T02:50:56.343Z","86","1","BATCH-10495","99","22","58","1"
"API-032","Boston Pharma","API Manufacturing","PLC","2025-10-24T08:28:02.153Z","91","1","BATCH-6764","95","38","48","4"
"API-033","Boston Pharma","API Manufacturing","LIMS","2025-10-24T00:26:08.733Z","97","4","BATCH-9794","92","20","52","2"
"API-034","Boston Pharma","API Manufacturing","LIMS","2025-10-23T20:34:24.104Z","91","7","BATCH-3977","93","37","50","3"
"API-035","Boston Pharma","API Manufacturing","Environmental Monitor","2025-10-24T02:52:06.052Z","92","0","BATCH-4905","92","22","56","2"
"API-036","Boston Pharma","API Manufacturing","LIMS","2025-10-23T19:23:13.307Z","88","3","BATCH-4953","98","24","59","0"
"FOR-001","Boston Pharma","Formulation","Serialization System","2025-10-24T04:33:16.395Z","91","3","BATCH-8049","99","35","52","4"
"FOR-002","Boston Pharma","Formulation","Safety PLC","2025-10-24T13:56:50.849Z","95","6","BATCH-3449","97","31","52","3"
"FOR-003","Boston Pharma","Formulation","PLC","2025-10-24T17:24:50.463Z","90","4","BATCH-9101","92","37","47","3"
"FOR-004","Boston Pharma","Formulation","Serialization System","2025-10-24T09:49:08.592Z","97","6","BATCH-10572","96","26","41","1"
"FOR-005","Boston Pharma","Formulation","MES","2025-10-23T18:59:05.505Z","97","1","BATCH-1071","92","26","51","1"
"FOR-006","Boston Pharma","Formulation","Batch Controller","2025-10-24T07:05:11.379Z","87","4","BATCH-5269","96","28","40","4"
"FOR-007","Boston Pharma","Formulation","Temperature Controller","2025-10-24T09:27:51.783Z","90","1","BATCH-2051","90","26","41","2"
"FOR-008","Boston Pharma","Formulation","Serialization System","2025-10-24T02:14:55.762Z","85","7","BATCH-4528","90","22","56","1"
"FOR-009","Boston Pharma","Formulation","PLC","2025-10-24T04:26:57.002Z","85","3","BATCH-8380","96","20","40","1"
"FOR-010","Boston Pharma","Formulation","PLC","2025-10-24T10:54:20.461Z","96","6","BATCH-9184","94","31","47","4"
"FOR-012","Boston Pharma","Formulation","Safety PLC","2025-10-24T01:54:22.842Z","98","2","BATCH-6362","93","28","48","2"
"FOR-013","Boston Pharma","Formulation","LIMS","2025-10-24T15:23:24.096Z","95","6","BATCH-8455","97","20","47","3"
"FOR-014","Boston Pharma","Formulation","Serialization System","2025-10-23T21:58:35.378Z","92","6","BATCH-4759","99","32","54","4"
"FOR-016","Boston Pharma","Formulation","LIMS","2025-10-24T03:25:52.952Z","91","1","BATCH-1928","96","39","40","2"
"FOR-017","Boston Pharma","Formulation","HMI","2025-10-24T10:02:44.763Z","96","1","BATCH-8478","98","37","45","4"
"FOR-018","Boston Pharma","Formulation","MES","2025-10-24T07:02:04.773Z","99","1","BATCH-6030","96","31","40","1"
"FOR-019","Boston Pharma","Formulation","Temperature Controller","2025-10-24T02:18:52.433Z","90","3","BATCH-1906","92","27","40","2"
"FOR-020","Boston Pharma","Formulation","Safety PLC","2025-10-24T05:43:14.788Z","92","1","BATCH-7012","90","21","42","2"
"FOR-021","Boston Pharma","Formulation","Environmental Monitor","2025-10-24T13:55:12.497Z","98","1","BATCH-3306","99","20","49","3"
"FOR-022","Boston Pharma","Formulation","Environmental Monitor","2025-10-24T03:14:14.030Z","87","1","BATCH-9920","96","38","49","0"
"FOR-023","Boston Pharma","Formulation","PLC","2025-10-24T11:17:45.597Z","97","7","BATCH-1832","95","26","46","2"
"FOR-025","Boston Pharma","Formulation","SCADA","2025-10-24T06:55:46.482Z","85","5","BATCH-6175","93","34","45","2"
"FOR-028","Boston Pharma","Formulation","Temperature Controller","2025-10-24T09:06:50.221Z","87","5","BATCH-9422","99","36","44","0"
"FOR-029","Boston Pharma","Formulation","Safety PLC","2025-10-24T01:54:37.829Z","89","3","BATCH-6230","98","21","42","2"
"FOR-030","Boston Pharma","Formulation","HMI","2025-10-24T10:43:07.519Z","85","6","BATCH-1342","96","33","52","0"
"FOR-031","Boston Pharma","Formulation","Serialization System","2025-10-24T06:35:18.688Z","87","6","BATCH-5343","98","37","43","3"
"FOR-033","Boston Pharma","Formulation","Temperature Controller","2025-10-24T11:09:56.293Z","91","4","BATCH-5334","95","34","55","1"
"FOR-034","Boston Pharma","Formulation","Environmental Monitor","2025-10-24T03:55:11.943Z","92","0","BATCH-4748","90","20","41","3"
"FOR-035","Boston Pharma","Formulation","PLC","2025-10-24T04:03:26.559Z","86","2","BATCH-6197","90","27","48","2"
"FOR-037","Boston Pharma","Formulation","SCADA","2025-10-24T00:06:42.995Z","85","7","BATCH-2606","94","34","40","3"
"FOR-038","Boston Pharma","Formulation","PLC","2025-10-24T13:01:24.669Z","88","1","BATCH-10664","92","24","53","3"
"FOR-039","Boston Pharma","Formulation","PLC","2025-10-24T01:55:04.614Z","91","4","BATCH-7725","92","27","54","0"
"FOR-040","Boston Pharma","Formulation","Safety PLC","2025-10-24T14:05:11.833Z","89","1","BATCH-10603","90","37","55","4"
"FOR-041","Boston Pharma","Formulation","PLC","2025-10-24T17:44:56.982Z","95","7","BATCH-4501","97","31","59","0"
"FOR-042","Boston Pharma","Formulation","LIMS","2025-10-24T03:08:57.128Z","95","3","BATCH-7392","94","29","49","1"
"FOR-043","Boston Pharma","Formulation","HMI","2025-10-24T02:38:59.684Z","91","2","BATCH-5470","97","21","41","3"
"FOR-044","Boston Pharma","Formulation","Serialization System","2025-10-24T02:06:32.828Z","92","4","BATCH-10350","98","33","51","2"
"FOR-045","Boston Pharma","Formulation","PLC","2025-10-23T20:57:34.966Z","99","1","BATCH-9372","91","20","43","2"
"FOR-046","Boston Pharma","Formulation","HMI","2025-10-24T03:14:32.864Z","89","2","BATCH-1422","94","24","51","1"
"PAC-001","Boston Pharma","Packaging","Serialization System","2025-10-24T01:27:39.149Z","89","0","BATCH-1099","91","33","53","0"
"PAC-003","Boston Pharma","Packaging","HMI","2025-10-24T03:59:26.842Z","91","2","BATCH-6887","92","38","58","2"
"PAC-004","Boston Pharma","Packaging","Safety PLC","2025-10-24T05:30:53.430Z","97","7","BATCH-6076","99","26","44","3"
"PAC-006","Boston Pharma","Packaging","HMI","2025-10-24T16:47:20.049Z","85","6","BATCH-3348","90","32","58","2"
"PAC-007","Boston Pharma","Packaging","Safety PLC","2025-10-24T09:02:29.538Z","96","6","BATCH-3825","95","21","41","0"
"PAC-010","Boston Pharma","Packaging","Environmental Monitor","2025-10-24T12:23:44.459Z","93","2","BATCH-10357","92","31","52","2"
"PAC-015","Boston Pharma","Packaging","Temperature Controller","2025-10-24T04:08:33.475Z","96","1","BATCH-1722","96","20","55","4"
"PAC-017","Boston Pharma","Packaging","SCADA","2025-10-24T17:06:26.348Z","98","1","BATCH-3095","91","31","52","2"
"PAC-020","Boston Pharma","Packaging","Environmental Monitor","2025-10-24T14:50:37.147Z","88","7","BATCH-9570","90","28","42","2"
"PAC-022","Boston Pharma","Packaging","MES","2025-10-24T12:06:47.137Z","93","6","BATCH-10657","94","26","48","4"
"PAC-023","Boston Pharma","Packaging","SCADA","2025-10-24T11:02:01.677Z","85","4","BATCH-4809","97","20","53","2"
"PAC-026","Boston Pharma","Packaging","HMI","2025-10-24T15:44:07.672Z","98","0","BATCH-9570","91","39","46","0"
"PAC-027","Boston Pharma","Packaging","PLC","2025-10-24T01:44:52.878Z","97","4","BATCH-2042","98","20","49","1"
"PAC-029","Boston Pharma","Packaging","LIMS","2025-10-24T06:21:24.389Z","97","3","BATCH-5896","93","21","50","2"
"PAC-030","Boston Pharma","Packaging","Temperature Controller","2025-10-24T07:45:24.973Z","89","0","BATCH-7572","98","20","44","4"
"PAC-033","Boston Pharma","Packaging","Serialization System","2025-10-24T07:45:26.322Z","88","0","BATCH-9727","90","23","43","2"
"PAC-035","Boston Pharma","Packaging","Serialization System","2025-10-24T10:11:31.291Z","96","2","BATCH-8631","99","20","49","3"
"PAC-036","Boston Pharma","Packaging","LIMS","2025-10-23T20:05:58.494Z","95","3","BATCH-4301","94","22","54","2"
"PAC-038","Boston Pharma","Packaging","LIMS","2025-10-24T03:41:10.213Z","94","0","BATCH-2796","97","38","48","0"
"PAC-040","Boston Pharma","Packaging","SCADA","2025-10-24T10:59:32.105Z","94","0","BATCH-3087","98","39","41","1"
"PAC-041","Boston Pharma","Packaging","HMI","2025-10-24T03:34:51.852Z","91","0","BATCH-8427","94","28","42","3"
"QUA-003","Boston Pharma","Quality Control Lab","Safety PLC","2025-10-24T01:04:11.927Z","91","0","BATCH-3660","95","35","53","3"
"QUA-004","Boston Pharma","Quality Control Lab","PLC","2025-10-24T00:56:38.550Z","96","6","BATCH-1341","92","33","52","4"
"QUA-005","Boston Pharma","Quality Control Lab","HMI","2025-10-23T19:48:55.547Z","88","2","BATCH-3941","98","24","41","1"
"QUA-006","Boston Pharma","Quality Control Lab","Serialization System","2025-10-24T10:00:32.392Z","98","1","BATCH-5042","97","30","41","2"
"QUA-007","Boston Pharma","Quality Control Lab","PLC","2025-10-24T03:01:20.847Z","98","2","BATCH-4277","96","30","57","2"
"QUA-009","Boston Pharma","Quality Control Lab","Batch Controller","2025-10-24T11:48:40.577Z","93","6","BATCH-3583","91","22","40","0"
"QUA-012","Boston Pharma","Quality Control Lab","Batch Controller","2025-10-23T22:26:56.768Z","85","6","BATCH-10802","95","28","46","1"
"QUA-013","Boston Pharma","Quality Control Lab","Safety PLC","2025-10-24T01:45:08.081Z","90","2","BATCH-2098","91","32","58","2"
"QUA-014","Boston Pharma","Quality Control Lab","MES","2025-10-24T10:37:26.886Z","89","5","BATCH-8123","90","36","58","4"
"QUA-015","Boston Pharma","Quality Control Lab","MES","2025-10-24T00:01:12.636Z","97","1","BATCH-9483","91","27","44","0"
"QUA-016","Boston Pharma","Quality Control Lab","Serialization System","2025-10-24T00:19:39.443Z","91","6","BATCH-1219","91","34","55","4"
"QUA-017","Boston Pharma","Quality Control Lab","Batch Controller","2025-10-24T08:46:22.366Z","98","5","BATCH-6787","99","26","41","4"
"QUA-019","Boston Pharma","Quality Control Lab","Environmental Monitor","2025-10-23T18:52:26.902Z","92","2","BATCH-9821","90","26","41","4"
"QUA-020","Boston Pharma","Quality Control Lab","Serialization System","2025-10-23T23:41:59.824Z","97","6","BATCH-9721","91","32","45","2"
"QUA-024","Boston Pharma","Quality Control Lab","SCADA","2025-10-24T09:45:56.014Z","94","5","BATCH-1287","95","20","59","0"
"QUA-025","Boston Pharma","Quality Control Lab","Batch Controller","2025-10-24T10:53:52.617Z","86","6","BATCH-9828","95","23","41","3"
"QUA-026","Boston Pharma","Quality Control Lab","LIMS","2025-10-23T19:37:59.894Z","87","0","BATCH-5959","93","27","45","1"
"QUA-027","Boston Pharma","Quality Control Lab","Safety PLC","2025-10-23T22:30:12.639Z","99","7","BATCH-5344","97","36","44","1"
"QUA-028","Boston Pharma","Quality Control Lab","Batch Controller","2025-10-24T11:27:05.206Z","92","4","BATCH-1514","95","33","40","0"
"QUA-030","Boston Pharma","Quality Control Lab","HMI","2025-10-24T13:09:09.876Z","99","0","BATCH-3441","96","21","56","3"
"QUA-031","Boston Pharma","Quality Control Lab","Environmental Monitor","2025-10-24T01:57:46.521Z","99","1","BATCH-5009","98","20","57","1"
"QUA-033","Boston Pharma","Quality Control Lab","Serialization System","2025-10-24T04:19:41.843Z","98","5","BATCH-9436","97","38","49","3"
"QUA-034","Boston Pharma","Quality Control Lab","Batch Controller","2025-10-24T08:40:11.089Z","99","7","BATCH-1260","92","35","54","1"
"QUA-035","Boston Pharma","Quality Control Lab","LIMS","2025-10-24T03:14:44.847Z","99","7","BATCH-7332","90","34","40","0"
"QUA-036","Boston Pharma","Quality Control Lab","Temperature Controller","2025-10-24T04:53:45.724Z","88","3","BATCH-9070","95","24","58","3"
"QUA-037","Boston Pharma","Quality Control Lab","HMI","2025-10-24T01:21:22.462Z","95","5","BATCH-9969","94","21","45","4"
"UTI-001","Boston Pharma","Utilities","PLC","2025-10-24T11:26:59.640Z","85","4","BATCH-10714","97","31","40","4"
"UTI-002","Boston Pharma","Utilities","Safety PLC","2025-10-24T18:13:04.867Z","90","4","BATCH-3008","93","29","56","3"
"UTI-004","Boston Pharma","Utilities","LIMS","2025-10-24T08:02:20.946Z","96","2","BATCH-2014","95","23","59","3"
"UTI-005","Boston Pharma","Utilities","MES","2025-10-23T23:22:26.393Z","89","2","BATCH-10320","92","35","59","1"
"UTI-008","Boston Pharma","Utilities","Serialization System","2025-10-23T18:49:40.949Z","89","7","BATCH-8667","96","30","54","4"
"UTI-009","Boston Pharma","Utilities","Safety PLC","2025-10-24T01:22:23.769Z","99","6","BATCH-7517","95","34","50","2"
"UTI-010","Boston Pharma","Utilities","Safety PLC","2025-10-24T16:23:45.162Z","92","0","BATCH-4250","90","32","54","3"
"UTI-014","Boston Pharma","Utilities","HMI","2025-10-23T18:54:18.633Z","85","4","BATCH-4944","97","36","41","1"
"UTI-016","Boston Pharma","Utilities","LIMS","2025-10-24T02:15:20.796Z","97","1","BATCH-10307","95","38","57","3"
"UTI-017","Boston Pharma","Utilities","Batch Controller","2025-10-24T13:21:19.609Z","94","3","BATCH-1583","93","38","55","0"
"UTI-018","Boston Pharma","Utilities","Temperature Controller","2025-10-24T02:48:44.116Z","97","6","BATCH-7146","90","21","52","4"
"UTI-019","Boston Pharma","Utilities","Temperature Controller","2025-10-23T23:52:19.937Z","87","1","BATCH-2822","92","38","54","3"
"UTI-020","Boston Pharma","Utilities","HMI","2025-10-23T20:29:01.990Z","94","0","BATCH-4992","94","39","46","2"
"UTI-021","Boston Pharma","Utilities","MES","2025-10-23T21:28:32.611Z","92","1","BATCH-3408","99","30","52","2"
"UTI-022","Boston Pharma","Utilities","Safety PLC","2025-10-24T06:00:43.169Z","98","7","BATCH-8076","97","21","46","3"
"WAR-002","Boston Pharma","Warehouse","HMI","2025-10-24T15:24:59.185Z","97","2","BATCH-7794","97","30","48","4"
"WAR-003","Boston Pharma","Warehouse","Batch Controller","2025-10-23T20:35:06.120Z","92","3","BATCH-8482","96","35","53","2"
"WAR-004","Boston Pharma","Warehouse","MES","2025-10-24T03:59:43.788Z","92","0","BATCH-2842","97","28","43","2"
"WAR-005","Boston Pharma","Warehouse","Temperature Controller","2025-10-24T10:40:12.036Z","97","5","BATCH-8037","97","29","48","1"
"WAR-007","Boston Pharma","Warehouse","Batch Controller","2025-10-24T04:53:35.796Z","90","5","BATCH-10022","99","20","53","3"
"WAR-009","Boston Pharma","Warehouse","MES","2025-10-24T11:35:09.214Z","87","4","BATCH-6774","99","29","46","2"
"WAR-010","Boston Pharma","Warehouse","HMI","2025-10-24T09:17:50.276Z","87","0","BATCH-5401","99","26","58","2"
"WAR-012","Boston Pharma","Warehouse","MES","2025-10-24T04:58:59.423Z","89","2","BATCH-7362","93","20","55","3"
"WAR-015","Boston Pharma","Warehouse","Temperature Controller","2025-10-24T08:53:06.839Z","87","2","BATCH-9706","94","28","50","1"
"WAR-016","Boston Pharma","Warehouse","PLC","2025-10-24T01:24:07.737Z","92","7","BATCH-6368","90","37","49","0"
"WAR-017","Boston Pharma","Warehouse","PLC","2025-10-24T01:35:36.635Z","87","5","BATCH-1937","90","23","41","1"
"WAR-018","Boston Pharma","Warehouse","Temperature Controller","2025-10-24T00:21:50.813Z","90","3","BATCH-6583","99","29","59","3"
"WAR-019","Boston Pharma","Warehouse","MES","2025-10-24T16:10:27.820Z","97","1","BATCH-9238","91","32","58","2"
"WAR-021","Boston Pharma","Warehouse","Temperature Controller","2025-10-24T15:32:35.646Z","95","0","BATCH-10632","92","38","51","3"
"WAR-022","Boston Pharma","Warehouse","Serialization System","2025-10-23T23:07:55.514Z","97","5","BATCH-10925","93","23","52","3"
"WAR-023","Boston Pharma","Warehouse","Safety PLC","2025-10-24T03:07:51.219Z","89","5","BATCH-8127","96","32","40","0"
"WAR-024","Boston Pharma","Warehouse","Safety PLC","2025-10-24T01:45:53.382Z","94","4","BATCH-3730","98","21","41","2"
"WAR-026","Boston Pharma","Warehouse","PLC","2025-10-24T15:46:36.665Z","99","4","BATCH-8450","96","26","59","2"
"WAR-028","Boston Pharma","Warehouse","Safety PLC","2025-10-24T07:03:03.624Z","89","2","BATCH-7467","93","20","47","3"
"WAR-029","Boston Pharma","Warehouse","Serialization System","2025-10-24T16:39:02.559Z","91","6","BATCH-3037","92","24","49","0"
"WAR-032","Boston Pharma","Warehouse","MES","2025-10-23T23:58:54.268Z","88","5","BATCH-2534","95","35","57","4"
"WAR-033","Boston Pharma","Warehouse","Safety PLC","2025-10-24T09:31:31.359Z","98","0","BATCH-2469","97","29","46","0"
"WAR-036","Boston Pharma","Warehouse","HMI","2025-10-24T15:00:47.692Z","89","5","BATCH-7784","93","21","55","0"
"WAR-038","Boston Pharma","Warehouse","SCADA","2025-10-24T12:03:02.468Z","91","7","BATCH-5431","92","36","41","3"
"WAR-040","Boston Pharma","Warehouse","PLC","2025-10-24T12:07:43.149Z","90","7","BATCH-4760","98","23","48","4"
"WAR-044","Boston Pharma","Warehouse","Environmental Monitor","2025-10-24T01:23:30.138Z","90","4","BATCH-3679","92","33","55","1"
"WAR-046","Boston Pharma","Warehouse","Serialization System","2025-10-24T01:33:09.285Z","93","4","BATCH-3893","97","39","53","3"
"WAR-047","Boston Pharma","Warehouse","PLC","2025-10-24T13:34:15.224Z","88","0","BATCH-8917","94","22","42","3"
"API-001","San Diego Biotech","API Manufacturing","Environmental Monitor","2025-10-24T06:43:43.889Z","94","2","BATCH-4634","97","33","46","4"
"API-002","San Diego Biotech","API Manufacturing","PLC","2025-10-24T11:35:13.077Z","96","1","BATCH-10400","98","27","56","0"
"API-003","San Diego Biotech","API Manufacturing","Environmental Monitor","2025-10-24T07:38:08.589Z","86","7","BATCH-9740","96","33","49","2"
"API-004","San Diego Biotech","API Manufacturing","Environmental Monitor","2025-10-24T06:05:28.481Z","95","3","BATCH-3239","99","25","53","2"
"API-005","San Diego Biotech","API Manufacturing","MES","2025-10-24T07:47:59.488Z","87","6","BATCH-3271","95","25","50","3"
"API-006","San Diego Biotech","API Manufacturing","Batch Controller","2025-10-24T15:12:56.790Z","95","0","BATCH-3201","90","38","52","4"
"API-007","San Diego Biotech","API Manufacturing","Safety PLC","2025-10-24T12:11:35.884Z","86","2","BATCH-1128","98","33","42","1"
"API-009","San Diego Biotech","API Manufacturing","HMI","2025-10-23T18:29:39.521Z","88","7","BATCH-7922","94","26","42","2"
"API-010","San Diego Biotech","API Manufacturing","LIMS","2025-10-24T08:59:00.513Z","93","7","BATCH-9486","93","30","51","4"
"API-012","San Diego Biotech","API Manufacturing","MES","2025-10-23T19:51:17.059Z","87","3","BATCH-3644","91","20","40","4"
"API-013","San Diego Biotech","API Manufacturing","LIMS","2025-10-24T02:24:00.769Z","96","4","BATCH-5648","91","21","52","0"
"API-016","San Diego Biotech","API Manufacturing","LIMS","2025-10-24T05:29:10.098Z","85","3","BATCH-7690","92","31","45","4"
"API-017","San Diego Biotech","API Manufacturing","LIMS","2025-10-24T13:35:03.521Z","95","7","BATCH-7872","91","37","46","4"
"API-018","San Diego Biotech","API Manufacturing","Serialization System","2025-10-24T04:47:52.415Z","86","7","BATCH-6728","90","37","56","4"
"API-020","San Diego Biotech","API Manufacturing","Temperature Controller","2025-10-24T08:33:27.745Z","97","0","BATCH-6831","94","23","51","2"
"API-023","San Diego Biotech","API Manufacturing","MES","2025-10-24T01:48:42.086Z","93","3","BATCH-3619","94","33","47","3"
"API-024","San Diego Biotech","API Manufacturing","MES","2025-10-24T15:51:52.504Z","97","4","BATCH-2368","93","36","50","3"
"API-025","San Diego Biotech","API Manufacturing","Environmental Monitor","2025-10-24T08:49:07.424Z","97","6","BATCH-10383","92","28","52","3"
"API-026","San Diego Biotech","API Manufacturing","LIMS","2025-10-24T17:09:11.902Z","91","1","BATCH-7834","93","27","44","4"
"API-027","San Diego Biotech","API Manufacturing","Safety PLC","2025-10-24T13:30:47.349Z","97","4","BATCH-6184","98","31","53","1"
"API-029","San Diego Biotech","API Manufacturing","Serialization System","2025-10-24T07:51:07.445Z","91","3","BATCH-9656","93","30","52","0"
"API-031","San Diego Biotech","API Manufacturing","Safety PLC","2025-10-24T11:15:26.214Z","92","0","BATCH-6016","94","31","59","2"
"API-032","San Diego Biotech","API Manufacturing","HMI","2025-10-23T23:54:20.803Z","94","4","BATCH-8743","93","39","56","4"
"API-038","San Diego Biotech","API Manufacturing","SCADA","2025-10-24T01:53:45.982Z","94","2","BATCH-3854","90","29","59","3"
"API-042","San Diego Biotech","API Manufacturing","Safety PLC","2025-10-24T12:51:59.407Z","95","5","BATCH-7748","95","32","48","4"
"FOR-001","San Diego Biotech","Formulation","Serialization System","2025-10-24T02:03:41.219Z","90","6","BATCH-6054","99","29","53","1"
"FOR-002","San Diego Biotech","Formulation","Safety PLC","2025-10-24T06:56:13.511Z","88","0","BATCH-5239","96","27","42","4"
"FOR-003","San Diego Biotech","Formulation","SCADA","2025-10-24T14:27:21.513Z","91","4","BATCH-8586","94","24","51","1"
"FOR-004","San Diego Biotech","Formulation","LIMS","2025-10-23T21:05:39.001Z","85","6","BATCH-10660","92","24","40","3"
"FOR-005","San Diego Biotech","Formulation","Serialization System","2025-10-24T18:11:52.307Z","93","3","BATCH-8288","98","21","40","2"
"FOR-008","San Diego Biotech","Formulation","Serialization System","2025-10-24T11:04:14.903Z","92","7","BATCH-8115","91","26","41","1"
"FOR-009","San Diego Biotech","Formulation","Serialization System","2025-10-23T22:22:01.106Z","88","1","BATCH-8308","97","26","47","4"
"FOR-010","San Diego Biotech","Formulation","Safety PLC","2025-10-23T22:11:04.360Z","87","0","BATCH-1623","93","36","45","1"
"FOR-011","San Diego Biotech","Formulation","Environmental Monitor","2025-10-23T19:59:06.932Z","90","7","BATCH-8598","93","29","41","2"
"FOR-012","San Diego Biotech","Formulation","SCADA","2025-10-24T05:13:35.635Z","99","4","BATCH-10260","95","25","59","4"
"FOR-013","San Diego Biotech","Formulation","Temperature Controller","2025-10-24T06:13:06.258Z","86","3","BATCH-5793","97","38","45","0"
"FOR-015","San Diego Biotech","Formulation","Temperature Controller","2025-10-24T16:56:07.702Z","98","5","BATCH-10649","94","36","44","2"
"FOR-018","San Diego Biotech","Formulation","Serialization System","2025-10-23T22:40:29.018Z","92","7","BATCH-3972","90","33","48","4"
"FOR-019","San Diego Biotech","Formulation","HMI","2025-10-23T22:44:05.282Z","94","2","BATCH-3978","99","20","56","2"
"PAC-001","San Diego Biotech","Packaging","Temperature Controller","2025-10-24T06:07:05.030Z","93","3","BATCH-8761","98","31","54","3"
"PAC-003","San Diego Biotech","Packaging","Serialization System","2025-10-23T20:56:52.248Z","86","4","BATCH-10272","97","38","59","3"
"PAC-004","San Diego Biotech","Packaging","Serialization System","2025-10-24T14:00:59.072Z","91","2","BATCH-3543","91","23","41","2"
"PAC-005","San Diego Biotech","Packaging","PLC","2025-10-24T02:55:59.399Z","89","3","BATCH-1096","98","38","50","1"
"PAC-006","San Diego Biotech","Packaging","PLC","2025-10-24T12:53:04.574Z","87","2","BATCH-6219","93","21","40","0"
"PAC-007","San Diego Biotech","Packaging","Batch Controller","2025-10-24T06:45:13.818Z","86","6","BATCH-7592","91","31","48","2"
"PAC-009","San Diego Biotech","Packaging","Temperature Controller","2025-10-24T08:55:14.097Z","95","6","BATCH-7930","93","33","51","0"
"PAC-011","San Diego Biotech","Packaging","Batch Controller","2025-10-24T11:29:17.516Z","85","1","BATCH-7443","96","21","59","1"
"PAC-012","San Diego Biotech","Packaging","Safety PLC","2025-10-24T11:07:58.644Z","96","3","BATCH-3926","93","36","47","4"
"PAC-013","San Diego Biotech","Packaging","Batch Controller","2025-10-24T16:31:36.846Z","94","4","BATCH-9532","93","39","40","0"
"PAC-014","San Diego Biotech","Packaging","PLC","2025-10-23T22:41:55.877Z","88","7","BATCH-6572","93","38","44","1"
"PAC-015","San Diego Biotech","Packaging","Temperature Controller","2025-10-24T13:18:35.672Z","98","3","BATCH-2989","94","35","58","1"
"PAC-016","San Diego Biotech","Packaging","MES","2025-10-24T11:46:32.005Z","90","3","BATCH-5678","90","37","43","2"
"PAC-017","San Diego Biotech","Packaging","MES","2025-10-24T05:55:24.141Z","97","5","BATCH-1595","97","30","49","4"
"PAC-018","San Diego Biotech","Packaging","Temperature Controller","2025-10-24T15:15:35.201Z","90","1","BATCH-9281","94","27","46","1"
"PAC-019","San Diego Biotech","Packaging","Environmental Monitor","2025-10-23T19:39:29.888Z","95","6","BATCH-6846","94","24","40","3"
"PAC-020","San Diego Biotech","Packaging","Safety PLC","2025-10-24T12:36:17.086Z","96","0","BATCH-9172","94","32","41","0"
"PAC-022","San Diego Biotech","Packaging","Batch Controller","2025-10-23T23:14:34.837Z","87","0","BATCH-10662","94","22","43","2"
"PAC-023","San Diego Biotech","Packaging","HMI","2025-10-24T11:13:29.603Z","98","3","BATCH-4084","91","37","49","1"
"PAC-024","San Diego Biotech","Packaging","Safety PLC","2025-10-23T22:56:25.480Z","92","6","BATCH-8312","97","32","49","0"
"PAC-026","San Diego Biotech","Packaging","LIMS","2025-10-23T18:24:32.105Z","88","5","BATCH-3556","90","34","54","0"
"PAC-029","San Diego Biotech","Packaging","PLC","2025-10-24T13:23:01.670Z","89","4","BATCH-5026","90","21","57","2"
"PAC-030","San Diego Biotech","Packaging","Serialization System","2025-10-24T02:28:47.011Z","96","3","BATCH-6270","91","21","46","2"
"PAC-031","San Diego Biotech","Packaging","Environmental Monitor","2025-10-24T10:30:58.202Z","85","5","BATCH-3655","97","30","45","0"
"PAC-032","San Diego Biotech","Packaging","Serialization System","2025-10-24T11:52:16.602Z","88","5","BATCH-8904","97","35","51","0"
"PAC-034","San Diego Biotech","Packaging","MES","2025-10-24T15:30:59.585Z","91","0","BATCH-10050","97","24","40","3"
"PAC-035","San Diego Biotech","Packaging","LIMS","2025-10-23T19:12:27.904Z","95","1","BATCH-6775","93","35","48","2"
"PAC-036","San Diego Biotech","Packaging","Safety PLC","2025-10-24T07:59:00.809Z","99","3","BATCH-8819","97","25","55","2"
"PAC-038","San Diego Biotech","Packaging","HMI","2025-10-24T11:12:17.321Z","96","4","BATCH-4047","91","33","42","0"
"PAC-040","San Diego Biotech","Packaging","Temperature Controller","2025-10-24T05:22:37.036Z","97","5","BATCH-5226","93","29","49","4"
"PAC-044","San Diego Biotech","Packaging","Safety PLC","2025-10-23T19:28:31.824Z","89","0","BATCH-4469","93","37","50","0"
"QUA-002","San Diego Biotech","Quality Control Lab","PLC","2025-10-23T20:10:29.989Z","86","4","BATCH-2511","98","28","54","4"
"QUA-003","San Diego Biotech","Quality Control Lab","Temperature Controller","2025-10-24T00:32:54.022Z","85","6","BATCH-1760","92","34","59","1"
"QUA-004","San Diego Biotech","Quality Control Lab","LIMS","2025-10-24T17:35:47.600Z","94","2","BATCH-1965","94","32","58","4"
"QUA-006","San Diego Biotech","Quality Control Lab","Safety PLC","2025-10-24T13:11:26.844Z","88","1","BATCH-1013","90","20","47","1"
"QUA-008","San Diego Biotech","Quality Control Lab","LIMS","2025-10-24T11:16:21.125Z","87","0","BATCH-6952","94","29","54","3"
"QUA-011","San Diego Biotech","Quality Control Lab","LIMS","2025-10-23T18:41:55.416Z","93","6","BATCH-2626","99","28","48","0"
"QUA-012","San Diego Biotech","Quality Control Lab","HMI","2025-10-24T14:23:15.411Z","95","4","BATCH-2335","91","21","50","2"
"QUA-013","San Diego Biotech","Quality Control Lab","SCADA","2025-10-24T00:49:28.640Z","86","1","BATCH-5958","97","36","55","3"
"QUA-014","San Diego Biotech","Quality Control Lab","Serialization System","2025-10-24T05:32:28.699Z","88","2","BATCH-2187","95","22","59","3"
"QUA-015","San Diego Biotech","Quality Control Lab","Serialization System","2025-10-24T08:20:12.938Z","89","1","BATCH-5879","96","35","54","3"
"QUA-016","San Diego Biotech","Quality Control Lab","Serialization System","2025-10-24T15:54:22.828Z","92","7","BATCH-8783","95","37","42","4"
"QUA-018","San Diego Biotech","Quality Control Lab","Serialization System","2025-10-24T03:59:55.653Z","90","0","BATCH-10494","95","35","53","3"
"QUA-020","San Diego Biotech","Quality Control Lab","LIMS","2025-10-24T01:20:27.049Z","98","1","BATCH-2758","90","33","53","4"
"UTI-001","San Diego Biotech","Utilities","Safety PLC","2025-10-24T00:28:58.639Z","93","5","BATCH-1353","96","22","48","0"
"UTI-002","San Diego Biotech","Utilities","PLC","2025-10-24T01:00:07.652Z","86","4","BATCH-6058","97","21","40","1"
"UTI-005","San Diego Biotech","Utilities","Environmental Monitor","2025-10-24T00:51:21.963Z","90","0","BATCH-9235","96","34","53","4"
"UTI-006","San Diego Biotech","Utilities","HMI","2025-10-23T21:54:27.762Z","95","1","BATCH-4027","98","35","54","2"
"UTI-009","San Diego Biotech","Utilities","LIMS","2025-10-24T17:09:07.409Z","93","5","BATCH-2374","90","33","44","2"
"UTI-010","San Diego Biotech","Utilities","Safety PLC","2025-10-24T09:03:22.634Z","89","7","BATCH-7712","99","20","52","0"
"UTI-011","San Diego Biotech","Utilities","LIMS","2025-10-24T16:38:59.913Z","91","3","BATCH-6335","99","26","52","0"
"UTI-013","San Diego Biotech","Utilities","Safety PLC","2025-10-24T05:38:04.482Z","94","7","BATCH-1468","96","20","55","4"
"UTI-014","San Diego Biotech","Utilities","Serialization System","2025-10-24T11:02:04.691Z","97","0","BATCH-4706","98","30","48","4"
"UTI-015","San Diego Biotech","Utilities","Temperature Controller","2025-10-24T04:23:41.884Z","94","5","BATCH-10715","92","30","42","0"
"UTI-016","San Diego Biotech","Utilities","PLC","2025-10-24T07:00:40.778Z","97","7","BATCH-2328","97","28","54","4"
"UTI-017","San Diego Biotech","Utilities","Serialization System","2025-10-23T22:50:05.592Z","97","2","BATCH-5779","96","20","43","3"
"WAR-001","San Diego Biotech","Warehouse","SCADA","2025-10-24T04:28:31.531Z","86","3","BATCH-9867","99","20","49","2"
"WAR-002","San Diego Biotech","Warehouse","SCADA","2025-10-23T19:21:02.408Z","99","3","BATCH-1129","97","39","57","0"
"WAR-003","San Diego Biotech","Warehouse","MES","2025-10-24T08:04:36.914Z","85","6","BATCH-7976","93","26","42","1"
"WAR-005","San Diego Biotech","Warehouse","MES","2025-10-24T01:44:11.556Z","88","4","BATCH-1114","91","29","48","0"
"WAR-006","San Diego Biotech","Warehouse","Environmental Monitor","2025-10-24T16:46:58.364Z","90","6","BATCH-6681","92","39","57","4"
"WAR-007","San Diego Biotech","Warehouse","Temperature Controller","2025-10-24T10:55:12.180Z","95","5","BATCH-2363","93","27","48","1"
"WAR-008","San Diego Biotech","Warehouse","Serialization System","2025-10-24T01:34:04.484Z","91","1","BATCH-1435","92","39","40","4"
"WAR-009","San Diego Biotech","Warehouse","Temperature Controller","2025-10-24T16:49:26.081Z","94","3","BATCH-4892","92","26","50","3"
"WAR-011","San Diego Biotech","Warehouse","Batch Controller","2025-10-24T04:56:17.048Z","86","1","BATCH-3342","93","36","51","1"
"WAR-016","San Diego Biotech","Warehouse","Batch Controller","2025-10-23T20:36:41.133Z","89","1","BATCH-10922","98","27","54","0"
"API-001","New Jersey Labs","API Manufacturing","Serialization System","2025-10-24T10:10:15.673Z","87","5","BATCH-10552","90","37","49","4"
"API-002","New Jersey Labs","API Manufacturing","Serialization System","2025-10-24T15:11:12.877Z","87","5","BATCH-8249","97","29","52","2"
"API-004","New Jersey Labs","API Manufacturing","LIMS","2025-10-24T16:17:10.096Z","86","3","BATCH-5474","98","23","50","1"
"API-005","New Jersey Labs","API Manufacturing","SCADA","2025-10-24T01:21:12.766Z","94","3","BATCH-6028","90","22","44","1"
"API-007","New Jersey Labs","API Manufacturing","LIMS","2025-10-24T08:26:32.904Z","97","3","BATCH-7061","92","30","43","1"
"API-008","New Jersey Labs","API Manufacturing","Batch Controller","2025-10-24T12:14:21.501Z","89","7","BATCH-7592","96","20","42","2"
"API-009","New Jersey Labs","API Manufacturing","HMI","2025-10-24T14:48:10.603Z","95","5","BATCH-5032","98","36","48","1"
"API-011","New Jersey Labs","API Manufacturing","Serialization System","2025-10-24T10:24:00.893Z","97","4","BATCH-6630","96","30","57","4"
"API-012","New Jersey Labs","API Manufacturing","Temperature Controller","2025-10-24T13:54:17.971Z","87","5","BATCH-6772","94","25","57","3"
"API-013","New Jersey Labs","API Manufacturing","SCADA","2025-10-24T13:30:41.776Z","94","5","BATCH-7702","92","32","53","4"
"API-014","New Jersey Labs","API Manufacturing","Safety PLC","2025-10-24T01:06:52.107Z","90","3","BATCH-6916","91","21","47","3"
"API-016","New Jersey Labs","API Manufacturing","Temperature Controller","2025-10-24T14:07:15.138Z","87","0","BATCH-4510","98","20","47","4"
"API-017","New Jersey Labs","API Manufacturing","Batch Controller","2025-10-24T14:01:57.869Z","98","6","BATCH-3002","99","38","49","2"
"API-018","New Jersey Labs","API Manufacturing","LIMS","2025-10-24T14:06:38.021Z","97","2","BATCH-2215","96","36","45","0"
"API-019","New Jersey Labs","API Manufacturing","Serialization System","2025-10-24T13:31:04.624Z","90","0","BATCH-9589","98","35","51","1"
"API-021","New Jersey Labs","API Manufacturing","LIMS","2025-10-24T07:59:21.343Z","88","6","BATCH-6222","95","30","40","2"
"API-023","New Jersey Labs","API Manufacturing","Temperature Controller","2025-10-24T08:59:15.251Z","92","2","BATCH-8366","91","39","48","3"
"API-026","New Jersey Labs","API Manufacturing","Batch Controller","2025-10-24T11:43:11.626Z","85","3","BATCH-8962","95","39","59","0"
"API-028","New Jersey Labs","API Manufacturing","Environmental Monitor","2025-10-24T07:26:20.969Z","90","6","BATCH-9279","98","39","51","4"
"API-031","New Jersey Labs","API Manufacturing","LIMS","2025-10-24T03:08:49.177Z","87","7","BATCH-6288","97","34","49","4"
"API-032","New Jersey Labs","API Manufacturing","Serialization System","2025-10-24T00:53:49.096Z","88","6","BATCH-4390","93","33","44","0"
"API-035","New Jersey Labs","API Manufacturing","Temperature Controller","2025-10-24T01:05:30.964Z","90","0","BATCH-9427","93","26","47","4"
"API-036","New Jersey Labs","API Manufacturing","HMI","2025-10-24T02:37:49.347Z","91","5","BATCH-5817","90","23","48","4"
"API-037","New Jersey Labs","API Manufacturing","Environmental Monitor","2025-10-24T02:27:03.466Z","98","1","BATCH-2954","91","29","47","4"
"API-038","New Jersey Labs","API Manufacturing","LIMS","2025-10-24T16:56:27.366Z","90","4","BATCH-3340","97","25","46","1"
"API-040","New Jersey Labs","API Manufacturing","SCADA","2025-10-24T15:01:51.816Z","93","3","BATCH-9086","94","33","50","4"
"API-041","New Jersey Labs","API Manufacturing","LIMS","2025-10-24T05:32:23.890Z","86","0","BATCH-3476","91","34","48","1"
"API-042","New Jersey Labs","API Manufacturing","Environmental Monitor","2025-10-23T23:44:56.975Z","94","1","BATCH-8710","90","24","40","4"
"API-043","New Jersey Labs","API Manufacturing","PLC","2025-10-24T07:09:33.832Z","90","2","BATCH-3742","99","22","57","1"
"API-045","New Jersey Labs","API Manufacturing","PLC","2025-10-24T11:25:07.801Z","88","1","BATCH-1701","96","26","51","2"
"API-046","New Jersey Labs","API Manufacturing","HMI","2025-10-24T14:03:57.978Z","91","5","BATCH-1890","98","28","55","1"
"API-048","New Jersey Labs","API Manufacturing","SCADA","2025-10-24T13:42:05.442Z","89","7","BATCH-5713","96","24","51","0"
"FOR-001","New Jersey Labs","Formulation","HMI","2025-10-23T19:13:03.284Z","87","6","BATCH-8427","95","23","53","1"
"FOR-003","New Jersey Labs","Formulation","SCADA","2025-10-24T12:44:55.450Z","98","7","BATCH-10044","92","33","49","0"
"FOR-004","New Jersey Labs","Formulation","Batch Controller","2025-10-24T03:14:04.646Z","97","3","BATCH-7350","98","24","47","1"
"FOR-005","New Jersey Labs","Formulation","Environmental Monitor","2025-10-24T13:00:07.347Z","99","1","BATCH-1779","93","27","47","3"
"FOR-006","New Jersey Labs","Formulation","PLC","2025-10-24T05:49:21.868Z","96","1","BATCH-1143","95","20","42","2"
"FOR-007","New Jersey Labs","Formulation","Safety PLC","2025-10-24T15:20:25.515Z","97","3","BATCH-8739","97","24","57","4"
"FOR-008","New Jersey Labs","Formulation","Serialization System","2025-10-24T13:47:45.552Z","88","5","BATCH-3107","93","37","57","4"
"FOR-009","New Jersey Labs","Formulation","PLC","2025-10-23T19:10:47.460Z","86","6","BATCH-7376","94","28","43","4"
"FOR-010","New Jersey Labs","Formulation","HMI","2025-10-24T09:36:07.916Z","93","5","BATCH-2796","94","39","43","4"
"FOR-011","New Jersey Labs","Formulation","Safety PLC","2025-10-24T13:56:31.095Z","86","6","BATCH-7611","93","35","41","4"
"FOR-012","New Jersey Labs","Formulation","Environmental Monitor","2025-10-24T10:24:13.585Z","94","4","BATCH-3759","91","25","56","1"
"FOR-013","New Jersey Labs","Formulation","Safety PLC","2025-10-24T07:05:18.220Z","87","5","BATCH-1989","92","39","45","2"
"FOR-014","New Jersey Labs","Formulation","Serialization System","2025-10-24T04:21:19.672Z","88","3","BATCH-4799","97","33","58","2"
"FOR-015","New Jersey Labs","Formulation","HMI","2025-10-24T17:57:28.856Z","93","4","BATCH-8289","90","24","55","3"
"FOR-016","New Jersey Labs","Formulation","HMI","2025-10-24T13:17:19.125Z","88","6","BATCH-5187","94","31","56","4"
"FOR-017","New Jersey Labs","Formulation","Serialization System","2025-10-24T09:24:51.146Z","94","5","BATCH-5303","97","27","52","3"
"FOR-019","New Jersey Labs","Formulation","MES","2025-10-24T11:32:14.311Z","91","0","BATCH-6908","99","20","49","0"
"FOR-021","New Jersey Labs","Formulation","Batch Controller","2025-10-24T10:30:48.146Z","92","4","BATCH-1162","90","30","43","2"
"FOR-022","New Jersey Labs","Formulation","MES","2025-10-24T15:48:15.541Z","92","7","BATCH-6350","91","22","45","3"
"FOR-023","New Jersey Labs","Formulation","Temperature Controller","2025-10-24T17:58:10.648Z","89","0","BATCH-5603","93","25","58","2"
"FOR-024","New Jersey Labs","Formulation","MES","2025-10-24T17:02:40.156Z","86","3","BATCH-6330","95","32","54","2"
"FOR-027","New Jersey Labs","Formulation","Serialization System","2025-10-23T18:39:45.907Z","86","6","BATCH-6570","95","26","42","3"
"FOR-030","New Jersey Labs","Formulation","Temperature Controller","2025-10-24T12:01:05.486Z","88","0","BATCH-2868","96","34","45","1"
"FOR-034","New Jersey Labs","Formulation","MES","2025-10-24T06:41:13.352Z","85","2","BATCH-2579","96","29","44","0"
"FOR-037","New Jersey Labs","Formulation","HMI","2025-10-24T01:31:06.785Z","92","4","BATCH-4378","92","24","46","4"
"FOR-038","New Jersey Labs","Formulation","Batch Controller","2025-10-24T03:10:18.351Z","91","0","BATCH-6814","90","23","57","0"
"FOR-039","New Jersey Labs","Formulation","SCADA","2025-10-23T22:41:08.870Z","88","4","BATCH-1252","94","27","44","3"
"FOR-040","New Jersey Labs","Formulation","Serialization System","2025-10-24T12:02:42.852Z","88","1","BATCH-1471","95","27","45","4"
"FOR-044","New Jersey Labs","Formulation","MES","2025-10-23T23:12:51.730Z","88","4","BATCH-6016","90","28","48","4"
"FOR-045","New Jersey Labs","Formulation","LIMS","2025-10-23T22:14:16.362Z","85","4","BATCH-7402","95","35","53","3"
"FOR-046","New Jersey Labs","Formulation","Batch Controller","2025-10-24T06:24:15.984Z","96","0","BATCH-10831","92","37","47","4"
"FOR-047","New Jersey Labs","Formulation","Temperature Controller","2025-10-23T18:52:48.558Z","86","1","BATCH-8789","90","34","55","0"
"FOR-048","New Jersey Labs","Formulation","PLC","2025-10-24T09:20:39.069Z","86","6","BATCH-2096","93","24","58","1"
"FOR-049","New Jersey Labs","Formulation","Batch Controller","2025-10-24T07:32:55.249Z","92","5","BATCH-5938","94","36","54","4"
"FOR-050","New Jersey Labs","Formulation","Safety PLC","2025-10-23T21:47:53.628Z","98","0","BATCH-10457","96","35","48","1"
"FOR-052","New Jersey Labs","Formulation","LIMS","2025-10-24T05:50:21.287Z","99","2","BATCH-2885","98","31","54","2"
"FOR-053","New Jersey Labs","Formulation","Safety PLC","2025-10-23T18:43:24.463Z","93","0","BATCH-10357","99","27","47","3"
"FOR-054","New Jersey Labs","Formulation","HMI","2025-10-24T11:18:26.482Z","97","6","BATCH-7708","93","31","47","4"
"PAC-001","New Jersey Labs","Packaging","PLC","2025-10-24T00:07:00.255Z","86","4","BATCH-3180","93","36","44","0"
"PAC-003","New Jersey Labs","Packaging","Environmental Monitor","2025-10-24T11:01:17.475Z","88","6","BATCH-5757","98","22","46","0"
"PAC-005","New Jersey Labs","Packaging","Serialization System","2025-10-24T16:14:48.506Z","94","4","BATCH-7422","99","38","54","0"
"PAC-006","New Jersey Labs","Packaging","Safety PLC","2025-10-23T22:30:38.294Z","88","1","BATCH-2318","95","32","52","4"
"PAC-007","New Jersey Labs","Packaging","SCADA","2025-10-24T10:45:44.317Z","91","6","BATCH-9215","98","28","50","4"
"PAC-009","New Jersey Labs","Packaging","Batch Controller","2025-10-24T10:47:25.282Z","85","2","BATCH-2313","98","36","50","1"
"PAC-010","New Jersey Labs","Packaging","Batch Controller","2025-10-23T22:14:10.908Z","91","1","BATCH-8748","98","27","48","3"
"PAC-011","New Jersey Labs","Packaging","Serialization System","2025-10-24T03:03:02.057Z","97","0","BATCH-8812","99","30","48","2"
"PAC-012","New Jersey Labs","Packaging","Batch Controller","2025-10-24T08:09:56.387Z","95","0","BATCH-5550","94","27","57","2"
"PAC-015","New Jersey Labs","Packaging","SCADA","2025-10-23T22:47:58.903Z","97","4","BATCH-5932","93","31","55","1"
"PAC-016","New Jersey Labs","Packaging","MES","2025-10-24T14:21:43.205Z","88","7","BATCH-6161","97","29","51","3"
"PAC-018","New Jersey Labs","Packaging","Safety PLC","2025-10-24T07:45:31.609Z","92","4","BATCH-5490","97","21","49","4"
"PAC-020","New Jersey Labs","Packaging","LIMS","2025-10-24T06:27:21.856Z","86","0","BATCH-4661","94","22","46","2"
"PAC-021","New Jersey Labs","Packaging","SCADA","2025-10-23T21:59:29.151Z","91","2","BATCH-4744","96","24","52","2"
"PAC-023","New Jersey Labs","Packaging","Environmental Monitor","2025-10-24T17:54:00.979Z","96","4","BATCH-7889","93","39","52","1"
"PAC-024","New Jersey Labs","Packaging","Safety PLC","2025-10-24T05:25:41.856Z","91","1","BATCH-1402","91","20","49","0"
"PAC-026","New Jersey Labs","Packaging","MES","2025-10-24T13:55:33.478Z","87","5","BATCH-10605","99","31","41","2"
"PAC-029","New Jersey Labs","Packaging","Temperature Controller","2025-10-24T10:28:37.598Z","94","4","BATCH-6309","91","38","58","2"
"PAC-030","New Jersey Labs","Packaging","Serialization System","2025-10-23T18:36:45.174Z","91","4","BATCH-3450","93","21","46","3"
"PAC-031","New Jersey Labs","Packaging","Temperature Controller","2025-10-24T05:58:31.423Z","89","6","BATCH-4388","93","36","51","1"
"PAC-033","New Jersey Labs","Packaging","MES","2025-10-24T06:04:03.339Z","94","2","BATCH-9719","95","26","48","0"
"PAC-036","New Jersey Labs","Packaging","Temperature Controller","2025-10-24T04:11:11.342Z","98","0","BATCH-6198","95","26","44","3"
"PAC-037","New Jersey Labs","Packaging","HMI","2025-10-24T15:01:36.580Z","96","5","BATCH-4130","92","26","59","0"
"PAC-040","New Jersey Labs","Packaging","LIMS","2025-10-24T18:01:33.239Z","97","6","BATCH-5780","90","21","51","0"
"PAC-041","New Jersey Labs","Packaging","Temperature Controller","2025-10-24T08:12:09.132Z","86","0","BATCH-4163","94","39","55","1"
"QUA-001","New Jersey Labs","Quality Control Lab","LIMS","2025-10-24T04:47:01.775Z","99","3","BATCH-5680","96","35","56","0"
"QUA-003","New Jersey Labs","Quality Control Lab","HMI","2025-10-24T09:50:49.136Z","87","7","BATCH-4751","90","23","42","1"
"QUA-005","New Jersey Labs","Quality Control Lab","Batch Controller","2025-10-24T08:21:31.825Z","85","0","BATCH-7142","98","36","46","2"
"QUA-006","New Jersey Labs","Quality Control Lab","HMI","2025-10-24T13:43:49.788Z","98","5","BATCH-8227","93","33","46","0"
"QUA-007","New Jersey Labs","Quality Control Lab","MES","2025-10-23T20:21:10.911Z","87","4","BATCH-10394","92","27","41","3"
"QUA-010","New Jersey Labs","Quality Control Lab","Safety PLC","2025-10-24T17:51:19.524Z","94","4","BATCH-6991","97","29","56","4"
"QUA-011","New Jersey Labs","Quality Control Lab","Temperature Controller","2025-10-24T05:16:03.900Z","96","5","BATCH-3946","98","23","49","4"
"QUA-012","New Jersey Labs","Quality Control Lab","Safety PLC","2025-10-24T12:10:45.038Z","90","1","BATCH-1870","90","39","59","1"
"QUA-013","New Jersey Labs","Quality Control Lab","PLC","2025-10-24T03:14:29.992Z","88","1","BATCH-10084","99","30","46","2"
"QUA-014","New Jersey Labs","Quality Control Lab","Serialization System","2025-10-24T15:17:26.398Z","94","2","BATCH-10524","94","31","41","1"
"QUA-015","New Jersey Labs","Quality Control Lab","Temperature Controller","2025-10-24T14:46:09.327Z","99","2","BATCH-3349","99","34","54","4"
"QUA-016","New Jersey Labs","Quality Control Lab","Serialization System","2025-10-24T16:22:01.631Z","97","3","BATCH-2297","95","38","52","4"
"QUA-017","New Jersey Labs","Quality Control Lab","LIMS","2025-10-24T14:49:39.425Z","88","1","BATCH-7350","93","21","42","4"
"QUA-018","New Jersey Labs","Quality Control Lab","MES","2025-10-24T08:36:58.710Z","92","3","BATCH-8186","94","21","47","3"
"QUA-019","New Jersey Labs","Quality Control Lab","HMI","2025-10-24T00:28:49.824Z","93","7","BATCH-7297","95","37","42","3"
"QUA-021","New Jersey Labs","Quality Control Lab","Temperature Controller","2025-10-24T17:02:11.314Z","86","4","BATCH-8008","93","36","56","2"
"QUA-022","New Jersey Labs","Quality Control Lab","Temperature Controller","2025-10-23T21:01:00.112Z","92","4","BATCH-6289","96","21","52","1"
"QUA-023","New Jersey Labs","Quality Control Lab","Safety PLC","2025-10-24T07:28:50.782Z","92","0","BATCH-5873","99","33","41","4"
"QUA-024","New Jersey Labs","Quality Control Lab","Temperature Controller","2025-10-24T13:54:50.807Z","89","1","BATCH-10005","96","38","53","4"
"QUA-026","New Jersey Labs","Quality Control Lab","LIMS","2025-10-24T01:05:49.916Z","98","7","BATCH-9302","90","26","43","4"
"QUA-028","New Jersey Labs","Quality Control Lab","HMI","2025-10-23T21:31:18.119Z","87","6","BATCH-7067","97","21","58","2"
"QUA-029","New Jersey Labs","Quality Control Lab","MES","2025-10-23T20:18:20.129Z","91","7","BATCH-8793","92","37","58","3"
"QUA-031","New Jersey Labs","Quality Control Lab","SCADA","2025-10-23T18:30:00.073Z","90","3","BATCH-1823","97","38","47","3"
"QUA-032","New Jersey Labs","Quality Control Lab","SCADA","2025-10-23T19:01:40.387Z","86","1","BATCH-6217","90","32","47","3"
"QUA-037","New Jersey Labs","Quality Control Lab","MES","2025-10-24T14:19:23.491Z","87","7","BATCH-5398","92","36","55","3"
"QUA-038","New Jersey Labs","Quality Control Lab","Environmental Monitor","2025-10-24T14:39:37.834Z","91","5","BATCH-9598","97","22","54","2"
"QUA-040","New Jersey Labs","Quality Control Lab","Serialization System","2025-10-24T12:24:05.258Z","89","7","BATCH-4712","99","25","50","1"
"UTI-001","New Jersey Labs","Utilities","Temperature Controller","2025-10-24T08:05:52.562Z","92","5","BATCH-7957","94","20","40","3"
"UTI-002","New Jersey Labs","Utilities","LIMS","2025-10-24T01:13:46.954Z","91","2","BATCH-2271","92","38","47","3"
"UTI-003","New Jersey Labs","Utilities","Serialization System","2025-10-24T03:16:54.828Z","94","6","BATCH-3236","94","22","58","1"
"UTI-004","New Jersey Labs","Utilities","HMI","2025-10-24T07:50:17.684Z","95","4","BATCH-2817","96","21","58","2"
"UTI-008","New Jersey Labs","Utilities","Temperature Controller","2025-10-24T13:26:15.277Z","94","7","BATCH-7282","99","24","46","1"
"UTI-009","New Jersey Labs","Utilities","PLC","2025-10-24T12:28:33.346Z","90","0","BATCH-8308","92","20","58","1"
"UTI-011","New Jersey Labs","Utilities","Temperature Controller","2025-10-24T12:08:48.223Z","91","2","BATCH-2081","96","24","45","2"
"UTI-013","New Jersey Labs","Utilities","PLC","2025-10-24T17:32:26.616Z","85","3","BATCH-6144","96","22","53","0"
"UTI-015","New Jersey Labs","Utilities","Serialization System","2025-10-24T06:24:46.558Z","86","2","BATCH-10962","93","30","51","0"
"UTI-017","New Jersey Labs","Utilities","Safety PLC","2025-10-24T10:58:52.772Z","86","3","BATCH-4455","96","29","44","0"
"UTI-019","New Jersey Labs","Utilities","PLC","2025-10-24T13:08:13.004Z","97","6","BATCH-10942","94","31","49","1"
"UTI-020","New Jersey Labs","Utilities","Serialization System","2025-10-23T20:00:48.255Z","87","1","BATCH-8918","97","22","51","2"
"UTI-022","New Jersey Labs","Utilities","Safety PLC","2025-10-23T19:13:06.489Z","93","6","BATCH-9660","99","36","41","0"
"UTI-023","New Jersey Labs","Utilities","HMI","2025-10-23T19:20:08.083Z","91","4","BATCH-3155","98","27","41","1"
"UTI-025","New Jersey Labs","Utilities","LIMS","2025-10-24T13:41:25.276Z","98","5","BATCH-5953","98","32","52","1"
"UTI-027","New Jersey Labs","Utilities","MES","2025-10-24T14:40:21.727Z","86","3","BATCH-8821","95","27","54","4"
"UTI-029","New Jersey Labs","Utilities","MES","2025-10-24T09:48:23.699Z","98","1","BATCH-6580","97","38","48","3"
"UTI-030","New Jersey Labs","Utilities","PLC","2025-10-24T02:14:13.339Z","87","6","BATCH-10817","95","38","50","1"
"UTI-031","New Jersey Labs","Utilities","Temperature Controller","2025-10-23T18:18:28.903Z","86","7","BATCH-4830","95","36","44","0"
"UTI-033","New Jersey Labs","Utilities","MES","2025-10-24T03:48:50.253Z","92","1","BATCH-10031","93","27","59","3"
"UTI-034","New Jersey Labs","Utilities","Temperature Controller","2025-10-24T17:47:02.850Z","85","5","BATCH-3484","95","35","56","3"
"UTI-035","New Jersey Labs","Utilities","SCADA","2025-10-24T13:00:33.922Z","94","4","BATCH-4646","92","27","55","2"
"UTI-036","New Jersey Labs","Utilities","Serialization System","2025-10-24T00:07:41.155Z","97","2","BATCH-5443","90","37","59","0"
"UTI-039","New Jersey Labs","Utilities","Batch Controller","2025-10-24T06:27:00.021Z","85","3","BATCH-3942","98","29","52","2"
"UTI-041","New Jersey Labs","Utilities","Temperature Controller","2025-10-24T13:55:06.898Z","94","0","BATCH-4211","96","30","42","1"
"UTI-043","New Jersey Labs","Utilities","MES","2025-10-24T07:29:21.731Z","99","0","BATCH-8346","90","33","46","2"
"UTI-044","New Jersey Labs","Utilities","LIMS","2025-10-24T15:18:56.016Z","96","4","BATCH-9613","90","36","54","1"
"UTI-046","New Jersey Labs","Utilities","LIMS","2025-10-24T14:30:26.010Z","92","4","BATCH-6321","98","31","49","0"
"UTI-047","New Jersey Labs","Utilities","Safety PLC","2025-10-24T07:14:37.989Z","97","2","BATCH-10027","93","23","53","4"
"UTI-049","New Jersey Labs","Utilities","Temperature Controller","2025-10-24T10:23:23.926Z","91","7","BATCH-8018","93","26","40","0"
"UTI-050","New Jersey Labs","Utilities","MES","2025-10-24T12:16:46.078Z","93","7","BATCH-3560","95","23","57","4"
"UTI-051","New Jersey Labs","Utilities","Temperature Controller","2025-10-24T11:14:57.249Z","97","2","BATCH-6482","93","35","54","2"
"UTI-052","New Jersey Labs","Utilities","Environmental Monitor","2025-10-24T09:48:20.534Z","86","1","BATCH-3931","96","33","51","4"
"WAR-001","New Jersey Labs","Warehouse","HMI","2025-10-24T13:02:36.029Z","99","2","BATCH-3240","99","20","52","3"
"WAR-002","New Jersey Labs","Warehouse","Serialization System","2025-10-24T12:43:24.623Z","87","4","BATCH-1074","99","31","43","1"
"WAR-003","New Jersey Labs","Warehouse","LIMS","2025-10-24T00:11:01.090Z","86","5","BATCH-10816","98","20","57","2"
"WAR-004","New Jersey Labs","Warehouse","Safety PLC","2025-10-23T22:54:04.261Z","94","7","BATCH-5588","98","32","44","1"
"WAR-005","New Jersey Labs","Warehouse","SCADA","2025-10-24T01:36:53.215Z","97","7","BATCH-8297","97","31","51","1"
"WAR-006","New Jersey Labs","Warehouse","Batch Controller","2025-10-24T12:19:33.579Z","96","5","BATCH-3133","91","24","49","4"
"WAR-007","New Jersey Labs","Warehouse","SCADA","2025-10-24T08:24:57.783Z","93","3","BATCH-5806","98","31","44","2"
"WAR-008","New Jersey Labs","Warehouse","Safety PLC","2025-10-24T13:26:44.094Z","85","4","BATCH-1139","99","32","51","4"
"WAR-009","New Jersey Labs","Warehouse","Serialization System","2025-10-24T12:38:59.992Z","91","5","BATCH-9467","95","29","40","4"
"WAR-012","New Jersey Labs","Warehouse","Batch Controller","2025-10-23T23:57:52.716Z","98","6","BATCH-2729","93","31","54","0"
"WAR-013","New Jersey Labs","Warehouse","Batch Controller","2025-10-23T22:55:34.981Z","87","5","BATCH-8941","91","27","54","1"
"WAR-014","New Jersey Labs","Warehouse","MES","2025-10-23T18:23:17.097Z","94","0","BATCH-6227","95","38","52","2"
"WAR-016","New Jersey Labs","Warehouse","MES","2025-10-24T13:43:40.770Z","93","3","BATCH-1907","98","35","49","1"
"WAR-017","New Jersey Labs","Warehouse","Temperature Controller","2025-10-23T19:08:17.142Z","94","2","BATCH-4698","93","30","44","2"