tag_id,plant,unit,instrument_type,ip_address,mac_address,protocol,last_seen,network_status,vlan,data_integrity,audit_trail
"API-001","Boston Pharma","API Manufacturing","SCADA","192.168.243.97","26:f9:52:f7:1a:2d","DNP3","2025-10-21T05:00:24.536Z","ON_NETWORK","VLAN-18","true","true"
"API-003","Boston Pharma","API Manufacturing","LIMS","192.168.217.89","d6:88:fa:3c:b0:44","OPC UA","2025-10-23T05:28:47.005Z","ON_NETWORK","VLAN-67","true","true"
"API-005","Boston Pharma","API Manufacturing","Safety PLC","192.168.157.227","d3:72:cb:f8:2b:57","Ethernet/IP","2025-10-24T03:51:15.490Z","ON_NETWORK","VLAN-48","true","true"
"API-006","Boston Pharma","API Manufacturing","MES","192.168.190.50","57:34:54:35:dd:5e","Ethernet/IP","2025-10-23T10:05:01.082Z","ON_NETWORK","VLAN-65","true","true"
"API-007","Boston Pharma","API Manufacturing","Serialization System","192.168.92.32","68:ff:11:34:b5:2b","DNP3","2025-10-20T02:58:14.238Z","OFF_NETWORK","VLAN-69","true","true"
"API-009","Boston Pharma","API Manufacturing","SCADA","192.168.83.147","b6:10:b2:9d:aa:57","DNP3","2025-10-20T05:26:52.691Z","ON_NETWORK","VLAN-31","true","true"
"API-010","Boston Pharma","API Manufacturing","LIMS","192.168.158.248","1a:99:ea:69:78:d9","Ethernet/IP","2025-10-19T21:03:19.901Z","ON_NETWORK","VLAN-46","true","true"
"API-012","Boston Pharma","API Manufacturing","Serialization System","192.168.42.152","cb:29:f2:31:03:00","Modbus TCP","2025-10-23T22:00:57.326Z","ON_NETWORK","VLAN-49","true","true"
"API-013","Boston Pharma","API Manufacturing","PLC","192.168.141.246","13:ac:1d:22:88:88","Ethernet/IP","2025-10-23T20:37:14.152Z","ON_NETWORK","VLAN-48","true","true"
"API-015","Boston Pharma","API Manufacturing","PLC","192.168.160.52","cb:ce:c1:67:a4:8d","Ethernet/IP","2025-10-20T05:38:57.391Z","ON_NETWORK","VLAN-48","true","true"
"API-017","Boston Pharma","API Manufacturing","Environmental Monitor","192.168.247.155","81:79:9a:a4:72:6c","Modbus TCP","2025-10-21T05:16:44.016Z","ON_NETWORK","VLAN-32","true","true"
"API-018","Boston Pharma","API Manufacturing","Safety PLC","192.168.140.164","da:b2:5a:6b:7f:68","DNP3","2025-10-23T09:30:43.400Z","ON_NETWORK","VLAN-45","true","true"
"API-019","Boston Pharma","API Manufacturing","MES","192.168.105.76","6b:c7:91:4a:e1:eb","Ethernet/IP","2025-10-24T04:41:06.069Z","ON_NETWORK","VLAN-26","true","true"
"API-026","Boston Pharma","API Manufacturing","Temperature Controller","192.168.197.57","48:cc:79:7c:95:fb","OPC UA","2025-10-20T10:23:59.453Z","ON_NETWORK","VLAN-17","true","true"
"API-027","Boston Pharma","API Manufacturing","HMI","192.168.111.140","9b:3d:cc:d0:07:73","OPC UA","2025-10-19T22:06:49.015Z","ON_NETWORK","VLAN-27","true","true"
"API-031","Boston Pharma","API Manufacturing","Serialization System","192.168.204.251","94:54:db:c7:47:8d","Ethernet/IP","2025-10-20T07:09:26.066Z","OFF_NETWORK","VLAN-84","true","true"
"API-032","Boston Pharma","API Manufacturing","PLC","192.168.213.203","73:47:78:0d:2e:10","OPC UA","2025-10-23T10:01:36.091Z","ON_NETWORK","VLAN-100","true","true"
"API-033","Boston Pharma","API Manufacturing","LIMS","192.168.109.72","5c:29:20:a8:16:df","OPC UA","2025-10-19T02:16:32.109Z","ON_NETWORK","VLAN-37","true","true"
"API-034","Boston Pharma","API Manufacturing","LIMS","192.168.2.224","98:b5:ae:d6:27:e6","Ethernet/IP","2025-10-19T10:47:54.206Z","ON_NETWORK","VLAN-7","true","true"
"API-035","Boston Pharma","API Manufacturing","Environmental Monitor","192.168.88.186","c4:15:20:c5:eb:d5","OPC UA","2025-10-18T22:09:55.279Z","ON_NETWORK","VLAN-58","true","true"
"API-036","Boston Pharma","API Manufacturing","LIMS","192.168.39.207","19:a2:01:5c:10:d4","Modbus TCP","2025-10-22T04:32:35.047Z","ON_NETWORK","VLAN-63","true","true"
"FOR-002","Boston Pharma","Formulation","Safety PLC","192.168.29.139","f9:fb:e9:75:e1:7f","Ethernet/IP","2025-10-22T13:23:26.425Z","ON_NETWORK","VLAN-93","true","true"
"FOR-004","Boston Pharma","Formulation","Serialization System","192.168.106.234","ff:25:9b:df:11:d6","Modbus TCP","2025-10-21T18:46:25.311Z","ON_NETWORK","VLAN-72","true","true"
"FOR-005","Boston Pharma","Formulation","MES","192.168.110.51","57:b6:c5:36:5f:c3","DNP3","2025-10-23T12:18:35.352Z","OFF_NETWORK","VLAN-65","true","true"
"FOR-006","Boston Pharma","Formulation","Batch Controller","192.168.248.215","77:9b:1d:4b:2f:bc","Modbus TCP","2025-10-21T14:45:25.870Z","ON_NETWORK","VLAN-29","true","true"
"FOR-007","Boston Pharma","Formulation","Temperature Controller","192.168.49.65","37:65:e7:69:7e:74","OPC UA","2025-10-21T17:02:24.598Z","OFF_NETWORK","VLAN-18","true","true"
"FOR-008","Boston Pharma","Formulation","Serialization System","192.168.181.178","4e:69:6c:26:a8:1f","DNP3","2025-10-21T15:06:46.778Z","ON_NETWORK","VLAN-57","true","true"
"FOR-009","Boston Pharma","Formulation","PLC","192.168.49.102","aa:c6:79:5b:28:1a","DNP3","2025-10-23T18:10:39.733Z","ON_NETWORK","VLAN-72","true","true"
"FOR-010","Boston Pharma","Formulation","PLC","192.168.100.42","f3:d6:61:1f:3c:49","DNP3","2025-10-21T14:24:05.927Z","ON_NETWORK","VLAN-93","true","true"
"FOR-011","Boston Pharma","Formulation","Temperature Controller","192.168.50.20","f4:3c:49:a3:98:cd","Ethernet/IP","2025-10-20T06:26:00.684Z","ON_NETWORK","VLAN-14","true","true"
"FOR-012","Boston Pharma","Formulation","Safety PLC","192.168.71.22","f6:f2:1b:87:bd:b9","OPC UA","2025-10-21T12:44:05.251Z","ON_NETWORK","VLAN-26","true","true"
"FOR-013","Boston Pharma","Formulation","LIMS","192.168.216.132","fa:f0:8e:d1:f3:8c","Ethernet/IP","2025-10-19T19:13:53.790Z","ON_NETWORK","VLAN-28","true","true"
"FOR-014","Boston Pharma","Formulation","Serialization System","192.168.209.133","a2:5f:e7:46:34:65","OPC UA","2025-10-20T07:12:01.217Z","ON_NETWORK","VLAN-3","true","true"
"FOR-017","Boston Pharma","Formulation","HMI","192.168.64.240","95:d9:43:84:da:ee","OPC UA","2025-10-22T22:32:17.456Z","ON_NETWORK","VLAN-33","true","true"
"FOR-019","Boston Pharma","Formulation","Temperature Controller","192.168.245.17","19:53:d8:30:9e:30","Ethernet/IP","2025-10-21T11:29:18.912Z","OFF_NETWORK","VLAN-16","true","true"
"FOR-021","Boston Pharma","Formulation","Environmental Monitor","192.168.31.251","2d:d4:87:8f:2b:99","Modbus TCP","2025-10-21T08:40:51.272Z","ON_NETWORK","VLAN-91","true","true"
"FOR-022","Boston Pharma","Formulation","Environmental Monitor","192.168.77.250","e5:e4:a4:cb:4b:68","Modbus TCP","2025-10-21T20:10:00.460Z","ON_NETWORK","VLAN-29","true","true"
"FOR-023","Boston Pharma","Formulation","PLC","192.168.124.93","a9:f0:7e:01:a1:66","Modbus TCP","2025-10-20T04:28:45.769Z","ON_NETWORK","VLAN-60","true","true"
"FOR-024","Boston Pharma","Formulation","Batch Controller","192.168.228.58","df:ef:89:be:6e:7c","DNP3","2025-10-23T02:34:25.411Z","ON_NETWORK","VLAN-99","true","true"
"FOR-025","Boston Pharma","Formulation","SCADA","192.168.174.19","41:21:28:5c:5c:a4","OPC UA","2025-10-22T04:43:25.671Z","ON_NETWORK","VLAN-61","true","true"
"FOR-026","Boston Pharma","Formulation","HMI","192.168.45.8","49:1c:a7:89:a8:90","Ethernet/IP","2025-10-18T02:44:32.149Z","OFF_NETWORK","VLAN-91","true","true"
"FOR-029","Boston Pharma","Formulation","Safety PLC","192.168.133.124","73:85:c2:ff:9e:15","DNP3","2025-10-18T00:54:54.296Z","ON_NETWORK","VLAN-65","true","true"
"FOR-031","Boston Pharma","Formulation","Serialization System","192.168.65.77","eb:eb:f1:c8:65:9e","OPC UA","2025-10-19T14:16:27.417Z","ON_NETWORK","VLAN-14","true","true"
"FOR-032","Boston Pharma","Formulation","HMI","192.168.202.72","fd:3c:21:d3:7a:93","Modbus TCP","2025-10-21T02:12:45.243Z","ON_NETWORK","VLAN-58","true","true"
"FOR-033","Boston Pharma","Formulation","Temperature Controller","192.168.98.96","28:1b:ef:7b:fa:3e","Ethernet/IP","2025-10-20T12:43:40.680Z","OFF_NETWORK","VLAN-89","true","true"
"FOR-034","Boston Pharma","Formulation","Environmental Monitor","192.168.18.204","75:c5:85:d6:f6:ee","Modbus TCP","2025-10-20T15:01:06.108Z","ON_NETWORK","VLAN-77","true","true"
"FOR-035","Boston Pharma","Formulation","PLC","192.168.25.38","08:c1:56:87:f3:80","Ethernet/IP","2025-10-20T03:06:17.813Z","ON_NETWORK","VLAN-52","true","true"
"FOR-036","Boston Pharma","Formulation","Temperature Controller","192.168.245.117","64:91:9e:bb:a9:9d","Modbus TCP","2025-10-18T05:27:13.078Z","ON_NETWORK","VLAN-33","true","true"
"FOR-037","Boston Pharma","Formulation","SCADA","192.168.29.72","1e:63:7b:51:61:c9","OPC UA","2025-10-18T16:19:00.768Z","ON_NETWORK","VLAN-61","true","true"
"FOR-038","Boston Pharma","Formulation","PLC","192.168.94.184","98:f7:41:31:8b:01","DNP3","2025-10-22T20:16:52.876Z","OFF_NETWORK","VLAN-23","true","true"
"FOR-039","Boston Pharma","Formulation","PLC","192.168.11.120","84:f2:de:9a:54:20","OPC UA","2025-10-21T14:34:42.250Z","ON_NETWORK","VLAN-25","true","true"
"FOR-040","Boston Pharma","Formulation","Safety PLC","192.168.134.190","ce:5a:f8:06:c6:07","Modbus TCP","2025-10-20T09:06:06.106Z","ON_NETWORK","VLAN-81","true","true"
"FOR-041","Boston Pharma","Formulation","PLC","192.168.160.56","1c:66:7a:f8:39:e8","Ethernet/IP","2025-10-20T07:53:50.312Z","ON_NETWORK","VLAN-54","true","true"
"FOR-043","Boston Pharma","Formulation","HMI","192.168.215.12","95:24:0d:d4:87:4a","Modbus TCP","2025-10-24T04:52:47.010Z","ON_NETWORK","VLAN-80","true","true"
"FOR-044","Boston Pharma","Formulation","Serialization System","192.168.203.143","b1:99:9d:34:a9:1d","Ethernet/IP","2025-10-20T09:10:16.326Z","ON_NETWORK","VLAN-6","true","true"
"FOR-045","Boston Pharma","Formulation","PLC","192.168.213.212","63:e5:83:e6:69:93","DNP3","2025-10-18T16:05:17.701Z","ON_NETWORK","VLAN-27","true","true"
"FOR-046","Boston Pharma","Formulation","HMI","192.168.64.92","99:53:9c:ca:d4:aa","OPC UA","2025-10-20T09:28:59.343Z","ON_NETWORK","VLAN-76","true","true"
"PAC-001","Boston Pharma","Packaging","Serialization System","192.168.120.186","6a:a2:c6:6c:f3:7d","OPC UA","2025-10-18T20:37:35.667Z","ON_NETWORK","VLAN-32","true","true"
"PAC-002","Boston Pharma","Packaging","MES","192.168.223.42","b0:3d:98:ed:74:72","DNP3","2025-10-18T01:11:01.553Z","ON_NETWORK","VLAN-70","true","true"
"PAC-003","Boston Pharma","Packaging","HMI","192.168.243.109","99:f1:a9:81:38:f3","OPC UA","2025-10-21T07:54:28.190Z","ON_NETWORK","VLAN-56","true","true"
"PAC-005","Boston Pharma","Packaging","SCADA","192.168.217.159","21:5b:c6:e0:24:ca","OPC UA","2025-10-22T12:32:15.647Z","ON_NETWORK","VLAN-95","true","true"
"PAC-008","Boston Pharma","Packaging","Serialization System","192.168.157.126","e1:cd:05:26:78:b2","Modbus TCP","2025-10-19T15:25:20.876Z","ON_NETWORK","VLAN-19","true","true"
"PAC-010","Boston Pharma","Packaging","Environmental Monitor","192.168.53.174","c7:97:d9:10:6a:1e","DNP3","2025-10-23T22:58:05.087Z","OFF_NETWORK","VLAN-71","true","true"
"PAC-011","Boston Pharma","Packaging","PLC","192.168.46.105","b4:08:64:a9:13:6c","DNP3","2025-10-17T19:09:09.728Z","OFF_NETWORK","VLAN-12","true","true"
"PAC-012","Boston Pharma","Packaging","HMI","192.168.233.166","82:9d:ee:5e:0c:d0","OPC UA","2025-10-21T07:18:36.877Z","ON_NETWORK","VLAN-67","true","true"
"PAC-014","Boston Pharma","Packaging","Serialization System","192.168.101.244","d0:fa:9d:3b:41:fc","OPC UA","2025-10-22T08:13:51.380Z","ON_NETWORK","VLAN-1","true","true"
"PAC-015","Boston Pharma","Packaging","Temperature Controller","192.168.198.149","23:40:30:b0:03:f8","Modbus TCP","2025-10-20T18:09:30.605Z","ON_NETWORK","VLAN-86","true","true"
"PAC-016","Boston Pharma","Packaging","Environmental Monitor","192.168.182.179","04:58:35:53:23:ad","DNP3","2025-10-18T21:47:19.681Z","ON_NETWORK","VLAN-19","true","true"
"PAC-018","Boston Pharma","Packaging","Environmental Monitor","192.168.55.51","d4:27:fa:91:72:9a","DNP3","2025-10-20T07:01:55.714Z","ON_NETWORK","VLAN-9","true","true"
"PAC-019","Boston Pharma","Packaging","PLC","192.168.60.65","0f:56:bc:3e:c1:39","Ethernet/IP","2025-10-21T18:48:32.468Z","ON_NETWORK","VLAN-58","true","true"
"PAC-020","Boston Pharma","Packaging","Environmental Monitor","192.168.29.22","3c:61:2a:b2:59:37","DNP3","2025-10-19T16:05:28.356Z","ON_NETWORK","VLAN-64","true","true"
"PAC-021","Boston Pharma","Packaging","Safety PLC","192.168.147.109","ac:7f:3d:24:d6:01","OPC UA","2025-10-21T01:39:47.251Z","ON_NETWORK","VLAN-93","true","true"
"PAC-022","Boston Pharma","Packaging","MES","192.168.186.159","33:0b:ca:bc:e9:a3","Ethernet/IP","2025-10-20T04:33:48.903Z","OFF_NETWORK","VLAN-85","true","true"
"PAC-023","Boston Pharma","Packaging","SCADA","192.168.254.53","e9:3c:91:6a:01:0b","DNP3","2025-10-21T22:25:12.169Z","ON_NETWORK","VLAN-36","true","true"
"PAC-024","Boston Pharma","Packaging","Safety PLC","192.168.154.136","7f:08:b5:f8:ef:a5","DNP3","2025-10-21T22:24:31.309Z","ON_NETWORK","VLAN-3","true","true"
"PAC-025","Boston Pharma","Packaging","Serialization System","192.168.240.204","73:84:74:9e:21:a7","DNP3","2025-10-23T03:06:47.313Z","ON_NETWORK","VLAN-59","true","true"
"PAC-026","Boston Pharma","Packaging","HMI","192.168.96.5","29:02:e5:67:a1:65","Modbus TCP","2025-10-19T09:43:54.338Z","OFF_NETWORK","VLAN-2","true","true"
"PAC-027","Boston Pharma","Packaging","PLC","192.168.38.165","6b:05:af:b5:73:8d","OPC UA","2025-10-24T04:44:08.000Z","OFF_NETWORK","VLAN-52","true","true"
"PAC-028","Boston Pharma","Packaging","SCADA","192.168.114.250","54:d7:b9:f4:ae:48","Modbus TCP","2025-10-24T02:44:24.813Z","ON_NETWORK","VLAN-35","true","true"
"PAC-029","Boston Pharma","Packaging","LIMS","192.168.107.176","40:f2:56:37:04:f7","DNP3","2025-10-23T23:39:06.273Z","ON_NETWORK","VLAN-24","true","true"
"PAC-030","Boston Pharma","Packaging","Temperature Controller","192.168.109.149","e9:2c:74:a6:63:56","DNP3","2025-10-19T07:23:37.293Z","ON_NETWORK","VLAN-37","true","true"
"PAC-031","Boston Pharma","Packaging","PLC","192.168.223.15","c7:7f:42:04:78:b4","OPC UA","2025-10-22T13:04:39.820Z","OFF_NETWORK","VLAN-93","true","true"
"PAC-033","Boston Pharma","Packaging","Serialization System","192.168.208.250","cc:91:b3:17:b8:87","Ethernet/IP","2025-10-21T11:24:38.433Z","ON_NETWORK","VLAN-7","true","true"
"PAC-034","Boston Pharma","Packaging","PLC","192.168.61.82","35:52:9c:a0:ae:d2","Ethernet/IP","2025-10-23T01:33:00.200Z","ON_NETWORK","VLAN-18","true","true"
"PAC-035","Boston Pharma","Packaging","Serialization System","192.168.250.32","30:d7:0c:59:d5:3f","DNP3","2025-10-17T20:04:56.750Z","ON_NETWORK","VLAN-68","true","true"
"PAC-036","Boston Pharma","Packaging","LIMS","192.168.151.192","ec:44:ae:3d:44:42","Modbus TCP","2025-10-17T20:22:33.731Z","ON_NETWORK","VLAN-22","true","true"
"PAC-037","Boston Pharma","Packaging","SCADA","192.168.136.229","b4:1f:14:7c:91:c6","Modbus TCP","2025-10-23T14:08:55.825Z","ON_NETWORK","VLAN-58","true","true"
"PAC-039","Boston Pharma","Packaging","Temperature Controller","192.168.211.195","d2:f0:fb:1b:cc:ae","Ethernet/IP","2025-10-18T10:09:51.360Z","ON_NETWORK","VLAN-86","true","true"
"PAC-040","Boston Pharma","Packaging","SCADA","192.168.230.236","1a:40:9b:a2:2d:75","DNP3","2025-10-19T04:51:05.560Z","ON_NETWORK","VLAN-82","true","true"
"QUA-001","Boston Pharma","Quality Control Lab","LIMS","192.168.221.85","ef:8e:ca:29:87:f7","Ethernet/IP","2025-10-20T06:24:43.397Z","ON_NETWORK","VLAN-1","true","true"
"QUA-002","Boston Pharma","Quality Control Lab","Safety PLC","192.168.52.56","3f:89:55:06:1b:4b","OPC UA","2025-10-20T20:29:38.865Z","ON_NETWORK","VLAN-42","true","true"
"QUA-003","Boston Pharma","Quality Control Lab","Safety PLC","192.168.93.154","e0:dd:8f:87:a7:bd","Ethernet/IP","2025-10-21T09:13:06.090Z","ON_NETWORK","VLAN-5","true","true"
"QUA-004","Boston Pharma","Quality Control Lab","PLC","192.168.144.155","ad:10:d5:db:a1:85","Ethernet/IP","2025-10-24T07:41:59.222Z","ON_NETWORK","VLAN-82","true","true"
"QUA-005","Boston Pharma","Quality Control Lab","HMI","192.168.252.154","7d:83:01:10:b4:47","OPC UA","2025-10-21T13:37:43.971Z","ON_NETWORK","VLAN-26","true","true"
"QUA-006","Boston Pharma","Quality Control Lab","Serialization System","192.168.116.217","04:ce:06:cb:e0:65","OPC UA","2025-10-21T05:47:17.775Z","ON_NETWORK","VLAN-34","true","true"
"QUA-007","Boston Pharma","Quality Control Lab","PLC","192.168.145.151","4a:04:3f:22:40:fe","OPC UA","2025-10-24T14:06:46.325Z","ON_NETWORK","VLAN-14","true","true"
"QUA-008","Boston Pharma","Quality Control Lab","SCADA","192.168.115.101","a7:3a:0d:da:a8:3b","Ethernet/IP","2025-10-21T11:22:24.495Z","ON_NETWORK","VLAN-84","true","true"
"QUA-009","Boston Pharma","Quality Control Lab","Batch Controller","192.168.10.14","8b:94:cf:72:ca:fa","DNP3","2025-10-21T10:59:09.474Z","ON_NETWORK","VLAN-37","true","true"
"QUA-011","Boston Pharma","Quality Control Lab","HMI","192.168.72.89","d7:26:93:0f:ae:18","Modbus TCP","2025-10-21T13:42:49.190Z","ON_NETWORK","VLAN-36","true","true"
"QUA-012","Boston Pharma","Quality Control Lab","Batch Controller","192.168.40.77","d4:29:34:47:fb:82","OPC UA","2025-10-20T11:43:33.566Z","ON_NETWORK","VLAN-9","true","true"
"QUA-014","Boston Pharma","Quality Control Lab","MES","192.168.7.53","f9:fa:3c:ce:ab:21","DNP3","2025-10-20T12:48:09.639Z","ON_NETWORK","VLAN-12","true","true"
"QUA-018","Boston Pharma","Quality Control Lab","HMI","192.168.15.48","01:bc:31:e7:a3:a3","Ethernet/IP","2025-10-22T17:33:42.208Z","ON_NETWORK","VLAN-89","true","true"
"QUA-019","Boston Pharma","Quality Control Lab","Environmental Monitor","192.168.163.59","ad:b8:4f:79:56:44","DNP3","2025-10-21T18:32:29.406Z","ON_NETWORK","VLAN-69","true","true"
"QUA-020","Boston Pharma","Quality Control Lab","Serialization System","192.168.121.241","ef:1b:ac:23:a4:13","DNP3","2025-10-19T03:17:35.508Z","ON_NETWORK","VLAN-88","true","true"
"QUA-021","Boston Pharma","Quality Control Lab","MES","192.168.83.87","5f:31:7c:82:a5:f0","Modbus TCP","2025-10-20T08:40:39.812Z","ON_NETWORK","VLAN-48","true","true"
"QUA-022","Boston Pharma","Quality Control Lab","SCADA","192.168.244.241","47:76:ce:90:80:48","Modbus TCP","2025-10-22T07:19:20.747Z","ON_NETWORK","VLAN-69","true","true"
"QUA-023","Boston Pharma","Quality Control Lab","Batch Controller","192.168.199.241","ea:46:7f:07:89:b4","DNP3","2025-10-20T13:20:24.210Z","ON_NETWORK","VLAN-85","true","true"
"QUA-025","Boston Pharma","Quality Control Lab","Batch Controller","192.168.192.253","38:9c:bd:98:64:a7","OPC UA","2025-10-18T18:32:32.114Z","ON_NETWORK","VLAN-73","true","true"
"QUA-026","Boston Pharma","Quality Control Lab","LIMS","192.168.146.206","ec:2c:f7:7f:47:37","OPC UA","2025-10-23T00:15:21.017Z","OFF_NETWORK","VLAN-88","true","true"
"QUA-027","Boston Pharma","Quality Control Lab","Safety PLC","192.168.125.105","01:62:7b:1e:e8:50","DNP3","2025-10-24T15:38:04.806Z","ON_NETWORK","VLAN-92","true","true"
"QUA-028","Boston Pharma","Quality Control Lab","Batch Controller","192.168.134.190","1a:a4:62:48:97:a8","Modbus TCP","2025-10-20T20:59:29.357Z","ON_NETWORK","VLAN-7","true","true"
"QUA-029","Boston Pharma","Quality Control Lab","PLC","192.168.214.78","18:77:c8:22:3b:56","OPC UA","2025-10-23T07:08:26.654Z","ON_NETWORK","VLAN-87","true","true"
"QUA-030","Boston Pharma","Quality Control Lab","HMI","192.168.175.135","5c:2f:f2:4e:f2:38","DNP3","2025-10-18T18:04:19.174Z","ON_NETWORK","VLAN-1","true","true"
"QUA-032","Boston Pharma","Quality Control Lab","Safety PLC","192.168.127.129","b1:14:94:e4:ab:65","OPC UA","2025-10-19T11:38:30.551Z","ON_NETWORK","VLAN-23","true","true"
"QUA-033","Boston Pharma","Quality Control Lab","Serialization System","192.168.33.5","3e:33:1d:26:d0:5c","DNP3","2025-10-22T18:23:00.137Z","ON_NETWORK","VLAN-46","true","true"
"QUA-034","Boston Pharma","Quality Control Lab","Batch Controller","192.168.20.36","9c:00:46:b2:36:43","DNP3","2025-10-20T13:36:14.794Z","ON_NETWORK","VLAN-46","true","true"
"QUA-035","Boston Pharma","Quality Control Lab","LIMS","192.168.219.141","82:c3:3b:f5:a6:c6","Ethernet/IP","2025-10-20T20:27:26.655Z","ON_NETWORK","VLAN-8","true","true"
"QUA-036","Boston Pharma","Quality Control Lab","Temperature Controller","192.168.198.145","78:91:f2:60:ee:eb","Modbus TCP","2025-10-22T20:40:09.985Z","ON_NETWORK","VLAN-13","true","true"
"UTI-001","Boston Pharma","Utilities","PLC","192.168.239.161","c6:ce:34:4a:0b:98","Ethernet/IP","2025-10-22T03:26:28.161Z","OFF_NETWORK","VLAN-74","true","true"
"UTI-004","Boston Pharma","Utilities","LIMS","192.168.193.146","9f:9c:63:fa:40:00","DNP3","2025-10-18T19:57:05.183Z","ON_NETWORK","VLAN-65","true","true"
"UTI-006","Boston Pharma","Utilities","Safety PLC","192.168.134.202","5a:92:6f:ec:a1:d3","Ethernet/IP","2025-10-21T14:50:10.725Z","ON_NETWORK","VLAN-73","true","true"
"UTI-007","Boston Pharma","Utilities","Environmental Monitor","192.168.252.125","d3:37:82:99:fa:f3","OPC UA","2025-10-23T14:12:35.834Z","ON_NETWORK","VLAN-50","true","true"
"UTI-008","Boston Pharma","Utilities","Serialization System","192.168.232.63","6c:48:23:05:ce:3e","DNP3","2025-10-22T22:25:23.289Z","ON_NETWORK","VLAN-63","true","true"
"UTI-009","Boston Pharma","Utilities","Safety PLC","192.168.105.76","8f:71:f1:0c:e8:26","DNP3","2025-10-20T18:45:01.523Z","ON_NETWORK","VLAN-54","true","true"
"UTI-010","Boston Pharma","Utilities","Safety PLC","192.168.96.31","79:0e:e3:bf:98:c6","Ethernet/IP","2025-10-24T07:03:44.431Z","ON_NETWORK","VLAN-63","true","true"
"UTI-011","Boston Pharma","Utilities","HMI","192.168.154.23","16:70:3f:8f:aa:2b","DNP3","2025-10-20T08:29:01.540Z","OFF_NETWORK","VLAN-50","true","true"
"UTI-012","Boston Pharma","Utilities","Serialization System","192.168.23.40","8b:02:04:09:83:ab","DNP3","2025-10-19T12:23:27.608Z","ON_NETWORK","VLAN-77","true","true"
"UTI-013","Boston Pharma","Utilities","Safety PLC","192.168.74.173","ee:76:5a:98:6d:87","OPC UA","2025-10-18T03:31:50.223Z","ON_NETWORK","VLAN-80","true","true"
"UTI-014","Boston Pharma","Utilities","HMI","192.168.239.156","74:a6:f9:10:7d:fb","OPC UA","2025-10-22T20:19:53.736Z","ON_NETWORK","VLAN-45","true","true"
"UTI-015","Boston Pharma","Utilities","Safety PLC","192.168.105.56","64:e7:ed:64:16:c3","Ethernet/IP","2025-10-19T23:37:19.378Z","ON_NETWORK","VLAN-35","true","true"
"UTI-017","Boston Pharma","Utilities","Batch Controller","192.168.16.117","3b:b3:a5:ff:1d:50","DNP3","2025-10-19T03:47:34.905Z","ON_NETWORK","VLAN-19","true","true"
"UTI-018","Boston Pharma","Utilities","Temperature Controller","192.168.42.70","d6:d3:67:be:51:40","Ethernet/IP","2025-10-19T23:04:08.423Z","ON_NETWORK","VLAN-24","true","true"
"UTI-019","Boston Pharma","Utilities","Temperature Controller","192.168.38.102","78:3e:8a:52:24:9d","OPC UA","2025-10-20T03:50:41.000Z","ON_NETWORK","VLAN-83","true","true"
"UTI-020","Boston Pharma","Utilities","HMI","192.168.167.200","ce:48:5c:f8:57:56","OPC UA","2025-10-21T22:54:35.392Z","ON_NETWORK","VLAN-13","true","true"
"UTI-021","Boston Pharma","Utilities","MES","192.168.164.14","40:5d:2a:9e:b1:9d","DNP3","2025-10-24T06:44:28.151Z","ON_NETWORK","VLAN-59","true","true"
"UTI-022","Boston Pharma","Utilities","Safety PLC","192.168.173.28","8c:63:dc:b5:f2:b9","OPC UA","2025-10-20T01:13:28.389Z","ON_NETWORK","VLAN-60","true","true"
"UTI-023","Boston Pharma","Utilities","Temperature Controller","192.168.40.98","67:c6:d3:f5:b7:a0","DNP3","2025-10-20T19:28:09.583Z","ON_NETWORK","VLAN-39","true","true"
"WAR-002","Boston Pharma","Warehouse","HMI","192.168.55.208","3f:62:b0:32:39:c1","Modbus TCP","2025-10-22T11:18:40.351Z","OFF_NETWORK","VLAN-68","true","true"
"WAR-003","Boston Pharma","Warehouse","Batch Controller","192.168.190.106","6d:3b:13:ae:d2:04","Ethernet/IP","2025-10-19T14:32:24.560Z","ON_NETWORK","VLAN-72","true","true"
"WAR-004","Boston Pharma","Warehouse","MES","192.168.208.53","13:2c:1f:d5:67:1e","Modbus TCP","2025-10-23T22:16:38.050Z","OFF_NETWORK","VLAN-47","true","true"
"WAR-005","Boston Pharma","Warehouse","Temperature Controller","192.168.42.52","73:27:bc:02:21:94","Ethernet/IP","2025-10-17T20:50:01.776Z","ON_NETWORK","VLAN-41","true","true"
"WAR-006","Boston Pharma","Warehouse","HMI","192.168.127.222","14:c2:8f:71:d9:32","Ethernet/IP","2025-10-19T20:52:56.916Z","ON_NETWORK","VLAN-79","true","true"
"WAR-008","Boston Pharma","Warehouse","Safety PLC","192.168.115.5","64:07:a8:70:6d:8e","Ethernet/IP","2025-10-21T08:11:14.151Z","ON_NETWORK","VLAN-77","true","true"
"WAR-009","Boston Pharma","Warehouse","MES","192.168.26.120","12:88:5a:9e:bf:4a","OPC UA","2025-10-24T06:57:50.849Z","ON_NETWORK","VLAN-28","true","true"
"WAR-010","Boston Pharma","Warehouse","HMI","192.168.210.238","09:7b:f8:fe:93:44","OPC UA","2025-10-20T08:41:42.680Z","ON_NETWORK","VLAN-95","true","true"
"WAR-012","Boston Pharma","Warehouse","MES","192.168.117.73","e4:78:30:26:5a:d3","Modbus TCP","2025-10-21T17:01:08.686Z","ON_NETWORK","VLAN-64","true","true"
"WAR-014","Boston Pharma","Warehouse","LIMS","192.168.32.235","83:15:2e:4d:87:d8","Ethernet/IP","2025-10-19T09:20:09.132Z","ON_NETWORK","VLAN-77","true","true"
"WAR-015","Boston Pharma","Warehouse","Temperature Controller","192.168.46.117","bb:b4:cd:fc:e7:27","DNP3","2025-10-24T17:03:36.478Z","ON_NETWORK","VLAN-34","true","true"
"WAR-016","Boston Pharma","Warehouse","PLC","192.168.252.189","cb:c9:ea:b0:f8:e9","DNP3","2025-10-22T14:37:48.701Z","ON_NETWORK","VLAN-51","true","true"
"WAR-020","Boston Pharma","Warehouse","LIMS","192.168.45.252","95:fc:13:b9:39:44","Modbus TCP","2025-10-22T00:05:58.098Z","ON_NETWORK","VLAN-75","true","true"
"WAR-021","Boston Pharma","Warehouse","Temperature Controller","192.168.86.203","fa:a0:b2:b0:de:01","Modbus TCP","2025-10-21T22:15:42.684Z","ON_NETWORK","VLAN-11","true","true"
"WAR-023","Boston Pharma","Warehouse","Safety PLC","192.168.112.254","09:b6:45:85:4a:d7","DNP3","2025-10-20T08:28:56.042Z","ON_NETWORK","VLAN-42","true","true"
"WAR-024","Boston Pharma","Warehouse","Safety PLC","192.168.30.7","89:f6:82:c6:5a:f2","OPC UA","2025-10-20T03:21:07.744Z","ON_NETWORK","VLAN-43","true","true"
"WAR-025","Boston Pharma","Warehouse","Temperature Controller","192.168.33.181","41:33:1b:58:9e:a2","OPC UA","2025-10-20T01:01:32.600Z","ON_NETWORK","VLAN-10","true","true"
"WAR-027","Boston Pharma","Warehouse","LIMS","192.168.56.189","33:3d:dc:57:14:5e","DNP3","2025-10-20T07:39:08.062Z","ON_NETWORK","VLAN-28","true","true"
"WAR-028","Boston Pharma","Warehouse","Safety PLC","192.168.136.184","1a:af:40:95:86:52","OPC UA","2025-10-19T18:44:03.379Z","ON_NETWORK","VLAN-57","true","true"
"WAR-029","Boston Pharma","Warehouse","Serialization System","192.168.109.235","02:e9:52:96:f4:bb","OPC UA","2025-10-21T23:26:48.700Z","ON_NETWORK","VLAN-93","true","true"
"WAR-030","Boston Pharma","Warehouse","SCADA","192.168.197.122","cd:e7:fa:4e:74:9a","DNP3","2025-10-18T15:33:02.756Z","ON_NETWORK","VLAN-21","true","true"
"WAR-032","Boston Pharma","Warehouse","MES","192.168.96.58","61:91:80:26:56:eb","Modbus TCP","2025-10-21T11:50:12.304Z","ON_NETWORK","VLAN-27","true","true"
"WAR-033","Boston Pharma","Warehouse","Safety PLC","192.168.40.18","9b:e6:03:25:67:68","DNP3","2025-10-22T06:17:54.980Z","ON_NETWORK","VLAN-75","true","true"
"WAR-034","Boston Pharma","Warehouse","HMI","192.168.83.244","e4:3c:15:4a:a4:89","OPC UA","2025-10-20T17:06:25.523Z","ON_NETWORK","VLAN-86","true","true"
"WAR-036","Boston Pharma","Warehouse","HMI","192.168.32.126","11:51:c8:5e:9f:a3","OPC UA","2025-10-22T17:56:03.464Z","ON_NETWORK","VLAN-12","true","true"
"WAR-037","Boston Pharma","Warehouse","HMI","192.168.78.186","d5:e9:26:3b:1a:a4","Ethernet/IP","2025-10-24T08:15:25.776Z","OFF_NETWORK","VLAN-94","true","true"
"WAR-038","Boston Pharma","Warehouse","SCADA","192.168.173.68","61:dc:f1:7b:91:b0","Ethernet/IP","2025-10-24T01:05:38.554Z","ON_NETWORK","VLAN-71","true","true"
"WAR-039","Boston Pharma","Warehouse","MES","192.168.136.67","a1:f0:16:05:72:e7","Modbus TCP","2025-10-22T04:07:01.245Z","ON_NETWORK","VLAN-15","true","true"
"WAR-040","Boston Pharma","Warehouse","PLC","192.168.115.191","a7:12:9b:91:df:f5","Modbus TCP","2025-10-20T04:57:55.760Z","ON_NETWORK","VLAN-65","true","true"
"WAR-041","Boston Pharma","Warehouse","Batch Controller","192.168.221.22","e4:e6:cb:f6:b8:2b","DNP3","2025-10-18T15:51:13.846Z","ON_NETWORK","VLAN-7","true","true"
"WAR-042","Boston Pharma","Warehouse","SCADA","192.168.173.16","59:98:c1:bc:1f:3c","Ethernet/IP","2025-10-18T11:08:58.545Z","OFF_NETWORK","VLAN-28","true","true"
"WAR-043","Boston Pharma","Warehouse","Batch Controller","192.168.13.137","ff:2c:b0:35:fb:55","OPC UA","2025-10-19T23:27:20.647Z","ON_NETWORK","VLAN-23","true","true"
"WAR-046","Boston Pharma","Warehouse","Serialization System","192.168.1.118","5e:44:ff:fd:87:32","Modbus TCP","2025-10-19T14:49:43.861Z","ON_NETWORK","VLAN-30","true","true"
"WAR-048","Boston Pharma","Warehouse","PLC","192.168.92.23","8b:e7:f6:97:d1:2d","Modbus TCP","2025-10-19T17:42:02.402Z","OFF_NETWORK","VLAN-87","true","true"
"API-001","San Diego Biotech","API Manufacturing","Environmental Monitor","192.168.202.65","75:50:ec:16:3e:15","Ethernet/IP","2025-10-22T22:12:52.939Z","OFF_NETWORK","VLAN-79","true","true"
"API-003","San Diego Biotech","API Manufacturing","Environmental Monitor","192.168.233.6","07:36:bc:8d:bc:79","OPC UA","2025-10-23T13:49:37.928Z","ON_NETWORK","VLAN-39","true","true"
"API-004","San Diego Biotech","API Manufacturing","Environmental Monitor","192.168.134.52","af:99:67:8a:4a:15","OPC UA","2025-10-21T18:17:08.413Z","ON_NETWORK","VLAN-46","true","true"
"API-005","San Diego Biotech","API Manufacturing","MES","192.168.137.93","38:0b:ba:ea:02:ae","Ethernet/IP","2025-10-20T03:04:32.332Z","ON_NETWORK","VLAN-97","true","true"
"API-009","San Diego Biotech","API Manufacturing","HMI","192.168.67.35","de:86:a4:da:1f:bf","Ethernet/IP","2025-10-19T19:44:55.276Z","ON_NETWORK","VLAN-57","true","true"
"API-010","San Diego Biotech","API Manufacturing","LIMS","192.168.202.27","c2:78:e5:6f:66:c2","Modbus TCP","2025-10-24T01:27:56.046Z","ON_NETWORK","VLAN-85","true","true"
"API-011","San Diego Biotech","API Manufacturing","Environmental Monitor","192.168.206.224","ec:65:4f:ee:5b:55","Modbus TCP","2025-10-19T09:25:16.677Z","ON_NETWORK","VLAN-51","true","true"
"API-013","San Diego Biotech","API Manufacturing","LIMS","192.168.132.69","f9:05:6f:f2:f5:04","DNP3","2025-10-23T00:15:23.126Z","ON_NETWORK","VLAN-85","true","true"
"API-014","San Diego Biotech","API Manufacturing","HMI","192.168.26.49","dd:4b:56:c4:ba:11","Modbus TCP","2025-10-23T03:06:31.112Z","ON_NETWORK","VLAN-90","true","true"
"API-016","San Diego Biotech","API Manufacturing","LIMS","192.168.250.56","63:c3:61:4a:80:ea","Ethernet/IP","2025-10-21T23:05:31.390Z","ON_NETWORK","VLAN-81","true","true"
"API-017","San Diego Biotech","API Manufacturing","LIMS","192.168.18.71","32:b3:16:7a:27:b2","DNP3","2025-10-20T18:15:25.428Z","ON_NETWORK","VLAN-41","true","true"
"API-018","San Diego Biotech","API Manufacturing","Serialization System","192.168.27.65","7f:79:27:62:1d:6c","DNP3","2025-10-18T10:45:04.023Z","ON_NETWORK","VLAN-93","true","true"
"API-019","San Diego Biotech","API Manufacturing","SCADA","192.168.8.153","ab:65:60:e7:18:c9","Ethernet/IP","2025-10-20T08:16:48.899Z","ON_NETWORK","VLAN-55","true","true"
"API-021","San Diego Biotech","API Manufacturing","Temperature Controller","192.168.228.205","7d:9c:d1:92:53:ee","OPC UA","2025-10-19T00:30:28.482Z","ON_NETWORK","VLAN-60","true","true"
"API-022","San Diego Biotech","API Manufacturing","Temperature Controller","192.168.105.160","79:66:52:2b:1f:7e","Ethernet/IP","2025-10-18T23:56:48.817Z","ON_NETWORK","VLAN-23","true","true"
"API-023","San Diego Biotech","API Manufacturing","MES","192.168.182.134","06:0b:91:b9:f6:39","Modbus TCP","2025-10-22T06:36:21.854Z","OFF_NETWORK","VLAN-65","true","true"
"API-024","San Diego Biotech","API Manufacturing","MES","192.168.96.28","f2:d6:4c:09:22:23","DNP3","2025-10-19T10:16:48.695Z","ON_NETWORK","VLAN-82","true","true"
"API-026","San Diego Biotech","API Manufacturing","LIMS","192.168.157.133","e7:b7:ae:c3:30:8c","Modbus TCP","2025-10-21T18:40:47.516Z","ON_NETWORK","VLAN-73","true","true"
"API-027","San Diego Biotech","API Manufacturing","Safety PLC","192.168.125.202","a5:d7:e3:a3:f4:8a","Ethernet/IP","2025-10-21T10:25:39.288Z","ON_NETWORK","VLAN-7","true","true"
"API-029","San Diego Biotech","API Manufacturing","Serialization System","192.168.29.214","3c:e3:07:7f:92:3c","OPC UA","2025-10-20T05:00:29.703Z","ON_NETWORK","VLAN-15","true","true"
"API-030","San Diego Biotech","API Manufacturing","LIMS","192.168.59.122","00:11:94:ff:45:1b","Ethernet/IP","2025-10-23T20:34:58.416Z","ON_NETWORK","VLAN-98","true","true"
"API-032","San Diego Biotech","API Manufacturing","HMI","192.168.5.234","bb:3c:ba:a2:d3:4f","Ethernet/IP","2025-10-19T22:11:12.158Z","OFF_NETWORK","VLAN-32","true","true"
"API-033","San Diego Biotech","API Manufacturing","Environmental Monitor","192.168.69.94","2b:ca:89:92:b6:65","DNP3","2025-10-22T19:44:34.582Z","ON_NETWORK","VLAN-75","true","true"
"API-034","San Diego Biotech","API Manufacturing","PLC","192.168.52.200","40:95:d4:f7:53:f7","OPC UA","2025-10-21T02:46:01.299Z","ON_NETWORK","VLAN-71","true","true"
"API-035","San Diego Biotech","API Manufacturing","LIMS","192.168.189.243","ad:10:20:84:d7:d2","Modbus TCP","2025-10-20T07:23:15.337Z","ON_NETWORK","VLAN-87","true","true"
"API-036","San Diego Biotech","API Manufacturing","SCADA","192.168.90.102","c5:60:40:91:a7:6a","DNP3","2025-10-18T00:16:35.158Z","ON_NETWORK","VLAN-76","true","true"
"API-037","San Diego Biotech","API Manufacturing","Environmental Monitor","192.168.22.23","84:47:db:c8:7e:67","DNP3","2025-10-22T23:47:23.954Z","ON_NETWORK","VLAN-79","true","true"
"API-038","San Diego Biotech","API Manufacturing","SCADA","192.168.198.74","2a:98:c7:c0:0b:52","OPC UA","2025-10-24T00:35:04.597Z","ON_NETWORK","VLAN-33","true","true"
"API-039","San Diego Biotech","API Manufacturing","Serialization System","192.168.184.123","6a:2d:7d:fd:2d:6c","Ethernet/IP","2025-10-21T18:16:58.507Z","ON_NETWORK","VLAN-41","true","true"
"API-041","San Diego Biotech","API Manufacturing","LIMS","192.168.133.114","5e:d7:3b:9c:46:0d","DNP3","2025-10-24T04:45:21.571Z","ON_NETWORK","VLAN-90","true","true"
"API-042","San Diego Biotech","API Manufacturing","Safety PLC","192.168.189.124","0b:f4:a7:ff:9a:7a","Modbus TCP","2025-10-22T19:03:04.869Z","ON_NETWORK","VLAN-47","true","true"
"FOR-002","San Diego Biotech","Formulation","Safety PLC","192.168.168.250","c4:65:12:ac:3e:e0","Modbus TCP","2025-10-24T08:37:40.081Z","ON_NETWORK","VLAN-92","true","true"
"FOR-003","San Diego Biotech","Formulation","SCADA","192.168.77.215","af:e4:5c:24:82:11","Modbus TCP","2025-10-21T01:23:12.833Z","OFF_NETWORK","VLAN-95","true","true"
"FOR-004","San Diego Biotech","Formulation","LIMS","192.168.43.81","6e:0d:ac:c5:43:63","OPC UA","2025-10-21T11:19:19.243Z","ON_NETWORK","VLAN-61","true","true"
"FOR-005","San Diego Biotech","Formulation","Serialization System","192.168.208.199","26:61:fa:44:28:ba","DNP3","2025-10-18T23:02:00.497Z","OFF_NETWORK","VLAN-16","true","true"
"FOR-007","San Diego Biotech","Formulation","PLC","192.168.7.5","ab:be:75:c6:02:a8","OPC UA","2025-10-22T10:16:03.565Z","ON_NETWORK","VLAN-58","true","true"
"FOR-008","San Diego Biotech","Formulation","Serialization System","192.168.47.67","a4:34:2b:5c:a3:cf","DNP3","2025-10-20T17:23:44.746Z","ON_NETWORK","VLAN-88","true","true"
"FOR-009","San Diego Biotech","Formulation","Serialization System","192.168.153.167","ae:0a:17:f9:88:f1","OPC UA","2025-10-20T11:23:35.364Z","ON_NETWORK","VLAN-56","true","true"
"FOR-010","San Diego Biotech","Formulation","Safety PLC","192.168.30.175","d2:bb:9e:66:20:53","Ethernet/IP","2025-10-20T23:06:28.112Z","ON_NETWORK","VLAN-20","true","true"
"FOR-011","San Diego Biotech","Formulation","Environmental Monitor","192.168.98.210","11:6b:5e:a5:a3:9a","Modbus TCP","2025-10-23T09:13:12.296Z","ON_NETWORK","VLAN-21","true","true"
"FOR-012","San Diego Biotech","Formulation","SCADA","192.168.184.80","7d:1d:61:63:e4:e3","OPC UA","2025-10-24T05:43:14.696Z","OFF_NETWORK","VLAN-55","true","true"
"FOR-013","San Diego Biotech","Formulation","Temperature Controller","192.168.117.212","f1:a5:ba:69:a1:bf","DNP3","2025-10-19T03:05:08.259Z","ON_NETWORK","VLAN-74","true","true"
"FOR-015","San Diego Biotech","Formulation","Temperature Controller","192.168.85.87","b9:b1:73:90:aa:ae","OPC UA","2025-10-21T19:45:55.480Z","ON_NETWORK","VLAN-99","true","true"
"FOR-016","San Diego Biotech","Formulation","MES","192.168.226.30","2f:cc:c5:d5:6b:15","Ethernet/IP","2025-10-18T11:11:05.895Z","ON_NETWORK","VLAN-3","true","true"
"FOR-017","San Diego Biotech","Formulation","Serialization System","192.168.173.166","52:06:42:43:42:25","OPC UA","2025-10-21T22:11:11.920Z","ON_NETWORK","VLAN-55","true","true"
"FOR-018","San Diego Biotech","Formulation","Serialization System","192.168.125.37","88:d0:a7:a0:1c:8e","Modbus TCP","2025-10-23T06:39:33.212Z","ON_NETWORK","VLAN-5","true","true"
"PAC-001","San Diego Biotech","Packaging","Temperature Controller","192.168.104.166","2a:58:fd:4c:1e:21","DNP3","2025-10-18T18:23:30.862Z","ON_NETWORK","VLAN-7","true","true"
"PAC-002","San Diego Biotech","Packaging","Safety PLC","192.168.60.52","a5:22:74:5f:fc:fd","OPC UA","2025-10-22T05:31:45.747Z","ON_NETWORK","VLAN-50","true","true"
"PAC-006","San Diego Biotech","Packaging","PLC","192.168.92.147","78:f7:39:e3:db:97","Modbus TCP","2025-10-21T11:39:07.331Z","ON_NETWORK","VLAN-55","true","true"
"PAC-008","San Diego Biotech","Packaging","LIMS","192.168.18.249","a7:0b:a7:f9:c2:ac","Ethernet/IP","2025-10-21T03:58:43.538Z","ON_NETWORK","VLAN-2","true","true"
"PAC-009","San Diego Biotech","Packaging","Temperature Controller","192.168.153.69","a9:21:ec:c5:36:bd","Modbus TCP","2025-10-24T13:01:24.040Z","ON_NETWORK","VLAN-32","true","true"
"PAC-011","San Diego Biotech","Packaging","Batch Controller","192.168.8.125","28:9d:8f:65:3f:16","Modbus TCP","2025-10-19T01:19:29.609Z","ON_NETWORK","VLAN-96","true","true"
"PAC-012","San Diego Biotech","Packaging","Safety PLC","192.168.34.183","a3:77:93:dd:77:f6","OPC UA","2025-10-19T11:57:07.592Z","OFF_NETWORK","VLAN-84","true","true"
"PAC-014","San Diego Biotech","Packaging","PLC","192.168.243.250","12:f7:88:aa:1f:30","OPC UA","2025-10-22T13:27:08.961Z","OFF_NETWORK","VLAN-93","true","true"
"PAC-017","San Diego Biotech","Packaging","MES","192.168.134.204","6f:4e:b3:61:77:8e","Ethernet/IP","2025-10-18T14:13:52.694Z","ON_NETWORK","VLAN-2","true","true"
"PAC-019","San Diego Biotech","Packaging","Environmental Monitor","192.168.172.179","c5:26:62:e4:85:dd","Modbus TCP","2025-10-19T03:10:36.630Z","ON_NETWORK","VLAN-52","true","true"
"PAC-020","San Diego Biotech","Packaging","Safety PLC","192.168.107.225","58:b2:55:22:ea:a3","OPC UA","2025-10-22T09:11:51.382Z","ON_NETWORK","VLAN-79","true","true"
"PAC-021","San Diego Biotech","Packaging","Temperature Controller","192.168.167.92","50:24:d6:b7:58:a2","DNP3","2025-10-21T21:56:40.880Z","ON_NETWORK","VLAN-40","true","true"
"PAC-023","San Diego Biotech","Packaging","HMI","192.168.169.97","12:38:b9:97:9b:4a","DNP3","2025-10-22T01:38:45.216Z","ON_NETWORK","VLAN-41","true","true"
"PAC-024","San Diego Biotech","Packaging","Safety PLC","192.168.106.129","07:b3:6e:13:74:02","DNP3","2025-10-21T16:58:14.074Z","OFF_NETWORK","VLAN-95","true","true"
"PAC-025","San Diego Biotech","Packaging","Safety PLC","192.168.169.95","f9:43:cf:49:67:05","Ethernet/IP","2025-10-22T07:45:46.682Z","OFF_NETWORK","VLAN-70","true","true"
"PAC-026","San Diego Biotech","Packaging","LIMS","192.168.151.180","c5:29:17:86:f0:5a","Ethernet/IP","2025-10-21T18:11:42.724Z","ON_NETWORK","VLAN-85","true","true"
"PAC-027","San Diego Biotech","Packaging","Environmental Monitor","192.168.140.243","e8:e7:90:a9:07:2b","DNP3","2025-10-20T10:36:04.942Z","ON_NETWORK","VLAN-81","true","true"
"PAC-029","San Diego Biotech","Packaging","PLC","192.168.36.103","c9:b8:4e:94:c6:c6","OPC UA","2025-10-19T20:48:55.022Z","ON_NETWORK","VLAN-60","true","true"
"PAC-030","San Diego Biotech","Packaging","Serialization System","192.168.129.129","6a:ea:d3:2d:a4:8a","Modbus TCP","2025-10-19T07:53:08.599Z","ON_NETWORK","VLAN-59","true","true"
"PAC-031","San Diego Biotech","Packaging","Environmental Monitor","192.168.13.14","46:59:3d:7c:64:cd","Modbus TCP","2025-10-23T22:36:30.355Z","ON_NETWORK","VLAN-99","true","true"
"PAC-032","San Diego Biotech","Packaging","Serialization System","192.168.99.198","6b:3e:03:f2:a3:52","OPC UA","2025-10-24T11:32:57.050Z","ON_NETWORK","VLAN-97","true","true"
"PAC-033","San Diego Biotech","Packaging","PLC","192.168.81.184","1d:df:99:fb:56:76","DNP3","2025-10-20T06:36:31.767Z","ON_NETWORK","VLAN-52","true","true"
"PAC-034","San Diego Biotech","Packaging","MES","192.168.204.147","77:1e:3d:84:f0:d7","OPC UA","2025-10-23T17:23:53.872Z","ON_NETWORK","VLAN-64","true","true"
"PAC-035","San Diego Biotech","Packaging","LIMS","192.168.89.101","53:d8:8c:a6:9e:83","DNP3","2025-10-24T07:31:31.563Z","ON_NETWORK","VLAN-59","true","true"
"PAC-037","San Diego Biotech","Packaging","MES","192.168.27.72","c0:db:33:4f:a8:11","OPC UA","2025-10-18T01:24:45.561Z","ON_NETWORK","VLAN-69","true","true"
"PAC-039","San Diego Biotech","Packaging","Temperature Controller","192.168.47.108","f1:4c:3b:4e:3f:10","Ethernet/IP","2025-10-21T14:28:19.334Z","ON_NETWORK","VLAN-26","true","true"
"PAC-040","San Diego Biotech","Packaging","Temperature Controller","192.168.16.213","3c:98:69:aa:95:48","Ethernet/IP","2025-10-23T02:05:53.196Z","ON_NETWORK","VLAN-53","true","true"
"PAC-042","San Diego Biotech","Packaging","PLC","192.168.97.224","cd:c5:74:cf:d4:27","Modbus TCP","2025-10-22T00:10:42.942Z","ON_NETWORK","VLAN-30","true","true"
"PAC-043","San Diego Biotech","Packaging","LIMS","192.168.118.62","bb:20:25:e1:ad:62","DNP3","2025-10-20T08:56:32.598Z","OFF_NETWORK","VLAN-1","true","true"
"PAC-044","San Diego Biotech","Packaging","Safety PLC","192.168.163.178","b6:7a:f1:1f:d9:2c","Ethernet/IP","2025-10-18T02:31:56.168Z","ON_NETWORK","VLAN-80","true","true"
"QUA-001","San Diego Biotech","Quality Control Lab","Safety PLC","192.168.171.64","2d:81:a6:12:84:9d","DNP3","2025-10-20T11:59:30.584Z","ON_NETWORK","VLAN-86","true","true"
"QUA-002","San Diego Biotech","Quality Control Lab","PLC","192.168.83.124","fe:ed:c3:33:dd:52","DNP3","2025-10-24T08:03:30.859Z","ON_NETWORK","VLAN-45","true","true"
"QUA-003","San Diego Biotech","Quality Control Lab","Temperature Controller","192.168.97.195","3b:96:ca:f0:c0:d5","OPC UA","2025-10-18T21:53:20.329Z","ON_NETWORK","VLAN-28","true","true"
"QUA-004","San Diego Biotech","Quality Control Lab","LIMS","192.168.8.119","3c:85:09:9b:19:4c","OPC UA","2025-10-19T07:53:01.110Z","ON_NETWORK","VLAN-53","true","true"
"QUA-005","San Diego Biotech","Quality Control Lab","SCADA","192.168.191.37","4b:46:16:16:81:99","Modbus TCP","2025-10-23T22:19:25.152Z","ON_NETWORK","VLAN-77","true","true"
"QUA-007","San Diego Biotech","Quality Control Lab","Batch Controller","192.168.249.223","bf:da:c3:20:2c:8c","DNP3","2025-10-20T06:38:19.920Z","ON_NETWORK","VLAN-2","true","true"
"QUA-008","San Diego Biotech","Quality Control Lab","LIMS","192.168.221.81","09:cc:2d:f2:e7:cf","Modbus TCP","2025-10-20T15:36:10.785Z","ON_NETWORK","VLAN-49","true","true"
"QUA-010","San Diego Biotech","Quality Control Lab","SCADA","192.168.59.141","00:0a:0c:fe:c4:a8","Modbus TCP","2025-10-18T01:53:57.464Z","ON_NETWORK","VLAN-44","true","true"
"QUA-011","San Diego Biotech","Quality Control Lab","LIMS","192.168.38.248","29:a7:50:a5:ae:ce","OPC UA","2025-10-24T15:39:39.560Z","OFF_NETWORK","VLAN-95","true","true"
"QUA-012","San Diego Biotech","Quality Control Lab","HMI","192.168.220.22","91:d3:4e:d0:3b:7c","Ethernet/IP","2025-10-21T16:35:13.267Z","ON_NETWORK","VLAN-6","true","true"
"QUA-014","San Diego Biotech","Quality Control Lab","Serialization System","192.168.129.204","c4:3e:a7:b4:3f:d6","Modbus TCP","2025-10-20T01:56:08.318Z","ON_NETWORK","VLAN-3","true","true"
"QUA-020","San Diego Biotech","Quality Control Lab","LIMS","192.168.188.53","82:fc:ca:f6:6e:09","DNP3","2025-10-19T22:00:08.875Z","ON_NETWORK","VLAN-52","true","true"
"QUA-021","San Diego Biotech","Quality Control Lab","SCADA","192.168.130.101","4d:fe:94:9d:b4:b3","OPC UA","2025-10-21T10:13:23.771Z","OFF_NETWORK","VLAN-1","true","true"
"UTI-002","San Diego Biotech","Utilities","PLC","192.168.242.170","68:f8:4b:76:e1:5a","DNP3","2025-10-18T12:35:36.439Z","ON_NETWORK","VLAN-24","true","true"
"UTI-003","San Diego Biotech","Utilities","LIMS","192.168.236.149","ef:b6:ff:a2:39:11","Modbus TCP","2025-10-20T13:14:56.400Z","OFF_NETWORK","VLAN-69","true","true"
"UTI-006","San Diego Biotech","Utilities","HMI","192.168.224.149","10:6c:3a:53:05:bc","Modbus TCP","2025-10-21T01:13:58.655Z","ON_NETWORK","VLAN-91","true","true"
"UTI-007","San Diego Biotech","Utilities","Temperature Controller","192.168.138.120","d0:9b:03:d4:6f:6a","OPC UA","2025-10-22T12:47:29.741Z","ON_NETWORK","VLAN-51","true","true"
"UTI-008","San Diego Biotech","Utilities","Safety PLC","192.168.99.117","e3:92:2c:5a:08:1f","Modbus TCP","2025-10-22T13:43:48.776Z","ON_NETWORK","VLAN-8","true","true"
"UTI-009","San Diego Biotech","Utilities","LIMS","192.168.38.237","06:3d:d3:9a:a0:18","Ethernet/IP","2025-10-18T18:34:38.948Z","ON_NETWORK","VLAN-45","true","true"
"UTI-010","San Diego Biotech","Utilities","Safety PLC","192.168.64.140","c0:99:4a:cf:4f:c7","Modbus TCP","2025-10-21T17:14:24.727Z","ON_NETWORK","VLAN-84","true","true"
"UTI-012","San Diego Biotech","Utilities","SCADA","192.168.230.165","8d:37:c9:78:4c:e6","DNP3","2025-10-23T15:16:52.003Z","ON_NETWORK","VLAN-88","true","true"
"UTI-013","San Diego Biotech","Utilities","Safety PLC","192.168.249.246","d2:c6:c0:f6:44:8f","Ethernet/IP","2025-10-18T04:26:13.931Z","ON_NETWORK","VLAN-87","true","true"
"UTI-015","San Diego Biotech","Utilities","Temperature Controller","192.168.149.205","fa:05:4b:9e:34:c0","Modbus TCP","2025-10-23T15:11:38.611Z","ON_NETWORK","VLAN-6","true","true"
"UTI-016","San Diego Biotech","Utilities","PLC","192.168.158.230","6e:6e:23:30:bc:77","Ethernet/IP","2025-10-22T05:03:10.739Z","ON_NETWORK","VLAN-86","true","true"
"WAR-001","San Diego Biotech","Warehouse","SCADA","192.168.59.64","1b:5e:6b:30:6c:e4","DNP3","2025-10-20T02:36:37.400Z","ON_NETWORK","VLAN-83","true","true"
"WAR-002","San Diego Biotech","Warehouse","SCADA","192.168.113.177","b1:8c:d3:4f:5a:90","OPC UA","2025-10-19T05:38:31.876Z","ON_NETWORK","VLAN-29","true","true"
"WAR-004","San Diego Biotech","Warehouse","HMI","192.168.226.204","b6:5f:42:e7:62:98","Modbus TCP","2025-10-20T14:05:09.397Z","ON_NETWORK","VLAN-8","true","true"
"WAR-005","San Diego Biotech","Warehouse","MES","192.168.5.229","17:19:78:37:4c:4c","Ethernet/IP","2025-10-19T12:35:23.273Z","ON_NETWORK","VLAN-48","true","true"
"WAR-006","San Diego Biotech","Warehouse","Environmental Monitor","192.168.60.158","0e:98:38:9a:8c:67","Ethernet/IP","2025-10-18T10:45:52.159Z","ON_NETWORK","VLAN-72","true","true"
"WAR-007","San Diego Biotech","Warehouse","Temperature Controller","192.168.45.96","14:9f:55:8f:6c:25","DNP3","2025-10-21T20:52:18.057Z","ON_NETWORK","VLAN-53","true","true"
"WAR-008","San Diego Biotech","Warehouse","Serialization System","192.168.162.176","6b:49:d6:dc:71:87","DNP3","2025-10-19T07:53:54.642Z","OFF_NETWORK","VLAN-29","true","true"
"WAR-010","San Diego Biotech","Warehouse","PLC","192.168.208.127","2d:79:d3:9e:56:99","DNP3","2025-10-22T23:17:29.920Z","ON_NETWORK","VLAN-76","true","true"
"WAR-011","San Diego Biotech","Warehouse","Batch Controller","192.168.75.210","7e:ac:1d:d7:ac:16","OPC UA","2025-10-18T23:14:32.203Z","ON_NETWORK","VLAN-58","true","true"
"WAR-012","San Diego Biotech","Warehouse","Serialization System","192.168.179.125","72:e7:15:d9:81:ea","DNP3","2025-10-23T13:24:34.969Z","ON_NETWORK","VLAN-33","true","true"
"WAR-013","San Diego Biotech","Warehouse","MES","192.168.81.75","a9:e5:91:e8:58:12","DNP3","2025-10-21T08:39:23.820Z","ON_NETWORK","VLAN-85","true","true"
"WAR-017","San Diego Biotech","Warehouse","PLC","192.168.53.105","a5:0b:8c:86:76:16","Modbus TCP","2025-10-24T09:21:59.035Z","ON_NETWORK","VLAN-67","true","true"
"API-001","New Jersey Labs","API Manufacturing","Serialization System","192.168.230.122","4d:26:35:cd:ff:91","Ethernet/IP","2025-10-20T03:41:54.354Z","ON_NETWORK","VLAN-95","true","true"
"API-002","New Jersey Labs","API Manufacturing","Serialization System","192.168.37.203","5b:fd:1b:92:e6:98","DNP3","2025-10-21T04:20:46.848Z","OFF_NETWORK","VLAN-98","true","true"
"API-004","New Jersey Labs","API Manufacturing","LIMS","192.168.30.182","20:4f:ef:48:c3:0a","Modbus TCP","2025-10-23T11:21:30.713Z","OFF_NETWORK","VLAN-36","true","true"
"API-005","New Jersey Labs","API Manufacturing","SCADA","192.168.221.245","fd:a3:72:d8:1d:39","DNP3","2025-10-19T20:39:07.619Z","ON_NETWORK","VLAN-66","true","true"
"API-006","New Jersey Labs","API Manufacturing","Safety PLC","192.168.225.60","f6:a7:63:71:fd:19","OPC UA","2025-10-23T03:03:27.577Z","ON_NETWORK","VLAN-49","true","true"
"API-007","New Jersey Labs","API Manufacturing","LIMS","192.168.63.80","44:8d:4c:b5:84:82","OPC UA","2025-10-18T01:07:49.950Z","ON_NETWORK","VLAN-49","true","true"
"API-008","New Jersey Labs","API Manufacturing","Batch Controller","192.168.101.140","94:3b:00:7e:b9:76","OPC UA","2025-10-22T17:40:10.954Z","ON_NETWORK","VLAN-82","true","true"
"API-009","New Jersey Labs","API Manufacturing","HMI","192.168.160.175","59:ed:a1:1f:6a:c3","DNP3","2025-10-18T01:04:06.815Z","ON_NETWORK","VLAN-3","true","true"
"API-010","New Jersey Labs","API Manufacturing","Safety PLC","192.168.91.197","d1:5f:96:3c:dd:45","OPC UA","2025-10-20T06:15:44.241Z","ON_NETWORK","VLAN-98","true","true"
"API-012","New Jersey Labs","API Manufacturing","Temperature Controller","192.168.225.215","bc:df:f3:4c:ac:8b","DNP3","2025-10-20T00:02:43.108Z","OFF_NETWORK","VLAN-20","true","true"
"API-013","New Jersey Labs","API Manufacturing","SCADA","192.168.154.82","90:57:f9:9c:dd:4c","DNP3","2025-10-21T05:19:21.810Z","ON_NETWORK","VLAN-15","true","true"
"API-014","New Jersey Labs","API Manufacturing","Safety PLC","192.168.141.202","c3:92:4e:7f:1a:20","Ethernet/IP","2025-10-21T12:35:01.232Z","OFF_NETWORK","VLAN-82","true","true"
"API-015","New Jersey Labs","API Manufacturing","MES","192.168.246.139","72:5b:a5:38:f5:67","DNP3","2025-10-18T18:37:05.802Z","ON_NETWORK","VLAN-15","true","true"
"API-016","New Jersey Labs","API Manufacturing","Temperature Controller","192.168.191.67","ad:81:1a:fd:a4:c7","Ethernet/IP","2025-10-20T00:16:54.482Z","OFF_NETWORK","VLAN-31","true","true"
"API-017","New Jersey Labs","API Manufacturing","Batch Controller","192.168.200.233","0a:f4:20:f0:f9:97","Modbus TCP","2025-10-23T12:50:55.476Z","ON_NETWORK","VLAN-5","true","true"
"API-018","New Jersey Labs","API Manufacturing","LIMS","192.168.167.8","8b:05:93:47:3b:8a","Ethernet/IP","2025-10-21T04:25:44.659Z","OFF_NETWORK","VLAN-8","true","true"
"API-019","New Jersey Labs","API Manufacturing","Serialization System","192.168.169.103","44:b8:65:c6:05:5a","OPC UA","2025-10-22T05:12:12.552Z","ON_NETWORK","VLAN-4","true","true"
"API-020","New Jersey Labs","API Manufacturing","HMI","192.168.59.32","cd:ad:fd:1d:ae:ca","Modbus TCP","2025-10-22T17:42:42.871Z","ON_NETWORK","VLAN-83","true","true"
"API-021","New Jersey Labs","API Manufacturing","LIMS","192.168.205.188","01:05:f4:26:41:0b","Ethernet/IP","2025-10-24T14:11:13.304Z","ON_NETWORK","VLAN-59","true","true"
"API-024","New Jersey Labs","API Manufacturing","HMI","192.168.161.187","d2:46:e2:14:ec:b7","Ethernet/IP","2025-10-21T21:19:43.129Z","ON_NETWORK","VLAN-8","true","true"
"API-026","New Jersey Labs","API Manufacturing","Batch Controller","192.168.10.230","a1:c2:b3:f7:c4:a8","Modbus TCP","2025-10-24T06:09:00.876Z","ON_NETWORK","VLAN-34","true","true"
"API-027","New Jersey Labs","API Manufacturing","SCADA","192.168.223.31","f2:59:b3:36:a5:9a","OPC UA","2025-10-19T01:15:33.058Z","ON_NETWORK","VLAN-53","true","true"
"API-028","New Jersey Labs","API Manufacturing","Environmental Monitor","192.168.185.198","d9:0d:ff:2c:d0:97","OPC UA","2025-10-21T00:38:29.933Z","ON_NETWORK","VLAN-36","true","true"
"API-030","New Jersey Labs","API Manufacturing","SCADA","192.168.241.43","8b:11:fc:5e:b3:ca","DNP3","2025-10-20T06:28:10.368Z","OFF_NETWORK","VLAN-52","true","true"
"API-032","New Jersey Labs","API Manufacturing","Serialization System","192.168.218.197","c6:7e:b0:7f:18:79","DNP3","2025-10-20T04:47:23.185Z","ON_NETWORK","VLAN-89","true","true"
"API-033","New Jersey Labs","API Manufacturing","Environmental Monitor","192.168.231.54","f5:59:ef:1a:c1:a2","Modbus TCP","2025-10-18T03:15:47.311Z","ON_NETWORK","VLAN-73","true","true"
"API-035","New Jersey Labs","API Manufacturing","Temperature Controller","192.168.35.97","33:42:4f:58:cf:a2","Ethernet/IP","2025-10-23T12:22:43.164Z","OFF_NETWORK","VLAN-78","true","true"
"API-036","New Jersey Labs","API Manufacturing","HMI","192.168.194.217","3b:b1:d2:52:5e:b3","Modbus TCP","2025-10-21T12:21:08.592Z","OFF_NETWORK","VLAN-75","true","true"
"API-037","New Jersey Labs","API Manufacturing","Environmental Monitor","192.168.232.246","92:1e:e5:5f:be:1f","DNP3","2025-10-21T06:36:33.849Z","ON_NETWORK","VLAN-96","true","true"
"API-038","New Jersey Labs","API Manufacturing","LIMS","192.168.174.111","a4:d2:6f:f5:1f:92","DNP3","2025-10-22T06:17:51.639Z","ON_NETWORK","VLAN-28","true","true"
"API-039","New Jersey Labs","API Manufacturing","Serialization System","192.168.68.163","96:ec:4c:6a:b4:a9","DNP3","2025-10-22T21:20:33.661Z","ON_NETWORK","VLAN-60","true","true"
"API-041","New Jersey Labs","API Manufacturing","LIMS","192.168.234.28","50:c7:25:11:72:7d","OPC UA","2025-10-19T16:26:23.440Z","ON_NETWORK","VLAN-93","true","true"
"API-042","New Jersey Labs","API Manufacturing","Environmental Monitor","192.168.16.205","a4:7a:e1:23:69:2b","Modbus TCP","2025-10-23T02:11:38.407Z","OFF_NETWORK","VLAN-36","true","true"
"API-044","New Jersey Labs","API Manufacturing","Safety PLC","192.168.173.158","a1:ae:9a:3b:fc:50","DNP3","2025-10-23T01:43:12.181Z","ON_NETWORK","VLAN-58","true","true"
"API-045","New Jersey Labs","API Manufacturing","PLC","192.168.166.240","50:2e:b9:1b:43:8a","OPC UA","2025-10-23T05:27:39.361Z","ON_NETWORK","VLAN-18","true","true"
"API-046","New Jersey Labs","API Manufacturing","HMI","192.168.247.233","88:cb:1b:a6:44:40","OPC UA","2025-10-22T21:30:27.205Z","ON_NETWORK","VLAN-2","true","true"
"API-047","New Jersey Labs","API Manufacturing","Safety PLC","192.168.129.186","b5:56:5c:28:2e:5a","Modbus TCP","2025-10-21T18:19:30.365Z","OFF_NETWORK","VLAN-29","true","true"
"API-049","New Jersey Labs","API Manufacturing","Environmental Monitor","192.168.99.227","9f:60:e3:c2:7d:79","Modbus TCP","2025-10-23T21:13:27.058Z","ON_NETWORK","VLAN-94","true","true"
"FOR-001","New Jersey Labs","Formulation","HMI","192.168.64.252","67:5f:82:49:9c:76","OPC UA","2025-10-24T12:05:29.256Z","ON_NETWORK","VLAN-3","true","true"
"FOR-002","New Jersey Labs","Formulation","PLC","192.168.56.230","91:12:67:75:c4:ef","Ethernet/IP","2025-10-24T09:23:51.318Z","OFF_NETWORK","VLAN-100","true","true"
"FOR-003","New Jersey Labs","Formulation","SCADA","192.168.46.10","5c:0d:3c:88:1d:df","Modbus TCP","2025-10-20T13:26:29.064Z","ON_NETWORK","VLAN-9","true","true"
"FOR-004","New Jersey Labs","Formulation","Batch Controller","192.168.16.19","e2:67:24:22:96:a4","Ethernet/IP","2025-10-18T10:37:05.465Z","ON_NETWORK","VLAN-49","true","true"
"FOR-005","New Jersey Labs","Formulation","Environmental Monitor","192.168.197.124","da:2e:75:34:f6:21","Ethernet/IP","2025-10-18T01:17:17.297Z","ON_NETWORK","VLAN-31","true","true"
"FOR-007","New Jersey Labs","Formulation","Safety PLC","192.168.125.158","3c:46:ab:6f:e2:6e","Modbus TCP","2025-10-22T19:11:18.668Z","ON_NETWORK","VLAN-43","true","true"
"FOR-009","New Jersey Labs","Formulation","PLC","192.168.8.102","a5:d0:93:ae:5b:29","OPC UA","2025-10-18T05:23:20.285Z","ON_NETWORK","VLAN-62","true","true"
"FOR-010","New Jersey Labs","Formulation","HMI","192.168.181.29","3d:2b:e5:06:0a:b9","Ethernet/IP","2025-10-24T11:59:27.463Z","ON_NETWORK","VLAN-81","true","true"
"FOR-011","New Jersey Labs","Formulation","Safety PLC","192.168.16.226","7c:2d:0c:86:00:48","DNP3","2025-10-19T02:11:12.165Z","ON_NETWORK","VLAN-82","true","true"
"FOR-012","New Jersey Labs","Formulation","Environmental Monitor","192.168.32.193","ee:10:92:b9:43:dc","Ethernet/IP","2025-10-22T16:21:16.570Z","ON_NETWORK","VLAN-84","true","true"
"FOR-013","New Jersey Labs","Formulation","Safety PLC","192.168.184.159","4e:28:7d:15:4e:bb","Ethernet/IP","2025-10-23T11:14:32.339Z","ON_NETWORK","VLAN-1","true","true"
"FOR-015","New Jersey Labs","Formulation","HMI","192.168.183.137","3e:db:cf:14:6a:7c","OPC UA","2025-10-23T07:31:19.465Z","ON_NETWORK","VLAN-39","true","true"
"FOR-016","New Jersey Labs","Formulation","HMI","192.168.101.212","db:d6:d8:4c:00:39","Modbus TCP","2025-10-23T16:46:14.336Z","ON_NETWORK","VLAN-17","true","true"
"FOR-017","New Jersey Labs","Formulation","Serialization System","192.168.75.150","0b:b3:aa:1e:cd:78","OPC UA","2025-10-23T00:07:00.238Z","ON_NETWORK","VLAN-39","true","true"
"FOR-019","New Jersey Labs","Formulation","MES","192.168.228.56","1d:56:8b:62:4d:4d","DNP3","2025-10-20T14:18:51.807Z","ON_NETWORK","VLAN-91","true","true"
"FOR-021","New Jersey Labs","Formulation","Batch Controller","192.168.237.140","8b:55:d7:18:27:d3","Modbus TCP","2025-10-22T06:25:43.707Z","ON_NETWORK","VLAN-50","true","true"
"FOR-022","New Jersey Labs","Formulation","MES","192.168.106.232","35:57:b2:85:6f:76","OPC UA","2025-10-21T13:58:37.317Z","OFF_NETWORK","VLAN-93","true","true"
"FOR-023","New Jersey Labs","Formulation","Temperature Controller","192.168.78.122","12:ed:66:b2:2b:9c","Ethernet/IP","2025-10-24T15:14:45.159Z","ON_NETWORK","VLAN-7","true","true"
"FOR-024","New Jersey Labs","Formulation","MES","192.168.25.129","4d:7d:fd:46:02:2c","OPC UA","2025-10-20T04:48:05.077Z","ON_NETWORK","VLAN-41","true","true"
"FOR-025","New Jersey Labs","Formulation","MES","192.168.244.205","e3:a6:9d:57:ee:4a","Ethernet/IP","2025-10-19T22:53:20.842Z","ON_NETWORK","VLAN-79","true","true"
"FOR-026","New Jersey Labs","Formulation","Environmental Monitor","192.168.250.229","99:47:4a:77:1a:2e","DNP3","2025-10-21T14:56:20.186Z","OFF_NETWORK","VLAN-67","true","true"
"FOR-027","New Jersey Labs","Formulation","Serialization System","192.168.169.146","b3:59:0f:68:b8:ff","OPC UA","2025-10-19T19:59:42.621Z","ON_NETWORK","VLAN-71","true","true"
"FOR-028","New Jersey Labs","Formulation","HMI","192.168.88.47","78:cc:8a:6b:00:52","Modbus TCP","2025-10-22T14:29:30.240Z","ON_NETWORK","VLAN-32","true","true"
"FOR-029","New Jersey Labs","Formulation","Temperature Controller","192.168.251.230","d2:2c:57:ad:fe:33","Modbus TCP","2025-10-24T05:51:04.429Z","ON_NETWORK","VLAN-39","true","true"
"FOR-030","New Jersey Labs","Formulation","Temperature Controller","192.168.114.242","54:ad:0c:e8:0a:42","Ethernet/IP","2025-10-19T21:53:29.220Z","ON_NETWORK","VLAN-32","true","true"
"FOR-032","New Jersey Labs","Formulation","HMI","192.168.104.106","72:fb:ff:5f:27:20","Ethernet/IP","2025-10-18T06:30:18.197Z","ON_NETWORK","VLAN-99","true","true"
"FOR-033","New Jersey Labs","Formulation","Batch Controller","192.168.156.219","76:27:64:5f:b9:26","Modbus TCP","2025-10-18T17:57:05.376Z","ON_NETWORK","VLAN-77","true","true"
"FOR-034","New Jersey Labs","Formulation","MES","192.168.90.236","27:78:92:47:6f:46","Ethernet/IP","2025-10-20T07:30:55.663Z","ON_NETWORK","VLAN-46","true","true"
"FOR-035","New Jersey Labs","Formulation","MES","192.168.8.238","56:20:88:76:8d:77","Modbus TCP","2025-10-23T11:47:04.579Z","ON_NETWORK","VLAN-26","true","true"
"FOR-036","New Jersey Labs","Formulation","Temperature Controller","192.168.105.183","30:2e:54:03:f3:e2","OPC UA","2025-10-23T16:19:15.948Z","OFF_NETWORK","VLAN-43","true","true"
"FOR-037","New Jersey Labs","Formulation","HMI","192.168.86.68","f5:10:2f:17:cf:2a","OPC UA","2025-10-24T03:20:36.749Z","ON_NETWORK","VLAN-39","true","true"
"FOR-038","New Jersey Labs","Formulation","Batch Controller","192.168.111.134","b7:16:6e:aa:78:d0","Modbus TCP","2025-10-19T07:29:45.741Z","ON_NETWORK","VLAN-81","true","true"
"FOR-039","New Jersey Labs","Formulation","SCADA","192.168.246.68","d5:b6:7d:b0:44:02","Modbus TCP","2025-10-21T13:10:33.284Z","ON_NETWORK","VLAN-99","true","true"
"FOR-040","New Jersey Labs","Formulation","Serialization System","192.168.49.69","13:e2:10:83:90:d4","DNP3","2025-10-23T01:17:34.368Z","ON_NETWORK","VLAN-21","true","true"
"FOR-041","New Jersey Labs","Formulation","MES","192.168.246.11","0e:60:99:89:87:69","OPC UA","2025-10-22T04:48:45.922Z","ON_NETWORK","VLAN-44","true","true"
"FOR-042","New Jersey Labs","Formulation","HMI","192.168.115.173","97:c3:ae:08:ed:58","DNP3","2025-10-18T16:10:18.440Z","ON_NETWORK","VLAN-18","true","true"
"FOR-043","New Jersey Labs","Formulation","Serialization System","192.168.7.51","a4:3c:c4:2f:be:dd","OPC UA","2025-10-18T20:30:47.780Z","ON_NETWORK","VLAN-2","true","true"
"FOR-044","New Jersey Labs","Formulation","MES","192.168.2.17","8b:86:71:52:02:48","Modbus TCP","2025-10-22T22:05:52.964Z","OFF_NETWORK","VLAN-4","true","true"
"FOR-045","New Jersey Labs","Formulation","LIMS","192.168.253.197","14:87:66:01:4c:66","DNP3","2025-10-23T02:30:01.752Z","ON_NETWORK","VLAN-76","true","true"
"FOR-046","New Jersey Labs","Formulation","Batch Controller","192.168.219.101","17:1a:db:40:b2:79","DNP3","2025-10-21T01:32:16.862Z","ON_NETWORK","VLAN-91","true","true"
"FOR-047","New Jersey Labs","Formulation","Temperature Controller","192.168.241.45","74:1e:e9:e6:6b:e4","Ethernet/IP","2025-10-22T20:32:19.810Z","ON_NETWORK","VLAN-67","true","true"
"FOR-048","New Jersey Labs","Formulation","PLC","192.168.12.84","86:02:c0:26:5b:f7","DNP3","2025-10-22T13:19:57.621Z","ON_NETWORK","VLAN-100","true","true"
"FOR-050","New Jersey Labs","Formulation","Safety PLC","192.168.223.158","3e:e0:28:11:f3:54","OPC UA","2025-10-23T12:10:58.407Z","ON_NETWORK","VLAN-30","true","true"
"FOR-051","New Jersey Labs","Formulation","Safety PLC","192.168.188.28","a6:47:5b:86:93:ff","Ethernet/IP","2025-10-18T10:59:35.464Z","ON_NETWORK","VLAN-88","true","true"
"FOR-052","New Jersey Labs","Formulation","LIMS","192.168.138.57","71:85:cb:3b:23:3e","OPC UA","2025-10-22T04:59:30.818Z","ON_NETWORK","VLAN-98","true","true"
"FOR-053","New Jersey Labs","Formulation","Safety PLC","192.168.10.217","63:34:57:86:3b:9e","DNP3","2025-10-23T04:46:38.349Z","ON_NETWORK","VLAN-61","true","true"
"FOR-054","New Jersey Labs","Formulation","HMI","192.168.249.179","3d:fc:63:b4:f7:78","Modbus TCP","2025-10-23T17:41:40.838Z","ON_NETWORK","VLAN-77","true","true"
"PAC-001","New Jersey Labs","Packaging","PLC","192.168.160.198","8a:8e:88:e2:7f:f4","DNP3","2025-10-24T07:51:43.260Z","ON_NETWORK","VLAN-84","true","true"
"PAC-002","New Jersey Labs","Packaging","Environmental Monitor","192.168.184.153","45:4e:8e:94:03:6c","Modbus TCP","2025-10-17T19:53:03.816Z","ON_NETWORK","VLAN-21","true","true"
"PAC-003","New Jersey Labs","Packaging","Environmental Monitor","192.168.150.20","bf:7f:17:a4:35:36","OPC UA","2025-10-18T01:19:09.151Z","ON_NETWORK","VLAN-84","true","true"
"PAC-004","New Jersey Labs","Packaging","Serialization System","192.168.236.254","65:da:38:56:64:86","Ethernet/IP","2025-10-20T10:07:25.050Z","ON_NETWORK","VLAN-85","true","true"
"PAC-005","New Jersey Labs","Packaging","Serialization System","192.168.39.118","5f:90:53:2a:7e:be","Ethernet/IP","2025-10-24T03:39:26.994Z","OFF_NETWORK","VLAN-81","true","true"
"PAC-006","New Jersey Labs","Packaging","Safety PLC","192.168.99.150","80:d3:ad:6a:38:1d","OPC UA","2025-10-18T19:17:06.762Z","ON_NETWORK","VLAN-95","true","true"
"PAC-007","New Jersey Labs","Packaging","SCADA","192.168.87.128","5c:34:d0:97:5b:21","Modbus TCP","2025-10-22T16:23:53.570Z","ON_NETWORK","VLAN-55","true","true"
"PAC-008","New Jersey Labs","Packaging","Serialization System","192.168.243.184","34:8c:bf:04:c2:c1","DNP3","2025-10-24T08:59:42.335Z","ON_NETWORK","VLAN-78","true","true"
"PAC-010","New Jersey Labs","Packaging","Batch Controller","192.168.99.189","fa:3a:b0:26:9c:60","OPC UA","2025-10-22T06:14:16.469Z","OFF_NETWORK","VLAN-38","true","true"
"PAC-011","New Jersey Labs","Packaging","Serialization System","192.168.40.89","95:96:c4:09:aa:bd","Modbus TCP","2025-10-23T15:16:18.009Z","OFF_NETWORK","VLAN-87","true","true"
"PAC-012","New Jersey Labs","Packaging","Batch Controller","192.168.49.51","87:48:94:53:af:be","Ethernet/IP","2025-10-23T10:31:18.914Z","OFF_NETWORK","VLAN-11","true","true"
"PAC-013","New Jersey Labs","Packaging","Batch Controller","192.168.141.181","5e:f5:1a:3d:76:ef","Modbus TCP","2025-10-23T17:56:20.110Z","ON_NETWORK","VLAN-90","true","true"
"PAC-014","New Jersey Labs","Packaging","Batch Controller","192.168.4.100","40:bb:56:5f:d7:34","Ethernet/IP","2025-10-22T21:45:13.031Z","ON_NETWORK","VLAN-70","true","true"
"PAC-015","New Jersey Labs","Packaging","SCADA","192.168.193.19","d9:5d:63:ea:d3:c8","Ethernet/IP","2025-10-19T13:31:54.416Z","ON_NETWORK","VLAN-7","true","true"
"PAC-018","New Jersey Labs","Packaging","Safety PLC","192.168.230.202","4d:7c:21:fe:7f:6f","Modbus TCP","2025-10-24T01:11:28.057Z","ON_NETWORK","VLAN-47","true","true"
"PAC-019","New Jersey Labs","Packaging","Serialization System","192.168.3.202","c4:c4:57:9b:e1:36","Ethernet/IP","2025-10-24T00:10:04.213Z","ON_NETWORK","VLAN-2","true","true"
"PAC-021","New Jersey Labs","Packaging","SCADA","192.168.244.38","af:5e:40:c8:38:2a","OPC UA","2025-10-23T04:31:08.914Z","ON_NETWORK","VLAN-44","true","true"
"PAC-022","New Jersey Labs","Packaging","Temperature Controller","192.168.75.94","95:86:f9:77:40:b5","DNP3","2025-10-22T06:50:08.983Z","ON_NETWORK","VLAN-43","true","true"
"PAC-025","New Jersey Labs","Packaging","SCADA","192.168.156.47","43:d9:db:0c:15:35","Modbus TCP","2025-10-21T17:17:27.139Z","ON_NETWORK","VLAN-18","true","true"
"PAC-026","New Jersey Labs","Packaging","MES","192.168.105.230","0b:33:37:e7:6f:ed","OPC UA","2025-10-21T06:27:38.929Z","ON_NETWORK","VLAN-99","true","true"
"PAC-028","New Jersey Labs","Packaging","HMI","192.168.174.218","3f:65:fa:dd:04:a8","Modbus TCP","2025-10-20T07:00:41.432Z","OFF_NETWORK","VLAN-98","true","true"
"PAC-031","New Jersey Labs","Packaging","Temperature Controller","192.168.216.44","3c:54:6e:17:30:15","Modbus TCP","2025-10-23T11:56:43.893Z","ON_NETWORK","VLAN-65","true","true"
"PAC-033","New Jersey Labs","Packaging","MES","192.168.156.54","41:1a:1c:d8:b5:76","DNP3","2025-10-22T07:45:43.228Z","ON_NETWORK","VLAN-6","true","true"
"PAC-034","New Jersey Labs","Packaging","MES","192.168.33.142","a4:e2:74:0e:2c:a8","Ethernet/IP","2025-10-20T17:47:19.397Z","ON_NETWORK","VLAN-95","true","true"
"PAC-035","New Jersey Labs","Packaging","SCADA","192.168.239.212","3b:ef:c9:ee:7e:47","OPC UA","2025-10-23T05:15:21.951Z","OFF_NETWORK","VLAN-89","true","true"
"PAC-036","New Jersey Labs","Packaging","Temperature Controller","192.168.68.167","9b:ac:8b:79:4a:2d","OPC UA","2025-10-20T21:36:19.081Z","OFF_NETWORK","VLAN-46","true","true"
"PAC-037","New Jersey Labs","Packaging","HMI","192.168.38.125","0d:c5:c0:8a:56:7b","DNP3","2025-10-22T20:44:26.046Z","ON_NETWORK","VLAN-97","true","true"
"PAC-039","New Jersey Labs","Packaging","SCADA","192.168.182.168","07:89:19:d5:45:c5","Modbus TCP","2025-10-20T23:01:14.359Z","ON_NETWORK","VLAN-34","true","true"
"PAC-041","New Jersey Labs","Packaging","Temperature Controller","192.168.252.192","fc:b6:ae:50:5e:fe","DNP3","2025-10-24T03:39:04.783Z","OFF_NETWORK","VLAN-50","true","true"
"QUA-001","New Jersey Labs","Quality Control Lab","LIMS","192.168.160.4","86:56:d8:b4:dc:fd","Ethernet/IP","2025-10-22T00:12:00.418Z","ON_NETWORK","VLAN-64","true","true"
"QUA-003","New Jersey Labs","Quality Control Lab","HMI","192.168.150.36","77:8a:c7:05:2a:7e","Ethernet/IP","2025-10-23T08:44:51.677Z","ON_NETWORK","VLAN-8","true","true"
"QUA-004","New Jersey Labs","Quality Control Lab","LIMS","192.168.31.60","33:54:72:2a:e4:12","OPC UA","2025-10-22T22:41:38.405Z","ON_NETWORK","VLAN-76","true","true"
"QUA-006","New Jersey Labs","Quality Control Lab","HMI","192.168.228.125","0e:06:34:03:a2:15","Modbus TCP","2025-10-23T01:22:28.161Z","ON_NETWORK","VLAN-2","true","true"
"QUA-008","New Jersey Labs","Quality Control Lab","Serialization System","192.168.181.56","59:db:0b:7b:55:85","DNP3","2025-10-24T01:44:15.807Z","OFF_NETWORK","VLAN-97","true","true"
"QUA-010","New Jersey Labs","Quality Control Lab","Safety PLC","192.168.185.16","e0:57:d7:d9:4d:aa","Modbus TCP","2025-10-18T10:03:26.132Z","ON_NETWORK","VLAN-36","true","true"
"QUA-012","New Jersey Labs","Quality Control Lab","Safety PLC","192.168.52.74","ee:77:b5:5e:ec:9f","OPC UA","2025-10-21T05:55:19.665Z","ON_NETWORK","VLAN-52","true","true"
"QUA-014","New Jersey Labs","Quality Control Lab","Serialization System","192.168.144.5","fe:fe:eb:0e:68:e6","Ethernet/IP","2025-10-24T12:58:38.873Z","ON_NETWORK","VLAN-70","true","true"
"QUA-015","New Jersey Labs","Quality Control Lab","Temperature Controller","192.168.30.239","2f:d4:6d:0c:ff:a7","DNP3","2025-10-17T22:58:09.247Z","ON_NETWORK","VLAN-42","true","true"
"QUA-017","New Jersey Labs","Quality Control Lab","LIMS","192.168.183.124","67:d2:00:d4:11:db","Modbus TCP","2025-10-21T22:21:51.650Z","ON_NETWORK","VLAN-1","true","true"
"QUA-019","New Jersey Labs","Quality Control Lab","HMI","192.168.138.150","51:96:fd:c0:84:11","Modbus TCP","2025-10-24T05:50:16.120Z","ON_NETWORK","VLAN-43","true","true"
"QUA-021","New Jersey Labs","Quality Control Lab","Temperature Controller","192.168.240.24","f5:d0:bc:e7:fa:03","Ethernet/IP","2025-10-21T00:48:06.696Z","OFF_NETWORK","VLAN-35","true","true"
"QUA-022","New Jersey Labs","Quality Control Lab","Temperature Controller","192.168.81.87","c1:28:b8:0a:2e:6c","OPC UA","2025-10-21T14:01:05.638Z","OFF_NETWORK","VLAN-29","true","true"
"QUA-024","New Jersey Labs","Quality Control Lab","Temperature Controller","192.168.152.166","ed:79:11:29:53:1c","Modbus TCP","2025-10-18T13:39:36.126Z","ON_NETWORK","VLAN-41","true","true"
"QUA-025","New Jersey Labs","Quality Control Lab","SCADA","192.168.228.68","59:df:a4:e9:f5:01","Modbus TCP","2025-10-24T05:45:19.231Z","OFF_NETWORK","VLAN-26","true","true"
"QUA-027","New Jersey Labs","Quality Control Lab","MES","192.168.229.236","6e:65:9c:e5:fc:d3","DNP3","2025-10-20T10:46:27.844Z","ON_NETWORK","VLAN-28","true","true"
"QUA-028","New Jersey Labs","Quality Control Lab","HMI","192.168.7.119","63:30:57:cf:f5:d9","OPC UA","2025-10-23T00:07:30.127Z","ON_NETWORK","VLAN-33","true","true"
"QUA-029","New Jersey Labs","Quality Control Lab","MES","192.168.207.1","6f:5e:ff:f5:a0:64","DNP3","2025-10-20T22:34:47.507Z","ON_NETWORK","VLAN-37","true","true"
"QUA-031","New Jersey Labs","Quality Control Lab","SCADA","192.168.178.124","6f:00:35:b3:5d:c3","Modbus TCP","2025-10-18T10:33:58.557Z","ON_NETWORK","VLAN-50","true","true"
"QUA-032","New Jersey Labs","Quality Control Lab","SCADA","192.168.131.252","2a:99:17:60:2a:7a","DNP3","2025-10-22T18:25:16.631Z","ON_NETWORK","VLAN-7","true","true"
"QUA-033","New Jersey Labs","Quality Control Lab","Batch Controller","192.168.69.192","8e:09:e5:5e:08:e4","DNP3","2025-10-21T11:54:30.791Z","ON_NETWORK","VLAN-8","true","true"
"QUA-034","New Jersey Labs","Quality Control Lab","Safety PLC","192.168.181.73","73:61:58:0c:a4:02","OPC UA","2025-10-18T21:01:48.425Z","ON_NETWORK","VLAN-34","true","true"
"QUA-036","New Jersey Labs","Quality Control Lab","PLC","192.168.113.26","64:73:c7:3b:77:45","Modbus TCP","2025-10-20T02:43:59.202Z","ON_NETWORK","VLAN-64","true","true"
"QUA-037","New Jersey Labs","Quality Control Lab","MES","192.168.220.116","4c:bc:82:bc:77:2e","DNP3","2025-10-24T10:59:45.935Z","ON_NETWORK","VLAN-63","true","true"
"QUA-039","New Jersey Labs","Quality Control Lab","MES","192.168.56.62","39:a0:fb:bc:a8:d7","Modbus TCP","2025-10-18T11:04:31.823Z","ON_NETWORK","VLAN-49","true","true"
"QUA-040","New Jersey Labs","Quality Control Lab","Serialization System","192.168.86.51","5f:a3:de:23:53:f0","OPC UA","2025-10-18T14:11:22.253Z","ON_NETWORK","VLAN-19","true","true"
"UTI-002","New Jersey Labs","Utilities","LIMS","192.168.161.131","3d:94:c1:28:78:d1","OPC UA","2025-10-19T21:39:12.243Z","ON_NETWORK","VLAN-16","true","true"
"UTI-005","New Jersey Labs","Utilities","Temperature Controller","192.168.244.137","62:9f:05:4e:4c:b8","Ethernet/IP","2025-10-20T02:56:56.605Z","ON_NETWORK","VLAN-67","true","true"
"UTI-006","New Jersey Labs","Utilities","HMI","192.168.149.113","f5:69:39:fa:e1:34","OPC UA","2025-10-18T11:54:15.556Z","ON_NETWORK","VLAN-84","true","true"
"UTI-007","New Jersey Labs","Utilities","Batch Controller","192.168.18.0","c3:98:bf:4b:93:4e","Ethernet/IP","2025-10-18T14:42:31.746Z","ON_NETWORK","VLAN-93","true","true"
"UTI-008","New Jersey Labs","Utilities","Temperature Controller","192.168.67.91","e8:be:e6:52:8d:56","Ethernet/IP","2025-10-17T19:58:45.760Z","ON_NETWORK","VLAN-28","true","true"
"UTI-010","New Jersey Labs","Utilities","MES","192.168.26.63","76:9e:6c:e7:45:ea","Ethernet/IP","2025-10-17T18:34:39.451Z","ON_NETWORK","VLAN-20","true","true"
"UTI-011","New Jersey Labs","Utilities","Temperature Controller","192.168.237.244","b2:59:8f:64:7e:e4","Ethernet/IP","2025-10-23T04:52:52.892Z","ON_NETWORK","VLAN-80","true","true"
"UTI-012","New Jersey Labs","Utilities","Serialization System","192.168.164.196","df:b8:e4:d5:41:4c","Modbus TCP","2025-10-23T07:42:13.287Z","ON_NETWORK","VLAN-100","true","true"
"UTI-013","New Jersey Labs","Utilities","PLC","192.168.136.233","08:db:72:ce:9e:2b","Modbus TCP","2025-10-21T20:00:17.544Z","ON_NETWORK","VLAN-25","true","true"
"UTI-014","New Jersey Labs","Utilities","SCADA","192.168.18.238","b5:db:85:fb:53:19","Modbus TCP","2025-10-18T22:42:59.240Z","ON_NETWORK","VLAN-45","true","true"
"UTI-015","New Jersey Labs","Utilities","Serialization System","192.168.198.98","fe:31:d8:e7:e8:a5","DNP3","2025-10-22T22:27:11.547Z","OFF_NETWORK","VLAN-42","true","true"
"UTI-016","New Jersey Labs","Utilities","Environmental Monitor","192.168.208.78","c5:50:d5:10:f3:e8","Modbus TCP","2025-10-19T19:11:23.891Z","ON_NETWORK","VLAN-37","true","true"
"UTI-017","New Jersey Labs","Utilities","Safety PLC","192.168.82.84","80:ec:70:e3:9d:80","DNP3","2025-10-23T19:05:23.607Z","ON_NETWORK","VLAN-17","true","true"
"UTI-018","New Jersey Labs","Utilities","SCADA","192.168.107.17","6d:b2:81:e5:b5:aa","Modbus TCP","2025-10-24T15:36:05.338Z","ON_NETWORK","VLAN-81","true","true"
"UTI-020","New Jersey Labs","Utilities","Serialization System","192.168.139.192","4b:b6:d7:cd:08:1c","Ethernet/IP","2025-10-18T12:49:00.099Z","OFF_NETWORK","VLAN-31","true","true"
"UTI-021","New Jersey Labs","Utilities","MES","192.168.125.91","89:2f:80:97:19:be","OPC UA","2025-10-18T21:04:40.926Z","ON_NETWORK","VLAN-66","true","true"
"UTI-023","New Jersey Labs","Utilities","HMI","192.168.116.155","94:1b:11:19:95:35","DNP3","2025-10-18T15:19:31.435Z","ON_NETWORK","VLAN-22","true","true"
"UTI-024","New Jersey Labs","Utilities","Temperature Controller","192.168.214.175","b4:0a:d9:2a:2f:6a","Modbus TCP","2025-10-20T10:04:37.886Z","ON_NETWORK","VLAN-77","true","true"
"UTI-025","New Jersey Labs","Utilities","LIMS","192.168.58.121","a6:05:c5:6e:8f:cd","OPC UA","2025-10-22T10:56:16.403Z","ON_NETWORK","VLAN-57","true","true"
"UTI-026","New Jersey Labs","Utilities","HMI","192.168.32.244","25:aa:b3:e1:b6:b5","Ethernet/IP","2025-10-22T00:44:58.869Z","ON_NETWORK","VLAN-90","true","true"
"UTI-027","New Jersey Labs","Utilities","MES","192.168.224.115","cf:3d:46:e9:c7:44","OPC UA","2025-10-19T09:50:42.295Z","ON_NETWORK","VLAN-33","true","true"
"UTI-028","New Jersey Labs","Utilities","HMI","192.168.108.254","0b:bc:4a:3c:03:11","OPC UA","2025-10-22T09:17:56.088Z","ON_NETWORK","VLAN-4","true","true"
"UTI-029","New Jersey Labs","Utilities","MES","192.168.170.21","10:ce:15:8c:8a:e3","Modbus TCP","2025-10-20T15:30:14.198Z","OFF_NETWORK","VLAN-53","true","true"
"UTI-030","New Jersey Labs","Utilities","PLC","192.168.52.38","d6:b9:4d:26:7b:d9","Ethernet/IP","2025-10-23T16:20:09.847Z","ON_NETWORK","VLAN-15","true","true"
"UTI-032","New Jersey Labs","Utilities","Serialization System","192.168.214.198","ba:d6:1f:4b:d4:16","Modbus TCP","2025-10-18T07:36:15.487Z","ON_NETWORK","VLAN-50","true","true"
"UTI-033","New Jersey Labs","Utilities","MES","192.168.114.154","62:c1:2b:d5:64:f8","DNP3","2025-10-22T22:30:34.337Z","ON_NETWORK","VLAN-62","true","true"
"UTI-034","New Jersey Labs","Utilities","Temperature Controller","192.168.60.199","ae:de:ac:c7:d0:2c","OPC UA","2025-10-18T05:11:50.239Z","OFF_NETWORK","VLAN-26","true","true"
"UTI-035","New Jersey Labs","Utilities","SCADA","192.168.164.199","72:2d:05:35:e5:4c","Ethernet/IP","2025-10-19T16:02:35.373Z","ON_NETWORK","VLAN-18","true","true"
"UTI-036","New Jersey Labs","Utilities","Serialization System","192.168.161.29","b6:80:8a:7b:a2:8d","OPC UA","2025-10-17T23:17:05.851Z","ON_NETWORK","VLAN-7","true","true"
"UTI-037","New Jersey Labs","Utilities","Batch Controller","192.168.227.36","da:0d:04:56:a0:fa","OPC UA","2025-10-22T23:17:45.214Z","ON_NETWORK","VLAN-43","true","true"
"UTI-038","New Jersey Labs","Utilities","MES","192.168.161.56","e1:1d:13:2c:44:d4","Modbus TCP","2025-10-22T20:07:52.998Z","ON_NETWORK","VLAN-95","true","true"
"UTI-041","New Jersey Labs","Utilities","Temperature Controller","192.168.109.190","39:7f:3e:43:6b:cf","Modbus TCP","2025-10-22T23:45:12.399Z","ON_NETWORK","VLAN-54","true","true"
"UTI-042","New Jersey Labs","Utilities","Safety PLC","192.168.150.138","f2:85:c8:f9:f3:4d","OPC UA","2025-10-18T13:08:59.406Z","ON_NETWORK","VLAN-19","true","true"
"UTI-045","New Jersey Labs","Utilities","MES","192.168.139.215","e3:38:65:87:cb:5c","DNP3","2025-10-21T23:50:10.115Z","ON_NETWORK","VLAN-35","true","true"
"UTI-046","New Jersey Labs","Utilities","LIMS","192.168.144.71","64:b0:41:32:14:87","DNP3","2025-10-17T20:00:13.445Z","ON_NETWORK","VLAN-57","true","true"
"UTI-047","New Jersey Labs","Utilities","Safety PLC","192.168.35.128","9c:cd:bb:79:38:d2","DNP3","2025-10-18T03:20:25.730Z","OFF_NETWORK","VLAN-51","true","true"
"UTI-051","New Jersey Labs","Utilities","Temperature Controller","192.168.210.74","b1:53:36:e5:56:cf","DNP3","2025-10-17T21:36:05.389Z","ON_NETWORK","VLAN-34","true","true"
"UTI-052","New Jersey Labs","Utilities","Environmental Monitor","192.168.16.234","15:de:98:71:38:75","DNP3","2025-10-18T22:44:25.211Z","ON_NETWORK","VLAN-50","true","true"
"WAR-001","New Jersey Labs","Warehouse","HMI","192.168.72.55","c9:c6:2b:2f:95:20","Modbus TCP","2025-10-23T15:59:50.142Z","ON_NETWORK","VLAN-59","true","true"
"WAR-002","New Jersey Labs","Warehouse","Serialization System","192.168.117.235","26:52:06:bb:af:b1","Modbus TCP","2025-10-20T11:07:15.539Z","ON_NETWORK","VLAN-69","true","true"
"WAR-004","New Jersey Labs","Warehouse","Safety PLC","192.168.197.200","b7:93:eb:8f:63:6b","Ethernet/IP","2025-10-22T23:26:51.903Z","OFF_NETWORK","VLAN-37","true","true"
"WAR-006","New Jersey Labs","Warehouse","Batch Controller","192.168.183.183","cf:ac:49:47:63:09","Ethernet/IP","2025-10-24T06:16:51.344Z","ON_NETWORK","VLAN-41","true","true"
"WAR-007","New Jersey Labs","Warehouse","SCADA","192.168.155.156","2e:5b:af:07:d1:ec","Ethernet/IP","2025-10-22T15:41:37.847Z","ON_NETWORK","VLAN-60","true","true"
"WAR-009","New Jersey Labs","Warehouse","Serialization System","192.168.206.12","8d:71:0e:52:a6:92","Ethernet/IP","2025-10-17T19:42:14.901Z","ON_NETWORK","VLAN-45","true","true"
"WAR-010","New Jersey Labs","Warehouse","PLC","192.168.245.172","b7:d9:6f:d2:6b:8d","DNP3","2025-10-21T17:37:32.562Z","ON_NETWORK","VLAN-74","true","true"
"WAR-011","New Jersey Labs","Warehouse","MES","192.168.85.71","8d:75:05:fc:37:8d","DNP3","2025-10-18T12:33:50.233Z","ON_NETWORK","VLAN-44","true","true"
"WAR-012","New Jersey Labs","Warehouse","Batch Controller","192.168.84.206","62:3c:c2:21:7f:80","DNP3","2025-10-23T13:48:21.034Z","ON_NETWORK","VLAN-5","true","true"
"WAR-014","New Jersey Labs","Warehouse","MES","192.168.172.55","85:f5:4f:a7:0f:4c","DNP3","2025-10-21T10:59:02.793Z","OFF_NETWORK","VLAN-50","true","true"
"WAR-015","New Jersey Labs","Warehouse","Environmental Monitor","192.168.157.121","5d:86:0f:cf:a5:c7","DNP3","2025-10-21T01:49:16.706Z","OFF_NETWORK","VLAN-32","true","true"
"WAR-016","New Jersey Labs","Warehouse","MES","192.168.234.94","00:c0:de:6b:31:e3","Ethernet/IP","2025-10-17T21:18:34.010Z","ON_NETWORK","VLAN-5","true","true"
"WAR-017","New Jersey Labs","Warehouse","Temperature Controller","192.168.116.209","aa:1b:cb:e6:a7:35","Ethernet/IP","2025-10-19T09:23:34.511Z","ON_NETWORK","VLAN-50","true","true"