tag_id,plant,unit,device_type,manufacturer,model,ip_address,hostname
DEV-ISO-001,Gulf Coast Refinery,Isomerization,Engineering_Workstation,Siemens,Model-8230,192.168.198.174,
DEV-HYD-002,Gulf Coast Refinery,Hydrocracker,Historian,Siemens,Model-5851,192.168.78.115,DEV-002
HMI-ALK-003,Gulf Coast Refinery,Alkylation,HMI,Schneider,Model-2500,,HMI-003
DEV-UTI-004,Gulf Coast Refinery,Utilities,Server,Emerson,Model-6629,192.168.250.96,
PLC-FLU-005,Gulf Coast Refinery,Fluid Catalytic Cracking,PLC,ABB,Model-8804,192.168.99.221,PLC-005
DEV-FLU-006,Gulf Coast Refinery,Fluid Catalytic Cracking,Server,,,192.168.10.217,
DEV-HYD-007,Gulf Coast Refinery,Hydrocracker,Controller,ABB,Model-3671,192.168.56.210,
DEV-CRU-008,Gulf Coast Refinery,Crude Distillation Unit,Engineering_Workstation,Honeywell,Model-8592,,DEV-008
DEV-CON-009,Gulf Coast Refinery,Control Room,Controller,Siemens,Model-8144,192.168.18.201,DEV-009
DEV-HYD-010,Gulf Coast Refinery,Hydrocracker,SCADA,Siemens,Model-3279,,DEV-010
DCS-UTI-011,Gulf Coast Refinery,Utilities,DCS,GE,Model-6562,192.168.91.203,
HMI-ALK-012,Gulf Coast Refinery,Alkylation,HMI,,,,
PLC-UTI-013,Gulf Coast Refinery,Utilities,PLC,Allen-Bradley,Model-3748,192.168.92.194,
DEV-HYD-014,Gulf Coast Refinery,Hydrocracker,Historian,Emerson,Model-3436,192.168.166.11,
DEV-FLU-015,Gulf Coast Refinery,Fluid Catalytic Cracking,Server,Allen-Bradley,Model-4509,192.168.232.151,
DEV-CRU-016,Gulf Coast Refinery,Crude Distillation Unit,Server,Yokogawa,Model-9226,192.168.158.201,
DEV-REF-017,Gulf Coast Refinery,Reformer,Controller,Siemens,Model-1345,192.168.181.39,DEV-017
DEV-HYD-018,Gulf Coast Refinery,Hydrotreater,Engineering_Workstation,Emerson,Model-1762,192.168.193.208,
RTU-ALK-019,Gulf Coast Refinery,Alkylation,RTU,Schneider,Model-7804,192.168.88.17,
DEV-LOA-020,Gulf Coast Refinery,Loading,Engineering_Workstation,GE,Model-8129,192.168.124.110,
DCS-CRU-021,Gulf Coast Refinery,Crude Distillation Unit,DCS,Honeywell,Model-8973,192.168.226.205,DCS-021
DEV-ALK-022,Gulf Coast Refinery,Alkylation,Engineering_Workstation,Siemens,Model-1772,192.168.68.196,
DEV-CON-023,Gulf Coast Refinery,Control Room,Historian,GE,Model-9403,,
DEV-LOA-024,Gulf Coast Refinery,Loading,SCADA,,,192.168.168.33,DEV-024
PLC-HYD-025,Gulf Coast Refinery,Hydrotreater,PLC,Allen-Bradley,Model-8359,192.168.173.244,
ANAL-0026,Gulf Coast Refinery,Reformer,Analyzer,Siemens,Analyzer-349,,
PROT-0027,Gulf Coast Refinery,Alkylation,Protocol_Converter,Yokogawa,Protocol_Converter-786,192.168.150.231,Prot-0027
SMAR-0028,Gulf Coast Refinery,Fluid Catalytic Cracking,Smart_Transmitter,Endress+Hauser,Smart_Transmitter-859,,Smar-0028
GATE-0029,Gulf Coast Refinery,Alkylation,Gateway,Rosemount,Gateway-852,192.168.110.195,
SMAR-0030,Gulf Coast Refinery,Control Room,Smart_Transmitter,ABB,Smart_Transmitter-774,192.168.68.241,Smar-0030
SWIT-0031,Gulf Coast Refinery,Tank Farm,Switch,ABB,Switch-929,192.168.241.50,Swit-0031
GATE-0032,Gulf Coast Refinery,Hydrotreater,Gateway,,,192.168.143.121,
SMAR-0033,Gulf Coast Refinery,Hydrocracker,Smart_Transmitter,Rosemount,Smart_Transmitter-871,,Smar-0033
PROT-0034,Gulf Coast Refinery,Crude Distillation Unit,Protocol_Converter,,,192.168.19.50,Prot-0034
IP_C-0035,Gulf Coast Refinery,Reformer,IP_Camera,,,192.168.230.138,
VFD-0036,Gulf Coast Refinery,Hydrotreater,VFD,Rosemount,VFD-648,192.168.38.194,
SMAR-0037,Gulf Coast Refinery,Hydrotreater,Smart_Transmitter,Siemens,Smart_Transmitter-274,,
PROT-0038,Gulf Coast Refinery,Isomerization,Protocol_Converter,Schneider,Protocol_Converter-885,192.168.226.177,
GATE-0039,Gulf Coast Refinery,Utilities,Gateway,,,192.168.139.33,
GATE-0040,Gulf Coast Refinery,Hydrocracker,Gateway,Siemens,Gateway-910,192.168.158.221,
IP_C-0041,Gulf Coast Refinery,Crude Distillation Unit,IP_Camera,ABB,IP_Camera-188,,
SMAR-0042,Gulf Coast Refinery,Hydrotreater,Smart_Transmitter,,,192.168.93.44,
GATE-0043,Gulf Coast Refinery,Reformer,Gateway,Rosemount,Gateway-362,,Gate-0043
IP_C-0044,Gulf Coast Refinery,Fluid Catalytic Cracking,IP_Camera,ABB,IP_Camera-879,,
VFD-0045,Gulf Coast Refinery,Crude Distillation Unit,VFD,Rosemount,VFD-862,192.168.73.243,VFD-0045
SWIT-0046,Gulf Coast Refinery,Tank Farm,Switch,Yokogawa,Switch-169,192.168.92.24,Swit-0046
PROT-0047,Gulf Coast Refinery,Utilities,Protocol_Converter,Rosemount,Protocol_Converter-645,,
GATE-0048,Gulf Coast Refinery,Fluid Catalytic Cracking,Gateway,,,,
SAFE-0049,Gulf Coast Refinery,Utilities,Safety_Controller,Yokogawa,Safety_Controller-910,,
PROT-0050,Gulf Coast Refinery,Utilities,Protocol_Converter,Endress+Hauser,Protocol_Converter-407,,Prot-0050
SAFE-0051,Gulf Coast Refinery,Control Room,Safety_Controller,,,,
ANAL-0052,Gulf Coast Refinery,Alkylation,Analyzer,Siemens,Analyzer-289,,Anal-0052
SAFE-0053,Gulf Coast Refinery,Reformer,Safety_Controller,Siemens,Safety_Controller-170,,
ANAL-0054,Gulf Coast Refinery,Tank Farm,Analyzer,Emerson,Analyzer-894,,Anal-0054
GATE-0055,Gulf Coast Refinery,Coker Unit,Gateway,,,,
VFD-0056,Gulf Coast Refinery,Alkylation,VFD,Rosemount,VFD-227,,VFD-0056
GATE-0057,Gulf Coast Refinery,Loading,Gateway,,,,Gate-0057
VFD-0058,Gulf Coast Refinery,Utilities,VFD,Rosemount,VFD-426,192.168.60.227,
PROT-0059,Gulf Coast Refinery,Tank Farm,Protocol_Converter,Siemens,Protocol_Converter-485,192.168.144.164,
IP_C-0060,Gulf Coast Refinery,Utilities,IP_Camera,,,,
GATE-0061,Gulf Coast Refinery,Utilities,Gateway,Endress+Hauser,Gateway-467,,
SMAR-0062,Gulf Coast Refinery,Control Room,Smart_Transmitter,Siemens,Smart_Transmitter-887,,
SMAR-0063,Gulf Coast Refinery,Control Room,Smart_Transmitter,Rosemount,Smart_Transmitter-735,,
GATE-0064,Gulf Coast Refinery,Tank Farm,Gateway,Endress+Hauser,Gateway-962,192.168.47.48,
PROT-0065,Gulf Coast Refinery,Coker Unit,Protocol_Converter,,,,
SMAR-0066,Gulf Coast Refinery,Alkylation,Smart_Transmitter,Rosemount,Smart_Transmitter-709,,
SAFE-0067,Gulf Coast Refinery,Crude Distillation Unit,Safety_Controller,Siemens,Safety_Controller-488,,
SWIT-0068,Gulf Coast Refinery,Alkylation,Switch,Endress+Hauser,Switch-600,192.168.47.129,Swit-0068
GATE-0069,Gulf Coast Refinery,Utilities,Gateway,Yokogawa,Gateway-831,,
GATE-0070,Gulf Coast Refinery,Hydrotreater,Gateway,Rosemount,Gateway-715,,
IP_C-0071,Gulf Coast Refinery,Fluid Catalytic Cracking,IP_Camera,Emerson,IP_Camera-740,,IP_C-0071
ANAL-0072,Gulf Coast Refinery,Loading,Analyzer,Endress+Hauser,Analyzer-209,192.168.169.134,
ANAL-0073,Gulf Coast Refinery,Utilities,Analyzer,ABB,Analyzer-974,,Anal-0073
IP_C-0074,Gulf Coast Refinery,Tank Farm,IP_Camera,ABB,IP_Camera-153,192.168.32.69,
SMAR-0075,Gulf Coast Refinery,Alkylation,Smart_Transmitter,Siemens,Smart_Transmitter-164,,Smar-0075
ANAL-0076,Gulf Coast Refinery,Hydrotreater,Analyzer,Endress+Hauser,Analyzer-405,192.168.204.157,
VFD-0077,Gulf Coast Refinery,Isomerization,VFD,ABB,VFD-915,,
PROT-0078,Gulf Coast Refinery,Alkylation,Protocol_Converter,ABB,Protocol_Converter-403,,
PROT-0079,Gulf Coast Refinery,Reformer,Protocol_Converter,,,,Prot-0079
ANAL-0080,Gulf Coast Refinery,Hydrocracker,Analyzer,Siemens,Analyzer-190,192.168.207.75,
SAFE-0081,Gulf Coast Refinery,Coker Unit,Safety_Controller,Schneider,Safety_Controller-358,,Safe-0081
VFD-0082,Gulf Coast Refinery,Tank Farm,VFD,Siemens,VFD-640,,
GATE-0083,Gulf Coast Refinery,Isomerization,Gateway,Siemens,Gateway-541,192.168.163.47,
SMAR-0084,Gulf Coast Refinery,Hydrotreater,Smart_Transmitter,,,192.168.19.122,Smar-0084
GATE-0085,Gulf Coast Refinery,Utilities,Gateway,ABB,Gateway-407,,Gate-0085
ANAL-0086,Gulf Coast Refinery,Fluid Catalytic Cracking,Analyzer,Schneider,Analyzer-356,,Anal-0086
VFD-0087,Gulf Coast Refinery,Fluid Catalytic Cracking,VFD,Emerson,VFD-433,,
GATE-0088,Gulf Coast Refinery,Coker Unit,Gateway,Yokogawa,Gateway-757,192.168.235.47,
SWIT-0089,Gulf Coast Refinery,Fluid Catalytic Cracking,Switch,,,,Swit-0089
ANAL-0090,Gulf Coast Refinery,Fluid Catalytic Cracking,Analyzer,Rosemount,Analyzer-925,,
SWIT-0091,Gulf Coast Refinery,Hydrotreater,Switch,Siemens,Switch-342,192.168.218.197,
SAFE-0092,Gulf Coast Refinery,Reformer,Safety_Controller,Rosemount,Safety_Controller-406,,
PROT-0093,Gulf Coast Refinery,Loading,Protocol_Converter,Schneider,Protocol_Converter-473,,
SMAR-0094,Gulf Coast Refinery,Tank Farm,Smart_Transmitter,Emerson,Smart_Transmitter-881,192.168.182.175,
ANAL-0095,Gulf Coast Refinery,Fluid Catalytic Cracking,Analyzer,Yokogawa,Analyzer-164,192.168.42.240,Anal-0095
SWIT-0096,Gulf Coast Refinery,Hydrocracker,Switch,Endress+Hauser,Switch-352,,
GATE-0097,Gulf Coast Refinery,Crude Distillation Unit,Gateway,Schneider,Gateway-297,,
SMAR-0098,Gulf Coast Refinery,Control Room,Smart_Transmitter,Emerson,Smart_Transmitter-301,192.168.216.70,Smar-0098
SAFE-0099,Gulf Coast Refinery,Crude Distillation Unit,Safety_Controller,Rosemount,Safety_Controller-398,,
SWIT-0100,Gulf Coast Refinery,Crude Distillation Unit,Switch,Yokogawa,Switch-925,,
PROT-0101,Gulf Coast Refinery,Tank Farm,Protocol_Converter,,,,Prot-0101
GATE-0102,Gulf Coast Refinery,Tank Farm,Gateway,Siemens,Gateway-306,192.168.184.159,
VFD-0103,Gulf Coast Refinery,Hydrotreater,VFD,Emerson,VFD-147,,VFD-0103
SWIT-0104,Gulf Coast Refinery,Alkylation,Switch,,,192.168.139.139,
ANAL-0105,Gulf Coast Refinery,Isomerization,Analyzer,ABB,Analyzer-180,192.168.247.155,Anal-0105
VFD-0106,Gulf Coast Refinery,Hydrocracker,VFD,Yokogawa,VFD-744,,VFD-0106
SAFE-0107,Gulf Coast Refinery,Hydrotreater,Safety_Controller,Schneider,Safety_Controller-287,192.168.177.159,
PROT-0108,Gulf Coast Refinery,Alkylation,Protocol_Converter,Siemens,Protocol_Converter-737,192.168.229.220,
SAFE-0109,Gulf Coast Refinery,Isomerization,Safety_Controller,Endress+Hauser,Safety_Controller-417,,Safe-0109
VFD-0110,Gulf Coast Refinery,Utilities,VFD,Rosemount,VFD-876,,
SMAR-0111,Gulf Coast Refinery,Crude Distillation Unit,Smart_Transmitter,Endress+Hauser,Smart_Transmitter-287,,
SMAR-0112,Gulf Coast Refinery,Fluid Catalytic Cracking,Smart_Transmitter,Yokogawa,Smart_Transmitter-927,,Smar-0112
SWIT-0113,Gulf Coast Refinery,Alkylation,Switch,Emerson,Switch-993,,Swit-0113
IP_C-0114,Gulf Coast Refinery,Reformer,IP_Camera,Siemens,IP_Camera-885,192.168.110.59,IP_C-0114
SWIT-0115,Gulf Coast Refinery,Reformer,Switch,Yokogawa,Switch-334,,Swit-0115
VFD-0116,Gulf Coast Refinery,Utilities,VFD,ABB,VFD-701,,
IP_C-0117,Gulf Coast Refinery,Control Room,IP_Camera,Endress+Hauser,IP_Camera-914,,
SMAR-0118,Gulf Coast Refinery,Reformer,Smart_Transmitter,Emerson,Smart_Transmitter-343,,
PROT-0119,Gulf Coast Refinery,Utilities,Protocol_Converter,Siemens,Protocol_Converter-320,192.168.242.26,
SMAR-0120,Gulf Coast Refinery,Alkylation,Smart_Transmitter,Yokogawa,Smart_Transmitter-450,,
SMAR-0121,Gulf Coast Refinery,Hydrotreater,Smart_Transmitter,Yokogawa,Smart_Transmitter-347,,
PROT-0122,Gulf Coast Refinery,Fluid Catalytic Cracking,Protocol_Converter,Siemens,Protocol_Converter-773,192.168.124.250,Prot-0122
SMAR-0123,Gulf Coast Refinery,Reformer,Smart_Transmitter,Emerson,Smart_Transmitter-382,,Smar-0123
IP_C-0124,Gulf Coast Refinery,Utilities,IP_Camera,Siemens,IP_Camera-944,192.168.68.225,
IP_C-0125,Gulf Coast Refinery,Alkylation,IP_Camera,Rosemount,IP_Camera-533,,
SMAR-0126,Gulf Coast Refinery,Fluid Catalytic Cracking,Smart_Transmitter,Schneider,Smart_Transmitter-541,192.168.212.128,
SAFE-0127,Gulf Coast Refinery,Hydrotreater,Safety_Controller,Schneider,Safety_Controller-326,192.168.60.81,Safe-0127
PROT-0128,Gulf Coast Refinery,Isomerization,Protocol_Converter,Siemens,Protocol_Converter-604,,
VFD-0129,Gulf Coast Refinery,Control Room,VFD,Endress+Hauser,VFD-702,,VFD-0129
SWIT-0130,Gulf Coast Refinery,Fluid Catalytic Cracking,Switch,Siemens,Switch-269,192.168.218.190,
SMAR-0131,Gulf Coast Refinery,Reformer,Smart_Transmitter,,,192.168.118.125,
SAFE-0132,Gulf Coast Refinery,Isomerization,Safety_Controller,Emerson,Safety_Controller-376,,
GATE-0133,Gulf Coast Refinery,Alkylation,Gateway,Rosemount,Gateway-803,,Gate-0133
SWIT-0134,Gulf Coast Refinery,Isomerization,Switch,Siemens,Switch-419,192.168.193.191,Swit-0134
SWIT-0135,Gulf Coast Refinery,Hydrocracker,Switch,Rosemount,Switch-708,192.168.207.55,Swit-0135
SAFE-0136,Gulf Coast Refinery,Crude Distillation Unit,Safety_Controller,ABB,Safety_Controller-735,,
IP_C-0137,Gulf Coast Refinery,Utilities,IP_Camera,ABB,IP_Camera-597,,
SMAR-0138,Gulf Coast Refinery,Hydrotreater,Smart_Transmitter,Schneider,Smart_Transmitter-347,192.168.214.42,
ANAL-0139,Gulf Coast Refinery,Coker Unit,Analyzer,Endress+Hauser,Analyzer-871,,Anal-0139
ANAL-0140,Gulf Coast Refinery,Isomerization,Analyzer,Emerson,Analyzer-903,,Anal-0140
PROT-0141,Gulf Coast Refinery,Crude Distillation Unit,Protocol_Converter,,,,
GATE-0142,Gulf Coast Refinery,Utilities,Gateway,,,192.168.78.19,Gate-0142
PROT-0143,Gulf Coast Refinery,Alkylation,Protocol_Converter,Schneider,Protocol_Converter-416,192.168.187.225,
SWIT-0144,Gulf Coast Refinery,Utilities,Switch,,,192.168.166.14,
SMAR-0145,Gulf Coast Refinery,Coker Unit,Smart_Transmitter,Rosemount,Smart_Transmitter-544,,Smar-0145
IP_C-0146,Gulf Coast Refinery,Alkylation,IP_Camera,Endress+Hauser,IP_Camera-722,192.168.77.189,
ANAL-0147,Gulf Coast Refinery,Tank Farm,Analyzer,ABB,Analyzer-104,192.168.247.240,Anal-0147
GATE-0148,Gulf Coast Refinery,Reformer,Gateway,ABB,Gateway-218,192.168.130.28,Gate-0148
PROT-0149,Gulf Coast Refinery,Hydrocracker,Protocol_Converter,,,,
SAFE-0150,Gulf Coast Refinery,Hydrocracker,Safety_Controller,Emerson,Safety_Controller-381,192.168.107.181,
VFD-0151,Gulf Coast Refinery,Crude Distillation Unit,VFD,Emerson,VFD-809,,
IP_C-0152,Gulf Coast Refinery,Reformer,IP_Camera,Siemens,IP_Camera-730,192.168.206.103,
VFD-0153,Gulf Coast Refinery,Utilities,VFD,Rosemount,VFD-208,192.168.189.68,
SMAR-0154,Gulf Coast Refinery,Isomerization,Smart_Transmitter,Emerson,Smart_Transmitter-165,192.168.77.149,Smar-0154
SWIT-0155,Gulf Coast Refinery,Utilities,Switch,Schneider,Switch-139,192.168.84.29,
ANAL-0156,Gulf Coast Refinery,Isomerization,Analyzer,Emerson,Analyzer-996,,
SWIT-0157,Gulf Coast Refinery,Reformer,Switch,,,192.168.29.146,
SMAR-0158,Gulf Coast Refinery,Tank Farm,Smart_Transmitter,Rosemount,Smart_Transmitter-848,,
SMAR-0159,Gulf Coast Refinery,Reformer,Smart_Transmitter,Emerson,Smart_Transmitter-322,,
IP_C-0160,Gulf Coast Refinery,Alkylation,IP_Camera,Emerson,IP_Camera-713,192.168.77.79,
SMAR-0161,Gulf Coast Refinery,Control Room,Smart_Transmitter,Emerson,Smart_Transmitter-477,,
GATE-0162,Gulf Coast Refinery,Reformer,Gateway,Siemens,Gateway-859,,
VFD-0163,Gulf Coast Refinery,Hydrocracker,VFD,ABB,VFD-788,192.168.165.77,VFD-0163
ANAL-0164,Gulf Coast Refinery,Reformer,Analyzer,Rosemount,Analyzer-561,192.168.79.189,Anal-0164
SMAR-0165,Gulf Coast Refinery,Crude Distillation Unit,Smart_Transmitter,Siemens,Smart_Transmitter-942,192.168.119.98,Smar-0165
SWIT-0166,Gulf Coast Refinery,Reformer,Switch,Siemens,Switch-736,,Swit-0166
IP_C-0167,Gulf Coast Refinery,Isomerization,IP_Camera,,,,
SAFE-0168,Gulf Coast Refinery,Utilities,Safety_Controller,Yokogawa,Safety_Controller-162,192.168.215.219,
ANAL-0169,Gulf Coast Refinery,Control Room,Analyzer,Siemens,Analyzer-197,,Anal-0169
SMAR-0170,Gulf Coast Refinery,Loading,Smart_Transmitter,Emerson,Smart_Transmitter-549,,
ANAL-0171,Gulf Coast Refinery,Coker Unit,Analyzer,ABB,Analyzer-983,192.168.156.71,
VFD-0172,Gulf Coast Refinery,Alkylation,VFD,Siemens,VFD-423,,VFD-0172
SWIT-0173,Gulf Coast Refinery,Loading,Switch,Schneider,Switch-170,192.168.33.84,
SAFE-0174,Gulf Coast Refinery,Hydrocracker,Safety_Controller,Siemens,Safety_Controller-436,,
SAFE-0175,Gulf Coast Refinery,Fluid Catalytic Cracking,Safety_Controller,Rosemount,Safety_Controller-210,192.168.79.217,
XMTR-00176,Gulf Coast Refinery,Control Room,Pressure_Sensor,Fisher,,,
XMTR-00177,Gulf Coast Refinery,Tank Farm,Temperature_Transmitter,,,,
XMTR-00178,Gulf Coast Refinery,Tank Farm,Thermocouple,Yokogawa,,,
XMTR-00179,Gulf Coast Refinery,Tank Farm,Pressure_Transmitter,Rosemount,,,
XMTR-00180,Gulf Coast Refinery,Coker Unit,Pressure_Transmitter,Rosemount,,,
XMTR-00181,Gulf Coast Refinery,Isomerization,Pressure_Transmitter,,,,
XMTR-00182,Gulf Coast Refinery,Fluid Catalytic Cracking,Analog_Valve,Emerson,,,
XMTR-00183,Gulf Coast Refinery,Crude Distillation Unit,Pressure_Transmitter,Rosemount,,,
XMTR-00184,Gulf Coast Refinery,Utilities,Level_Transmitter,Fisher,,,
XMTR-00185,Gulf Coast Refinery,Loading,Level_Transmitter,,,,
XMTR-00186,Gulf Coast Refinery,Reformer,Temperature_Transmitter,Rosemount,,,
XMTR-00187,Gulf Coast Refinery,Alkylation,Thermocouple,Rosemount,,,
XMTR-00188,Gulf Coast Refinery,Control Room,Pressure_Transmitter,Yokogawa,,,
XMTR-00189,Gulf Coast Refinery,Loading,Thermocouple,Emerson,,,
XMTR-00190,Gulf Coast Refinery,Hydrocracker,4-20mA,,,,
XMTR-00191,Gulf Coast Refinery,Hydrocracker,Thermocouple,Yokogawa,,,
XMTR-00192,Gulf Coast Refinery,Utilities,Control_Valve,Fisher,,,
XMTR-00193,Gulf Coast Refinery,Isomerization,Pressure_Sensor,,,,
XMTR-00194,Gulf Coast Refinery,Hydrocracker,Temperature_Transmitter,Fisher,,,
XMTR-00195,Gulf Coast Refinery,Loading,Flow_Transmitter,Rosemount,,,
XMTR-00196,Gulf Coast Refinery,Hydrotreater,Pressure_Transmitter,,,,
XMTR-00197,Gulf Coast Refinery,Reformer,4-20mA,,,,
XMTR-00198,Gulf Coast Refinery,Coker Unit,4-20mA,Fisher,,,
XMTR-00199,Gulf Coast Refinery,Hydrocracker,Flow_Transmitter,,,,
XMTR-00200,Gulf Coast Refinery,Crude Distillation Unit,Flow_Transmitter,Fisher,,,
XMTR-00201,Gulf Coast Refinery,Fluid Catalytic Cracking,Temperature_Transmitter,Yokogawa,,,
XMTR-00202,Gulf Coast Refinery,Tank Farm,Pressure_Transmitter,Rosemount,,,
XMTR-00203,Gulf Coast Refinery,Utilities,Control_Valve,,,,
XMTR-00204,Gulf Coast Refinery,Alkylation,Pressure_Sensor,Emerson,,,
XMTR-00205,Gulf Coast Refinery,Hydrotreater,Analog_Valve,,,,
XMTR-00206,Gulf Coast Refinery,Reformer,Pressure_Sensor,,,,
XMTR-00207,Gulf Coast Refinery,Crude Distillation Unit,Pressure_Transmitter,,,,
XMTR-00208,Gulf Coast Refinery,Isomerization,Pressure_Transmitter,,,,
XMTR-00209,Gulf Coast Refinery,Hydrotreater,Flow_Transmitter,,,,
XMTR-00210,Gulf Coast Refinery,Reformer,Analog_Valve,,,,
XMTR-00211,Gulf Coast Refinery,Hydrocracker,Flow_Transmitter,,,,
XMTR-00212,Gulf Coast Refinery,Crude Distillation Unit,Temperature_Transmitter,,,,
XMTR-00213,Gulf Coast Refinery,Reformer,4-20mA,Fisher,,,
XMTR-00214,Gulf Coast Refinery,Loading,Analog_Valve,Emerson,,,
XMTR-00215,Gulf Coast Refinery,Control Room,Analog_Valve,,,,
XMTR-00216,Gulf Coast Refinery,Fluid Catalytic Cracking,Pressure_Transmitter,Rosemount,,,
XMTR-00217,Gulf Coast Refinery,Reformer,4-20mA,,,,
XMTR-00218,Gulf Coast Refinery,Control Room,Analog_Valve,,,,
XMTR-00219,Gulf Coast Refinery,Loading,Level_Transmitter,Fisher,,,
XMTR-00220,Gulf Coast Refinery,Utilities,Temperature_Transmitter,Yokogawa,,,
XMTR-00221,Gulf Coast Refinery,Alkylation,Pressure_Transmitter,,,,
XMTR-00222,Gulf Coast Refinery,Tank Farm,Pressure_Sensor,Emerson,,,
XMTR-00223,Gulf Coast Refinery,Fluid Catalytic Cracking,Flow_Transmitter,,,,
XMTR-00224,Gulf Coast Refinery,Alkylation,Pressure_Sensor,Yokogawa,,,
XMTR-00225,Gulf Coast Refinery,Control Room,Thermocouple,,,,
XMTR-00226,Gulf Coast Refinery,Coker Unit,Control_Valve,Rosemount,,,
XMTR-00227,Gulf Coast Refinery,Control Room,4-20mA,,,,
XMTR-00228,Gulf Coast Refinery,Utilities,Temperature_Transmitter,,,,
XMTR-00229,Gulf Coast Refinery,Fluid Catalytic Cracking,Pressure_Transmitter,Fisher,,,
XMTR-00230,Gulf Coast Refinery,Control Room,Level_Transmitter,,,,
XMTR-00231,Gulf Coast Refinery,Fluid Catalytic Cracking,4-20mA,Yokogawa,,,
XMTR-00232,Gulf Coast Refinery,Coker Unit,Analog_Valve,,,,
XMTR-00233,Gulf Coast Refinery,Crude Distillation Unit,Pressure_Transmitter,Fisher,,,
XMTR-00234,Gulf Coast Refinery,Isomerization,Level_Transmitter,Rosemount,,,
XMTR-00235,Gulf Coast Refinery,Alkylation,Control_Valve,,,,
XMTR-00236,Gulf Coast Refinery,Hydrotreater,Pressure_Transmitter,Fisher,,,
XMTR-00237,Gulf Coast Refinery,Crude Distillation Unit,Control_Valve,Rosemount,,,
XMTR-00238,Gulf Coast Refinery,Crude Distillation Unit,Level_Transmitter,,,,
XMTR-00239,Gulf Coast Refinery,Isomerization,Pressure_Transmitter,,,,
XMTR-00240,Gulf Coast Refinery,Reformer,Control_Valve,,,,
XMTR-00241,Gulf Coast Refinery,Crude Distillation Unit,Control_Valve,,,,
XMTR-00242,Gulf Coast Refinery,Isomerization,Control_Valve,,,,
XMTR-00243,Gulf Coast Refinery,Control Room,Temperature_Transmitter,Emerson,,,
XMTR-00244,Gulf Coast Refinery,Coker Unit,4-20mA,Yokogawa,,,
XMTR-00245,Gulf Coast Refinery,Coker Unit,Level_Transmitter,,,,
XMTR-00246,Gulf Coast Refinery,Fluid Catalytic Cracking,Pressure_Sensor,Emerson,,,
XMTR-00247,Gulf Coast Refinery,Alkylation,Temperature_Transmitter,Emerson,,,
XMTR-00248,Gulf Coast Refinery,Tank Farm,Pressure_Transmitter,,,,
XMTR-00249,Gulf Coast Refinery,Loading,Flow_Transmitter,Rosemount,,,
XMTR-00250,Gulf Coast Refinery,Reformer,Thermocouple,,,,
XMTR-00251,Gulf Coast Refinery,Reformer,4-20mA,Emerson,,,
XMTR-00252,Gulf Coast Refinery,Hydrotreater,Pressure_Transmitter,Emerson,,,
XMTR-00253,Gulf Coast Refinery,Crude Distillation Unit,Thermocouple,Emerson,,,
XMTR-00254,Gulf Coast Refinery,Crude Distillation Unit,Analog_Valve,,,,
XMTR-00255,Gulf Coast Refinery,Crude Distillation Unit,Control_Valve,,,,
XMTR-00256,Gulf Coast Refinery,Utilities,Analog_Valve,,,,
XMTR-00257,Gulf Coast Refinery,Coker Unit,Flow_Transmitter,Fisher,,,
XMTR-00258,Gulf Coast Refinery,Alkylation,Control_Valve,Emerson,,,
XMTR-00259,Gulf Coast Refinery,Tank Farm,4-20mA,Fisher,,,
XMTR-00260,Gulf Coast Refinery,Control Room,Flow_Transmitter,Fisher,,,
XMTR-00261,Gulf Coast Refinery,Reformer,Thermocouple,,,,
XMTR-00262,Gulf Coast Refinery,Reformer,Temperature_Transmitter,Rosemount,,,
XMTR-00263,Gulf Coast Refinery,Hydrotreater,Level_Transmitter,,,,
XMTR-00264,Gulf Coast Refinery,Tank Farm,Control_Valve,,,,
XMTR-00265,Gulf Coast Refinery,Tank Farm,Level_Transmitter,Rosemount,,,
XMTR-00266,Gulf Coast Refinery,Hydrocracker,Temperature_Transmitter,Fisher,,,
XMTR-00267,Gulf Coast Refinery,Fluid Catalytic Cracking,4-20mA,Emerson,,,
XMTR-00268,Gulf Coast Refinery,Alkylation,4-20mA,,,,
XMTR-00269,Gulf Coast Refinery,Crude Distillation Unit,Flow_Transmitter,,,,
XMTR-00270,Gulf Coast Refinery,Control Room,Control_Valve,,,,
XMTR-00271,Gulf Coast Refinery,Hydrotreater,Analog_Valve,,,,
XMTR-00272,Gulf Coast Refinery,Hydrotreater,Pressure_Transmitter,Fisher,,,
XMTR-00273,Gulf Coast Refinery,Hydrocracker,Flow_Transmitter,Emerson,,,
XMTR-00274,Gulf Coast Refinery,Crude Distillation Unit,Control_Valve,Fisher,,,
XMTR-00275,Gulf Coast Refinery,Loading,Temperature_Transmitter,,,,
XMTR-00276,Gulf Coast Refinery,Fluid Catalytic Cracking,Pressure_Transmitter,Rosemount,,,
XMTR-00277,Gulf Coast Refinery,Tank Farm,Pressure_Sensor,Fisher,,,
XMTR-00278,Gulf Coast Refinery,Crude Distillation Unit,Level_Transmitter,,,,
XMTR-00279,Gulf Coast Refinery,Crude Distillation Unit,Temperature_Transmitter,Emerson,,,
XMTR-00280,Gulf Coast Refinery,Alkylation,Thermocouple,,,,
XMTR-00281,Gulf Coast Refinery,Coker Unit,Pressure_Sensor,Rosemount,,,
XMTR-00282,Gulf Coast Refinery,Utilities,4-20mA,,,,
XMTR-00283,Gulf Coast Refinery,Control Room,Thermocouple,,,,
XMTR-00284,Gulf Coast Refinery,Loading,Analog_Valve,,,,
XMTR-00285,Gulf Coast Refinery,Crude Distillation Unit,Temperature_Transmitter,Fisher,,,
XMTR-00286,Gulf Coast Refinery,Hydrocracker,Level_Transmitter,,,,
XMTR-00287,Gulf Coast Refinery,Hydrocracker,Pressure_Transmitter,Fisher,,,
XMTR-00288,Gulf Coast Refinery,Isomerization,Thermocouple,Emerson,,,
XMTR-00289,Gulf Coast Refinery,Hydrocracker,Temperature_Transmitter,Fisher,,,
XMTR-00290,Gulf Coast Refinery,Hydrotreater,4-20mA,,,,
XMTR-00291,Gulf Coast Refinery,Reformer,Level_Transmitter,,,,
XMTR-00292,Gulf Coast Refinery,Reformer,Level_Transmitter,,,,
XMTR-00293,Gulf Coast Refinery,Fluid Catalytic Cracking,Flow_Transmitter,Emerson,,,
XMTR-00294,Gulf Coast Refinery,Reformer,Flow_Transmitter,Yokogawa,,,
XMTR-00295,Gulf Coast Refinery,Alkylation,4-20mA,Emerson,,,
XMTR-00296,Gulf Coast Refinery,Coker Unit,Analog_Valve,Fisher,,,
XMTR-00297,Gulf Coast Refinery,Control Room,Pressure_Sensor,,,,
XMTR-00298,Gulf Coast Refinery,Reformer,Thermocouple,Emerson,,,
XMTR-00299,Gulf Coast Refinery,Loading,Thermocouple,Yokogawa,,,
XMTR-00300,Gulf Coast Refinery,Alkylation,Pressure_Sensor,Yokogawa,,,
XMTR-00301,Gulf Coast Refinery,Crude Distillation Unit,Pressure_Sensor,Fisher,,,
XMTR-00302,Gulf Coast Refinery,Isomerization,Control_Valve,Emerson,,,
XMTR-00303,Gulf Coast Refinery,Tank Farm,Level_Transmitter,Rosemount,,,
XMTR-00304,Gulf Coast Refinery,Loading,4-20mA,Emerson,,,
XMTR-00305,Gulf Coast Refinery,Hydrotreater,Temperature_Transmitter,,,,
XMTR-00306,Gulf Coast Refinery,Isomerization,Pressure_Sensor,Emerson,,,
XMTR-00307,Gulf Coast Refinery,Tank Farm,Level_Transmitter,,,,
XMTR-00308,Gulf Coast Refinery,Hydrocracker,Pressure_Sensor,Yokogawa,,,
XMTR-00309,Gulf Coast Refinery,Alkylation,Level_Transmitter,,,,
XMTR-00310,Gulf Coast Refinery,Control Room,Pressure_Sensor,,,,
XMTR-00311,Gulf Coast Refinery,Control Room,Analog_Valve,Emerson,,,
XMTR-00312,Gulf Coast Refinery,Fluid Catalytic Cracking,Analog_Valve,,,,
XMTR-00313,Gulf Coast Refinery,Coker Unit,Flow_Transmitter,,,,
XMTR-00314,Gulf Coast Refinery,Control Room,Analog_Valve,Yokogawa,,,
XMTR-00315,Gulf Coast Refinery,Loading,Level_Transmitter,Emerson,,,
XMTR-00316,Gulf Coast Refinery,Tank Farm,Flow_Transmitter,Yokogawa,,,
XMTR-00317,Gulf Coast Refinery,Crude Distillation Unit,Level_Transmitter,Rosemount,,,
XMTR-00318,Gulf Coast Refinery,Isomerization,Analog_Valve,Rosemount,,,
XMTR-00319,Gulf Coast Refinery,Utilities,Temperature_Transmitter,Rosemount,,,
XMTR-00320,Gulf Coast Refinery,Reformer,Level_Transmitter,Rosemount,,,
XMTR-00321,Gulf Coast Refinery,Loading,Thermocouple,Fisher,,,
XMTR-00322,Gulf Coast Refinery,Tank Farm,Pressure_Transmitter,Yokogawa,,,
XMTR-00323,Gulf Coast Refinery,Alkylation,Temperature_Transmitter,Emerson,,,
XMTR-00324,Gulf Coast Refinery,Coker Unit,Analog_Valve,,,,
XMTR-00325,Gulf Coast Refinery,Utilities,Level_Transmitter,,,,
XMTR-00326,Gulf Coast Refinery,Alkylation,4-20mA,,,,
XMTR-00327,Gulf Coast Refinery,Fluid Catalytic Cracking,Temperature_Transmitter,,,,
XMTR-00328,Gulf Coast Refinery,Hydrocracker,Pressure_Sensor,Fisher,,,
XMTR-00329,Gulf Coast Refinery,Alkylation,Thermocouple,Fisher,,,
XMTR-00330,Gulf Coast Refinery,Fluid Catalytic Cracking,Pressure_Transmitter,Yokogawa,,,
XMTR-00331,Gulf Coast Refinery,Hydrotreater,Analog_Valve,Rosemount,,,
XMTR-00332,Gulf Coast Refinery,Tank Farm,Level_Transmitter,Emerson,,,
XMTR-00333,Gulf Coast Refinery,Hydrocracker,Level_Transmitter,,,,
XMTR-00334,Gulf Coast Refinery,Isomerization,4-20mA,Yokogawa,,,
XMTR-00335,Gulf Coast Refinery,Hydrotreater,Pressure_Sensor,Fisher,,,
XMTR-00336,Gulf Coast Refinery,Loading,4-20mA,Emerson,,,
XMTR-00337,Gulf Coast Refinery,Fluid Catalytic Cracking,Analog_Valve,,,,
XMTR-00338,Gulf Coast Refinery,Hydrocracker,4-20mA,,,,
XMTR-00339,Gulf Coast Refinery,Isomerization,Flow_Transmitter,Yokogawa,,,
XMTR-00340,Gulf Coast Refinery,Control Room,Temperature_Transmitter,Fisher,,,
XMTR-00341,Gulf Coast Refinery,Coker Unit,Analog_Valve,,,,
XMTR-00342,Gulf Coast Refinery,Utilities,4-20mA,Fisher,,,
XMTR-00343,Gulf Coast Refinery,Reformer,Pressure_Sensor,,,,
XMTR-00344,Gulf Coast Refinery,Tank Farm,Pressure_Transmitter,Yokogawa,,,
XMTR-00345,Gulf Coast Refinery,Hydrotreater,Flow_Transmitter,,,,
XMTR-00346,Gulf Coast Refinery,Coker Unit,Thermocouple,Rosemount,,,
XMTR-00347,Gulf Coast Refinery,Alkylation,Pressure_Sensor,Fisher,,,
XMTR-00348,Gulf Coast Refinery,Control Room,Control_Valve,Rosemount,,,
XMTR-00349,Gulf Coast Refinery,Tank Farm,Thermocouple,Rosemount,,,
XMTR-00350,Gulf Coast Refinery,Hydrocracker,Flow_Transmitter,Fisher,,,
XMTR-00351,Gulf Coast Refinery,Reformer,Pressure_Sensor,Fisher,,,
XMTR-00352,Gulf Coast Refinery,Control Room,Level_Transmitter,,,,
XMTR-00353,Gulf Coast Refinery,Loading,Temperature_Transmitter,Fisher,,,
XMTR-00354,Gulf Coast Refinery,Alkylation,Temperature_Transmitter,,,,
XMTR-00355,Gulf Coast Refinery,Reformer,Level_Transmitter,,,,
XMTR-00356,Gulf Coast Refinery,Utilities,Pressure_Sensor,Emerson,,,
XMTR-00357,Gulf Coast Refinery,Utilities,Flow_Transmitter,,,,
XMTR-00358,Gulf Coast Refinery,Isomerization,Flow_Transmitter,,,,
XMTR-00359,Gulf Coast Refinery,Isomerization,Level_Transmitter,Fisher,,,
XMTR-00360,Gulf Coast Refinery,Alkylation,4-20mA,Fisher,,,
XMTR-00361,Gulf Coast Refinery,Coker Unit,Thermocouple,,,,
XMTR-00362,Gulf Coast Refinery,Reformer,Temperature_Transmitter,Fisher,,,
XMTR-00363,Gulf Coast Refinery,Isomerization,Analog_Valve,,,,
XMTR-00364,Gulf Coast Refinery,Utilities,Flow_Transmitter,Rosemount,,,
XMTR-00365,Gulf Coast Refinery,Utilities,Control_Valve,Yokogawa,,,
XMTR-00366,Gulf Coast Refinery,Coker Unit,Thermocouple,Yokogawa,,,
XMTR-00367,Gulf Coast Refinery,Alkylation,Control_Valve,Emerson,,,
XMTR-00368,Gulf Coast Refinery,Utilities,4-20mA,Fisher,,,
XMTR-00369,Gulf Coast Refinery,Hydrocracker,Level_Transmitter,Emerson,,,
XMTR-00370,Gulf Coast Refinery,Hydrocracker,Analog_Valve,Fisher,,,
XMTR-00371,Gulf Coast Refinery,Coker Unit,Pressure_Sensor,Emerson,,,
XMTR-00372,Gulf Coast Refinery,Hydrotreater,Temperature_Transmitter,Yokogawa,,,
XMTR-00373,Gulf Coast Refinery,Coker Unit,Flow_Transmitter,Fisher,,,
XMTR-00374,Gulf Coast Refinery,Control Room,Level_Transmitter,Emerson,,,
XMTR-00375,Gulf Coast Refinery,Utilities,4-20mA,Yokogawa,,,
XMTR-00376,Gulf Coast Refinery,Coker Unit,Control_Valve,Emerson,,,
XMTR-00377,Gulf Coast Refinery,Fluid Catalytic Cracking,Control_Valve,Rosemount,,,
XMTR-00378,Gulf Coast Refinery,Utilities,Level_Transmitter,Emerson,,,
XMTR-00379,Gulf Coast Refinery,Tank Farm,Thermocouple,,,,
XMTR-00380,Gulf Coast Refinery,Reformer,Analog_Valve,Rosemount,,,
XMTR-00381,Gulf Coast Refinery,Tank Farm,Analog_Valve,Fisher,,,
XMTR-00382,Gulf Coast Refinery,Hydrotreater,Pressure_Sensor,,,,
XMTR-00383,Gulf Coast Refinery,Hydrotreater,4-20mA,Rosemount,,,
XMTR-00384,Gulf Coast Refinery,Hydrocracker,Analog_Valve,Fisher,,,
XMTR-00385,Gulf Coast Refinery,Hydrocracker,Flow_Transmitter,,,,
XMTR-00386,Gulf Coast Refinery,Utilities,Flow_Transmitter,Fisher,,,
XMTR-00387,Gulf Coast Refinery,Hydrocracker,4-20mA,Yokogawa,,,
XMTR-00388,Gulf Coast Refinery,Alkylation,4-20mA,,,,
XMTR-00389,Gulf Coast Refinery,Tank Farm,4-20mA,Yokogawa,,,
XMTR-00390,Gulf Coast Refinery,Hydrotreater,Level_Transmitter,Rosemount,,,
XMTR-00391,Gulf Coast Refinery,Hydrocracker,Pressure_Transmitter,Emerson,,,
XMTR-00392,Gulf Coast Refinery,Utilities,Pressure_Transmitter,Emerson,,,
XMTR-00393,Gulf Coast Refinery,Coker Unit,Analog_Valve,Yokogawa,,,
XMTR-00394,Gulf Coast Refinery,Fluid Catalytic Cracking,Flow_Transmitter,,,,
XMTR-00395,Gulf Coast Refinery,Hydrotreater,Flow_Transmitter,Fisher,,,
XMTR-00396,Gulf Coast Refinery,Control Room,Analog_Valve,Emerson,,,
XMTR-00397,Gulf Coast Refinery,Hydrocracker,Pressure_Transmitter,Fisher,,,
XMTR-00398,Gulf Coast Refinery,Fluid Catalytic Cracking,Temperature_Transmitter,,,,
XMTR-00399,Gulf Coast Refinery,Utilities,Temperature_Transmitter,Fisher,,,
XMTR-00400,Gulf Coast Refinery,Isomerization,Thermocouple,Fisher,,,
XMTR-00401,Gulf Coast Refinery,Hydrotreater,Temperature_Transmitter,Yokogawa,,,
XMTR-00402,Gulf Coast Refinery,Coker Unit,Analog_Valve,Rosemount,,,
XMTR-00403,Gulf Coast Refinery,Alkylation,Pressure_Transmitter,Rosemount,,,
XMTR-00404,Gulf Coast Refinery,Utilities,Flow_Transmitter,Fisher,,,
XMTR-00405,Gulf Coast Refinery,Loading,Flow_Transmitter,,,,
XMTR-00406,Gulf Coast Refinery,Alkylation,Flow_Transmitter,,,,
XMTR-00407,Gulf Coast Refinery,Reformer,Temperature_Transmitter,,,,
XMTR-00408,Gulf Coast Refinery,Hydrotreater,Analog_Valve,,,,
XMTR-00409,Gulf Coast Refinery,Loading,Pressure_Transmitter,,,,
XMTR-00410,Gulf Coast Refinery,Control Room,4-20mA,Rosemount,,,
XMTR-00411,Gulf Coast Refinery,Control Room,Temperature_Transmitter,,,,
XMTR-00412,Gulf Coast Refinery,Control Room,Control_Valve,Emerson,,,
XMTR-00413,Gulf Coast Refinery,Reformer,Thermocouple,Rosemount,,,
XMTR-00414,Gulf Coast Refinery,Alkylation,Level_Transmitter,Fisher,,,
XMTR-00415,Gulf Coast Refinery,Crude Distillation Unit,Level_Transmitter,,,,
XMTR-00416,Gulf Coast Refinery,Hydrotreater,Analog_Valve,Yokogawa,,,
XMTR-00417,Gulf Coast Refinery,Hydrotreater,Pressure_Transmitter,,,,
XMTR-00418,Gulf Coast Refinery,Crude Distillation Unit,Flow_Transmitter,Rosemount,,,
XMTR-00419,Gulf Coast Refinery,Control Room,Control_Valve,,,,
XMTR-00420,Gulf Coast Refinery,Hydrocracker,Analog_Valve,,,,
XMTR-00421,Gulf Coast Refinery,Hydrocracker,Pressure_Sensor,Rosemount,,,
XMTR-00422,Gulf Coast Refinery,Alkylation,Level_Transmitter,Fisher,,,
XMTR-00423,Gulf Coast Refinery,Tank Farm,Flow_Transmitter,,,,
XMTR-00424,Gulf Coast Refinery,Tank Farm,Temperature_Transmitter,,,,
XMTR-00425,Gulf Coast Refinery,Reformer,Temperature_Transmitter,Yokogawa,,,
XMTR-00426,Gulf Coast Refinery,Crude Distillation Unit,Pressure_Sensor,,,,
XMTR-00427,Gulf Coast Refinery,Utilities,Control_Valve,Fisher,,,
XMTR-00428,Gulf Coast Refinery,Reformer,Level_Transmitter,Fisher,,,
XMTR-00429,Gulf Coast Refinery,Control Room,Level_Transmitter,Rosemount,,,
XMTR-00430,Gulf Coast Refinery,Control Room,Pressure_Sensor,Yokogawa,,,
XMTR-00431,Gulf Coast Refinery,Utilities,Flow_Transmitter,,,,
XMTR-00432,Gulf Coast Refinery,Utilities,Pressure_Transmitter,,,,
XMTR-00433,Gulf Coast Refinery,Fluid Catalytic Cracking,Temperature_Transmitter,,,,
XMTR-00434,Gulf Coast Refinery,Control Room,4-20mA,Rosemount,,,
XMTR-00435,Gulf Coast Refinery,Control Room,Pressure_Sensor,Emerson,,,
XMTR-00436,Gulf Coast Refinery,Hydrocracker,Pressure_Transmitter,Emerson,,,
XMTR-00437,Gulf Coast Refinery,Hydrocracker,Temperature_Transmitter,Fisher,,,
XMTR-00438,Gulf Coast Refinery,Control Room,Level_Transmitter,Fisher,,,
XMTR-00439,Gulf Coast Refinery,Reformer,Flow_Transmitter,,,,
XMTR-00440,Gulf Coast Refinery,Utilities,4-20mA,,,,
XMTR-00441,Gulf Coast Refinery,Hydrocracker,Analog_Valve,Fisher,,,
XMTR-00442,Gulf Coast Refinery,Loading,Pressure_Sensor,,,,
XMTR-00443,Gulf Coast Refinery,Crude Distillation Unit,Pressure_Transmitter,Emerson,,,
XMTR-00444,Gulf Coast Refinery,Utilities,Flow_Transmitter,,,,
XMTR-00445,Gulf Coast Refinery,Isomerization,Pressure_Sensor,Yokogawa,,,
XMTR-00446,Gulf Coast Refinery,Hydrocracker,Thermocouple,Fisher,,,
XMTR-00447,Gulf Coast Refinery,Isomerization,Control_Valve,Fisher,,,
XMTR-00448,Gulf Coast Refinery,Isomerization,Thermocouple,Fisher,,,
XMTR-00449,Gulf Coast Refinery,Isomerization,Level_Transmitter,Fisher,,,
XMTR-00450,Gulf Coast Refinery,Crude Distillation Unit,Flow_Transmitter,Fisher,,,
XMTR-00451,Gulf Coast Refinery,Hydrocracker,Analog_Valve,Yokogawa,,,
XMTR-00452,Gulf Coast Refinery,Hydrotreater,Pressure_Sensor,Emerson,,,
XMTR-00453,Gulf Coast Refinery,Utilities,Pressure_Transmitter,Fisher,,,
XMTR-00454,Gulf Coast Refinery,Control Room,Control_Valve,,,,
XMTR-00455,Gulf Coast Refinery,Alkylation,Level_Transmitter,Fisher,,,
XMTR-00456,Gulf Coast Refinery,Loading,Analog_Valve,,,,
XMTR-00457,Gulf Coast Refinery,Fluid Catalytic Cracking,Level_Transmitter,,,,
XMTR-00458,Gulf Coast Refinery,Isomerization,Pressure_Sensor,Emerson,,,
XMTR-00459,Gulf Coast Refinery,Control Room,Flow_Transmitter,Fisher,,,
XMTR-00460,Gulf Coast Refinery,Fluid Catalytic Cracking,Thermocouple,Rosemount,,,
XMTR-00461,Gulf Coast Refinery,Tank Farm,Analog_Valve,Rosemount,,,
XMTR-00462,Gulf Coast Refinery,Isomerization,Pressure_Transmitter,Yokogawa,,,
XMTR-00463,Gulf Coast Refinery,Crude Distillation Unit,Analog_Valve,Emerson,,,
XMTR-00464,Gulf Coast Refinery,Reformer,Analog_Valve,,,,
XMTR-00465,Gulf Coast Refinery,Coker Unit,Pressure_Transmitter,Emerson,,,
XMTR-00466,Gulf Coast Refinery,Utilities,Thermocouple,Fisher,,,
XMTR-00467,Gulf Coast Refinery,Crude Distillation Unit,Control_Valve,,,,
XMTR-00468,Gulf Coast Refinery,Hydrotreater,Analog_Valve,,,,
XMTR-00469,Gulf Coast Refinery,Utilities,Level_Transmitter,Rosemount,,,
XMTR-00470,Gulf Coast Refinery,Hydrocracker,Pressure_Sensor,,,,
XMTR-00471,Gulf Coast Refinery,Coker Unit,Analog_Valve,,,,
XMTR-00472,Gulf Coast Refinery,Loading,Thermocouple,Emerson,,,
XMTR-00473,Gulf Coast Refinery,Control Room,4-20mA,Yokogawa,,,
XMTR-00474,Gulf Coast Refinery,Hydrocracker,Flow_Transmitter,Fisher,,,
XMTR-00475,Gulf Coast Refinery,Coker Unit,Thermocouple,Yokogawa,,,
XMTR-00476,Gulf Coast Refinery,Hydrotreater,Flow_Transmitter,Rosemount,,,
XMTR-00477,Gulf Coast Refinery,Control Room,Analog_Valve,,,,
XMTR-00478,Gulf Coast Refinery,Isomerization,Pressure_Sensor,,,,
XMTR-00479,Gulf Coast Refinery,Crude Distillation Unit,Flow_Transmitter,Yokogawa,,,
XMTR-00480,Gulf Coast Refinery,Isomerization,4-20mA,Fisher,,,
XMTR-00481,Gulf Coast Refinery,Hydrocracker,4-20mA,Yokogawa,,,
XMTR-00482,Gulf Coast Refinery,Hydrocracker,Analog_Valve,Emerson,,,
XMTR-00483,Gulf Coast Refinery,Isomerization,4-20mA,Emerson,,,
XMTR-00484,Gulf Coast Refinery,Isomerization,Level_Transmitter,Yokogawa,,,
XMTR-00485,Gulf Coast Refinery,Hydrocracker,Pressure_Transmitter,Fisher,,,
XMTR-00486,Gulf Coast Refinery,Hydrocracker,4-20mA,,,,
XMTR-00487,Gulf Coast Refinery,Utilities,Flow_Transmitter,Yokogawa,,,
XMTR-00488,Gulf Coast Refinery,Hydrotreater,4-20mA,Rosemount,,,
XMTR-00489,Gulf Coast Refinery,Loading,Level_Transmitter,,,,
XMTR-00490,Gulf Coast Refinery,Crude Distillation Unit,Pressure_Sensor,Emerson,,,
XMTR-00491,Gulf Coast Refinery,Hydrotreater,Pressure_Transmitter,Fisher,,,
XMTR-00492,Gulf Coast Refinery,Fluid Catalytic Cracking,Thermocouple,Fisher,,,
XMTR-00493,Gulf Coast Refinery,Tank Farm,Pressure_Transmitter,Fisher,,,
XMTR-00494,Gulf Coast Refinery,Coker Unit,Pressure_Sensor,Fisher,,,
XMTR-00495,Gulf Coast Refinery,Isomerization,Flow_Transmitter,Fisher,,,
XMTR-00496,Gulf Coast Refinery,Coker Unit,Thermocouple,,,,
XMTR-00497,Gulf Coast Refinery,Hydrocracker,Flow_Transmitter,Fisher,,,
XMTR-00498,Gulf Coast Refinery,Hydrotreater,Flow_Transmitter,Fisher,,,
XMTR-00499,Gulf Coast Refinery,Reformer,Control_Valve,,,,
XMTR-00500,Gulf Coast Refinery,Hydrocracker,Analog_Valve,Rosemount,,,