tag_id,plant,unit,instrument_type,timestamp,uptime_pct,alarm_count,power_output,voltage,frequency,grid_stability,environmental_compliance
"GEN-001","Pacific Power","Generation Unit","RTU","2025-10-24T04:22:45.004Z","95","4","991","125","59","99","99"
"GEN-003","Pacific Power","Generation Unit","IED","2025-10-24T11:26:36.436Z","90","4","237","155","60","95","99"
"GEN-004","Pacific Power","Generation Unit","Grid Controller","2025-10-24T16:33:12.621Z","96","0","148","101","60","81","94"
"GEN-005","Pacific Power","Generation Unit","EMS","2025-10-24T07:30:06.998Z","92","2","679","111","60","84","96"
"GEN-006","Pacific Power","Generation Unit","SCADA","2025-10-24T16:20:21.530Z","99","0","260","119","60","85","95"
"GEN-007","Pacific Power","Generation Unit","RTU","2025-10-24T00:23:01.045Z","96","1","895","160","60","85","90"
"GEN-008","Pacific Power","Generation Unit","Arc Flash Monitor","2025-10-24T11:49:43.351Z","97","3","392","157","59","94","92"
"GEN-009","Pacific Power","Generation Unit","DMS","2025-10-24T00:10:19.111Z","90","3","598","155","60","83","91"
"GEN-010","Pacific Power","Generation Unit","Grid Controller","2025-10-24T16:25:13.703Z","96","3","956","154","59","80","91"
"GEN-011","Pacific Power","Generation Unit","RTU","2025-10-24T01:21:56.716Z","97","1","430","187","60","88","98"
"GEN-013","Pacific Power","Generation Unit","Environmental Monitor","2025-10-24T17:44:52.591Z","95","1","1012","130","60","99","98"
"GEN-015","Pacific Power","Generation Unit","SCADA","2025-10-24T09:48:50.090Z","97","1","992","161","59","97","91"
"GEN-016","Pacific Power","Generation Unit","Protection Relay","2025-10-23T23:46:33.654Z","97","3","274","164","60","99","96"
"GEN-017","Pacific Power","Generation Unit","DMS","2025-10-24T06:48:04.251Z","95","3","847","153","59","92","95"
"GEN-018","Pacific Power","Generation Unit","EMS","2025-10-24T03:21:00.047Z","92","1","927","178","60","82","95"
"GEN-019","Pacific Power","Generation Unit","IED","2025-10-24T16:33:37.572Z","96","0","483","175","60","87","92"
"GEN-022","Pacific Power","Generation Unit","HMI","2025-10-23T22:41:24.404Z","98","0","129","154","60","99","90"
"GEN-023","Pacific Power","Generation Unit","EMS","2025-10-24T05:22:08.732Z","95","3","150","188","60","97","95"
"GEN-025","Pacific Power","Generation Unit","Arc Flash Monitor","2025-10-24T00:37:46.365Z","94","2","413","143","59","90","92"
"GEN-026","Pacific Power","Generation Unit","DMS","2025-10-23T18:17:03.031Z","96","0","494","195","60","89","91"
"GEN-027","Pacific Power","Generation Unit","IED","2025-10-24T04:41:35.651Z","95","0","304","125","59","92","92"
"GEN-028","Pacific Power","Generation Unit","Environmental Monitor","2025-10-23T18:28:01.472Z","99","2","443","193","59","93","91"
"GEN-029","Pacific Power","Generation Unit","DMS","2025-10-23T19:57:57.401Z","95","1","620","143","60","84","98"
"GEN-030","Pacific Power","Generation Unit","IED","2025-10-24T07:21:51.672Z","96","0","442","187","60","90","90"
"GEN-032","Pacific Power","Generation Unit","DMS","2025-10-24T13:41:15.993Z","91","4","567","177","60","84","90"
"GEN-035","Pacific Power","Generation Unit","Grid Controller","2025-10-23T21:22:50.053Z","90","1","1073","150","59","98","91"
"GEN-036","Pacific Power","Generation Unit","Protection Relay","2025-10-24T08:04:30.370Z","96","4","554","140","59","92","99"
"GEN-039","Pacific Power","Generation Unit","EMS","2025-10-23T22:26:36.744Z","99","2","526","128","59","82","99"
"GEN-040","Pacific Power","Generation Unit","Grid Controller","2025-10-23T21:39:41.495Z","93","4","429","158","60","94","97"
"GEN-041","Pacific Power","Generation Unit","RTU","2025-10-24T01:06:53.698Z","97","2","1046","160","60","93","98"
"GEN-042","Pacific Power","Generation Unit","EMS","2025-10-24T03:28:39.858Z","97","2","470","126","60","92","93"
"GEN-043","Pacific Power","Generation Unit","Grid Controller","2025-10-24T11:12:58.156Z","93","4","1090","106","59","94","95"
"GEN-044","Pacific Power","Generation Unit","SCADA","2025-10-24T08:17:32.267Z","99","4","348","194","59","89","90"
"GEN-045","Pacific Power","Generation Unit","RTU","2025-10-23T23:29:03.925Z","93","4","577","172","59","88","92"
"TRA-006","Pacific Power","Transmission","Arc Flash Monitor","2025-10-23T21:46:41.017Z","91","1","1026","187","59","98","93"
"TRA-007","Pacific Power","Transmission","EMS","2025-10-24T11:43:26.495Z","94","0","922","129","60","98","94"
"TRA-008","Pacific Power","Transmission","Arc Flash Monitor","2025-10-24T15:18:12.760Z","91","3","314","110","60","83","93"
"TRA-009","Pacific Power","Transmission","Protection Relay","2025-10-24T18:07:51.700Z","90","1","529","140","59","84","91"
"TRA-010","Pacific Power","Transmission","Grid Controller","2025-10-24T14:48:09.757Z","92","3","1089","155","59","99","91"
"TRA-011","Pacific Power","Transmission","Grid Controller","2025-10-24T08:30:26.376Z","92","3","743","136","60","95","98"
"TRA-015","Pacific Power","Transmission","EMS","2025-10-23T23:57:43.160Z","98","3","540","184","59","95","96"
"TRA-018","Pacific Power","Transmission","Environmental Monitor","2025-10-24T03:41:14.570Z","92","2","402","145","60","87","97"
"TRA-020","Pacific Power","Transmission","Arc Flash Monitor","2025-10-24T17:38:47.069Z","94","4","823","123","59","98","91"
"TRA-021","Pacific Power","Transmission","EMS","2025-10-23T19:10:55.362Z","98","3","460","160","60","87","90"
"TRA-022","Pacific Power","Transmission","IED","2025-10-24T00:38:08.856Z","97","3","981","104","60","84","90"
"TRA-023","Pacific Power","Transmission","Protection Relay","2025-10-23T22:01:25.618Z","97","4","388","127","59","90","96"
"TRA-024","Pacific Power","Transmission","HMI","2025-10-24T05:28:12.773Z","91","4","475","147","59","96","93"
"TRA-026","Pacific Power","Transmission","Grid Controller","2025-10-24T01:12:50.752Z","98","0","433","137","60","99","93"
"TRA-027","Pacific Power","Transmission","EMS","2025-10-24T06:26:42.262Z","96","4","407","153","60","80","95"
"DIS-001","Pacific Power","Distribution","EMS","2025-10-24T01:16:20.796Z","95","2","962","103","59","85","97"
"DIS-002","Pacific Power","Distribution","RTU","2025-10-23T23:16:17.736Z","99","3","310","105","60","94","94"
"DIS-003","Pacific Power","Distribution","Arc Flash Monitor","2025-10-23T20:28:22.878Z","99","2","855","130","60","91","94"
"DIS-004","Pacific Power","Distribution","Arc Flash Monitor","2025-10-24T03:48:12.425Z","96","1","598","168","60","93","93"
"DIS-005","Pacific Power","Distribution","EMS","2025-10-23T23:17:10.943Z","90","1","698","149","60","82","98"
"DIS-007","Pacific Power","Distribution","Environmental Monitor","2025-10-23T19:40:18.815Z","97","2","867","179","60","96","96"
"DIS-008","Pacific Power","Distribution","Grid Controller","2025-10-24T14:53:44.656Z","90","0","995","154","59","96","97"
"DIS-009","Pacific Power","Distribution","IED","2025-10-24T12:27:02.117Z","93","3","668","148","59","94","94"
"DIS-011","Pacific Power","Distribution","SCADA","2025-10-24T05:43:43.190Z","92","0","498","156","59","80","95"
"DIS-012","Pacific Power","Distribution","Environmental Monitor","2025-10-24T09:28:22.382Z","98","2","575","141","60","87","98"
"DIS-013","Pacific Power","Distribution","DMS","2025-10-23T19:59:39.739Z","95","0","348","174","59","89","92"
"DIS-014","Pacific Power","Distribution","EMS","2025-10-24T08:49:13.110Z","93","4","1090","149","59","83","91"
"DIS-015","Pacific Power","Distribution","IED","2025-10-24T12:21:43.874Z","98","0","510","127","60","86","94"
"DIS-016","Pacific Power","Distribution","IED","2025-10-24T13:42:58.038Z","93","0","387","155","60","94","92"
"DIS-018","Pacific Power","Distribution","EMS","2025-10-24T02:01:46.062Z","98","2","426","108","59","88","91"
"DIS-019","Pacific Power","Distribution","Grid Controller","2025-10-24T06:02:02.249Z","93","2","336","195","59","84","90"
"DIS-020","Pacific Power","Distribution","SCADA","2025-10-24T15:44:27.794Z","95","3","1003","193","60","87","97"
"DIS-021","Pacific Power","Distribution","Protection Relay","2025-10-23T20:27:45.196Z","91","2","753","151","59","99","97"
"DIS-023","Pacific Power","Distribution","Grid Controller","2025-10-24T06:55:31.547Z","99","1","713","152","60","96","97"
"DIS-028","Pacific Power","Distribution","Environmental Monitor","2025-10-24T10:37:53.809Z","96","0","422","136","59","88","92"
"DIS-029","Pacific Power","Distribution","Grid Controller","2025-10-24T00:36:02.905Z","97","4","859","149","59","89","99"
"DIS-030","Pacific Power","Distribution","IED","2025-10-23T20:18:41.128Z","92","3","798","132","60","94","99"
"DIS-032","Pacific Power","Distribution","EMS","2025-10-23T20:44:21.449Z","92","0","443","196","59","99","97"
"DIS-034","Pacific Power","Distribution","Grid Controller","2025-10-24T17:05:56.045Z","95","2","599","163","60","90","93"
"DIS-035","Pacific Power","Distribution","IED","2025-10-24T14:12:59.456Z","95","4","607","191","59","92","94"
"DIS-036","Pacific Power","Distribution","EMS","2025-10-23T22:59:34.025Z","93","1","232","152","59","82","95"
"DIS-037","Pacific Power","Distribution","Arc Flash Monitor","2025-10-24T00:53:57.577Z","98","3","135","151","60","88","96"
"DIS-038","Pacific Power","Distribution","SCADA","2025-10-23T20:15:08.790Z","96","3","954","181","60","98","98"
"DIS-041","Pacific Power","Distribution","IED","2025-10-23T21:39:13.155Z","93","4","992","170","60","97","91"
"DIS-044","Pacific Power","Distribution","DMS","2025-10-24T03:42:57.155Z","94","0","905","147","59","84","92"
"DIS-045","Pacific Power","Distribution","SCADA","2025-10-24T12:25:54.245Z","98","2","1014","186","59","93","90"
"DIS-046","Pacific Power","Distribution","HMI","2025-10-24T09:32:08.276Z","99","2","576","182","60","86","92"
"DIS-047","Pacific Power","Distribution","SCADA","2025-10-23T20:08:04.651Z","95","1","483","113","60","91","91"
"DIS-048","Pacific Power","Distribution","RTU","2025-10-24T17:19:09.107Z","90","2","508","149","60","84","98"
"DIS-049","Pacific Power","Distribution","IED","2025-10-24T11:01:49.501Z","92","2","725","136","60","87","97"
"DIS-050","Pacific Power","Distribution","Grid Controller","2025-10-24T08:17:51.163Z","93","4","839","168","60","90","94"
"DIS-051","Pacific Power","Distribution","IED","2025-10-24T11:28:11.143Z","91","2","566","135","60","90","99"
"DIS-053","Pacific Power","Distribution","EMS","2025-10-24T09:43:17.363Z","90","1","260","101","59","85","90"
"DIS-054","Pacific Power","Distribution","RTU","2025-10-24T05:46:06.120Z","97","3","298","192","60","84","98"
"DIS-056","Pacific Power","Distribution","EMS","2025-10-23T21:28:02.534Z","92","3","899","119","59","99","90"
"DIS-057","Pacific Power","Distribution","Protection Relay","2025-10-23T23:43:25.081Z","96","0","120","122","59","91","91"
"DIS-058","Pacific Power","Distribution","Arc Flash Monitor","2025-10-24T14:08:50.709Z","92","0","390","125","60","94","93"
"DIS-060","Pacific Power","Distribution","Arc Flash Monitor","2025-10-23T19:27:32.899Z","94","1","984","150","59","81","96"
"DIS-061","Pacific Power","Distribution","Protection Relay","2025-10-24T00:06:36.286Z","90","0","793","129","59","87","95"
"DIS-062","Pacific Power","Distribution","HMI","2025-10-23T22:28:48.957Z","98","2","587","138","59","91","90"
"DIS-063","Pacific Power","Distribution","SCADA","2025-10-24T02:43:26.196Z","90","1","564","126","60","91","91"
"DIS-064","Pacific Power","Distribution","RTU","2025-10-24T06:49:51.244Z","94","0","651","141","60","88","94"
"DIS-065","Pacific Power","Distribution","Protection Relay","2025-10-24T11:49:52.377Z","94","2","474","114","59","96","91"
"DIS-066","Pacific Power","Distribution","Grid Controller","2025-10-24T15:02:56.802Z","96","0","624","171","59","99","99"
"CON-002","Pacific Power","Control Center","EMS","2025-10-24T18:04:50.716Z","92","2","269","147","59","98","97"
"CON-004","Pacific Power","Control Center","IED","2025-10-24T12:58:22.771Z","98","2","682","198","60","81","94"
"CON-006","Pacific Power","Control Center","IED","2025-10-23T21:47:27.152Z","92","1","512","172","60","80","97"
"CON-007","Pacific Power","Control Center","Grid Controller","2025-10-23T23:57:38.832Z","92","4","413","115","60","90","94"
"CON-009","Pacific Power","Control Center","RTU","2025-10-24T16:57:20.495Z","91","1","179","121","59","99","99"
"CON-010","Pacific Power","Control Center","IED","2025-10-23T21:31:19.377Z","90","1","738","108","60","88","96"
"CON-011","Pacific Power","Control Center","HMI","2025-10-24T15:07:17.076Z","90","2","195","154","60","92","99"
"CON-012","Pacific Power","Control Center","IED","2025-10-23T19:39:27.993Z","93","4","219","134","60","94","91"
"CON-014","Pacific Power","Control Center","EMS","2025-10-23T22:25:40.268Z","97","0","809","184","59","89","94"
"CON-015","Pacific Power","Control Center","Protection Relay","2025-10-24T01:50:35.208Z","92","4","673","149","59","84","90"
"CON-016","Pacific Power","Control Center","EMS","2025-10-24T06:34:22.239Z","97","4","1062","109","59","96","96"
"CON-017","Pacific Power","Control Center","SCADA","2025-10-24T02:21:18.521Z","95","1","581","133","59","82","97"
"CON-018","Pacific Power","Control Center","IED","2025-10-24T13:35:24.115Z","96","3","712","156","59","95","92"
"CON-020","Pacific Power","Control Center","DMS","2025-10-24T02:44:32.409Z","94","4","1053","135","60","95","92"
"CON-021","Pacific Power","Control Center","SCADA","2025-10-24T13:34:47.377Z","94","2","615","118","60","93","99"
"CON-022","Pacific Power","Control Center","Grid Controller","2025-10-24T07:06:18.180Z","92","1","829","141","60","91","90"
"CON-026","Pacific Power","Control Center","Grid Controller","2025-10-24T13:40:03.893Z","96","4","691","184","59","97","94"
"CON-027","Pacific Power","Control Center","HMI","2025-10-23T18:23:38.172Z","90","1","206","162","59","84","94"
"CON-028","Pacific Power","Control Center","HMI","2025-10-24T17:04:29.938Z","97","3","793","168","59","89","96"
"CON-029","Pacific Power","Control Center","Grid Controller","2025-10-24T03:57:24.773Z","90","1","676","185","59","89","90"
"CON-030","Pacific Power","Control Center","EMS","2025-10-24T03:25:53.924Z","94","4","685","190","59","80","96"
"CON-031","Pacific Power","Control Center","SCADA","2025-10-24T14:37:36.190Z","92","0","930","168","59","90","93"
"CON-032","Pacific Power","Control Center","RTU","2025-10-24T11:53:00.794Z","94","3","1025","163","59","83","93"
"CON-033","Pacific Power","Control Center","Protection Relay","2025-10-24T11:09:09.610Z","96","4","199","150","59","95","95"
"CON-034","Pacific Power","Control Center","RTU","2025-10-24T08:39:13.501Z","97","0","463","191","59","93","93"
"CON-036","Pacific Power","Control Center","Environmental Monitor","2025-10-24T13:08:36.641Z","98","0","339","124","60","82","98"
"CON-039","Pacific Power","Control Center","Arc Flash Monitor","2025-10-24T06:47:15.074Z","96","3","607","174","59","95","94"
"CON-040","Pacific Power","Control Center","RTU","2025-10-24T08:38:37.026Z","95","0","258","102","59","86","92"
"CON-041","Pacific Power","Control Center","Arc Flash Monitor","2025-10-24T10:57:58.649Z","94","2","1074","183","60","92","97"
"CON-043","Pacific Power","Control Center","HMI","2025-10-24T15:14:27.961Z","94","2","517","176","59","90","95"
"CON-044","Pacific Power","Control Center","SCADA","2025-10-24T12:48:31.545Z","96","1","598","116","60","96","98"
"CON-046","Pacific Power","Control Center","Environmental Monitor","2025-10-24T01:03:01.537Z","94","4","167","193","59","99","93"
"CON-047","Pacific Power","Control Center","HMI","2025-10-24T14:57:39.404Z","91","1","403","147","59","83","99"
"CON-048","Pacific Power","Control Center","Protection Relay","2025-10-24T03:35:42.941Z","95","0","1081","199","59","88","99"
"CON-049","Pacific Power","Control Center","IED","2025-10-24T10:56:56.887Z","96","1","285","153","60","95","98"
"CON-050","Pacific Power","Control Center","Environmental Monitor","2025-10-24T09:40:48.129Z","92","2","211","104","60","80","91"
"CON-051","Pacific Power","Control Center","DMS","2025-10-24T06:50:05.977Z","91","2","568","133","59","96","98"
"SUB-003","Pacific Power","Substation","DMS","2025-10-24T05:39:10.136Z","98","1","162","175","60","92","97"
"SUB-004","Pacific Power","Substation","EMS","2025-10-24T15:22:31.567Z","92","1","671","118","59","90","90"
"SUB-005","Pacific Power","Substation","Arc Flash Monitor","2025-10-24T09:15:42.723Z","98","0","395","155","59","91","91"
"SUB-006","Pacific Power","Substation","Environmental Monitor","2025-10-24T02:17:32.189Z","92","0","380","130","60","85","98"
"SUB-009","Pacific Power","Substation","Environmental Monitor","2025-10-23T23:06:01.457Z","95","4","156","142","60","84","96"
"SUB-011","Pacific Power","Substation","SCADA","2025-10-23T22:36:14.130Z","92","3","226","111","60","90","97"
"SUB-013","Pacific Power","Substation","RTU","2025-10-23T22:21:01.945Z","94","4","193","101","60","82","95"
"SUB-014","Pacific Power","Substation","Arc Flash Monitor","2025-10-23T23:39:29.725Z","90","4","619","190","60","94","99"
"SUB-015","Pacific Power","Substation","EMS","2025-10-24T03:03:36.856Z","99","3","913","144","59","83","94"
"SUB-017","Pacific Power","Substation","Protection Relay","2025-10-24T01:13:03.469Z","98","0","1026","182","60","93","90"
"SUB-018","Pacific Power","Substation","IED","2025-10-24T17:30:49.452Z","93","2","848","110","59","87","98"
"SUB-019","Pacific Power","Substation","Environmental Monitor","2025-10-24T12:05:34.741Z","91","2","300","149","60","88","97"
"SUB-020","Pacific Power","Substation","EMS","2025-10-23T20:40:37.175Z","90","1","421","139","59","82","90"
"SUB-021","Pacific Power","Substation","Protection Relay","2025-10-24T02:26:48.928Z","95","2","195","107","59","88","90"
"SUB-023","Pacific Power","Substation","DMS","2025-10-24T00:49:08.342Z","96","1","773","191","60","84","96"
"SUB-025","Pacific Power","Substation","DMS","2025-10-24T18:00:23.984Z","92","4","298","145","59","95","97"
"SUB-026","Pacific Power","Substation","DMS","2025-10-24T17:11:00.751Z","96","2","712","149","59","89","91"
"SUB-030","Pacific Power","Substation","IED","2025-10-24T00:43:49.555Z","93","1","780","199","60","90","96"
"SUB-031","Pacific Power","Substation","HMI","2025-10-23T21:14:15.339Z","95","3","402","180","59","84","90"
"SUB-034","Pacific Power","Substation","DMS","2025-10-24T16:43:24.974Z","90","4","762","174","59","91","94"
"SUB-035","Pacific Power","Substation","Arc Flash Monitor","2025-10-24T14:25:05.189Z","93","3","724","122","59","96","99"
"SUB-038","Pacific Power","Substation","Environmental Monitor","2025-10-24T16:56:17.661Z","90","3","609","100","59","82","99"
"SUB-039","Pacific Power","Substation","EMS","2025-10-23T23:08:02.137Z","92","3","811","138","59","90","92"
"SUB-041","Pacific Power","Substation","Arc Flash Monitor","2025-10-24T08:46:14.020Z","99","4","203","127","59","83","93"
"SUB-042","Pacific Power","Substation","Protection Relay","2025-10-24T00:46:06.972Z","94","4","325","116","59","86","92"
"SUB-043","Pacific Power","Substation","RTU","2025-10-24T09:10:57.563Z","94","0","766","189","60","81","95"
"SUB-044","Pacific Power","Substation","HMI","2025-10-24T08:24:22.887Z","91","2","1090","129","59","95","91"
"SUB-045","Pacific Power","Substation","Protection Relay","2025-10-24T17:50:54.398Z","99","3","218","132","60","80","99"
"SUB-046","Pacific Power","Substation","EMS","2025-10-24T03:52:53.076Z","96","1","812","180","59","88","97"
"SUB-047","Pacific Power","Substation","Protection Relay","2025-10-24T10:09:29.241Z","94","4","298","100","60","92","94"
"SUB-048","Pacific Power","Substation","DMS","2025-10-24T09:05:34.826Z","90","3","408","169","60","92","97"
"SUB-049","Pacific Power","Substation","Grid Controller","2025-10-24T05:30:50.908Z","99","3","837","105","59","81","90"
"SUB-050","Pacific Power","Substation","Grid Controller","2025-10-24T03:08:31.490Z","97","3","516","150","60","80","98"
"SUB-052","Pacific Power","Substation","Arc Flash Monitor","2025-10-24T03:16:09.840Z","93","4","907","142","59","84","91"
"SUB-053","Pacific Power","Substation","IED","2025-10-24T12:44:58.253Z","94","1","703","179","59","92","90"
"SUB-054","Pacific Power","Substation","Arc Flash Monitor","2025-10-24T10:12:24.503Z","90","1","325","172","60","93","97"
"SUB-055","Pacific Power","Substation","DMS","2025-10-24T06:24:49.139Z","98","1","788","112","60","95","96"
"ENV-001","Pacific Power","Environmental Controls","SCADA","2025-10-23T21:29:49.724Z","95","4","312","139","60","89","97"
"ENV-002","Pacific Power","Environmental Controls","Protection Relay","2025-10-24T02:50:44.045Z","93","2","682","146","59","82","98"
"ENV-003","Pacific Power","Environmental Controls","EMS","2025-10-24T14:37:18.708Z","90","3","1085","102","60","94","94"
"ENV-004","Pacific Power","Environmental Controls","HMI","2025-10-24T02:03:05.805Z","95","3","285","162","59","98","98"
"ENV-005","Pacific Power","Environmental Controls","Protection Relay","2025-10-24T00:26:00.559Z","90","1","628","145","60","96","98"
"ENV-009","Pacific Power","Environmental Controls","EMS","2025-10-24T02:51:44.185Z","99","0","602","127","60","99","93"
"ENV-013","Pacific Power","Environmental Controls","Arc Flash Monitor","2025-10-24T16:39:40.714Z","92","3","480","156","60","96","94"
"ENV-015","Pacific Power","Environmental Controls","Grid Controller","2025-10-24T15:58:34.006Z","90","2","1011","167","60","84","95"
"ENV-016","Pacific Power","Environmental Controls","RTU","2025-10-24T16:45:53.606Z","97","3","788","125","60","89","98"
"ENV-017","Pacific Power","Environmental Controls","HMI","2025-10-24T09:05:48.816Z","93","3","1037","190","59","80","91"
"ENV-018","Pacific Power","Environmental Controls","Environmental Monitor","2025-10-24T11:33:39.609Z","97","2","254","140","59","97","94"
"ENV-019","Pacific Power","Environmental Controls","SCADA","2025-10-23T23:28:26.899Z","98","1","1026","188","60","95","95"
"ENV-020","Pacific Power","Environmental Controls","IED","2025-10-24T16:02:05.674Z","99","1","399","163","59","84","93"
"ENV-022","Pacific Power","Environmental Controls","SCADA","2025-10-24T10:31:35.541Z","92","1","791","153","59","97","97"
"ENV-025","Pacific Power","Environmental Controls","Grid Controller","2025-10-24T09:38:21.671Z","99","4","922","187","60","88","95"
"ENV-027","Pacific Power","Environmental Controls","SCADA","2025-10-24T08:11:36.043Z","94","1","452","101","60","88","95"
"ENV-028","Pacific Power","Environmental Controls","EMS","2025-10-24T00:39:26.410Z","90","3","779","178","59","95","93"
"ENV-030","Pacific Power","Environmental Controls","EMS","2025-10-24T14:20:53.860Z","98","0","101","122","60","91","97"
"ENV-032","Pacific Power","Environmental Controls","Environmental Monitor","2025-10-23T20:20:17.503Z","92","0","969","167","60","88","90"
"ENV-034","Pacific Power","Environmental Controls","Environmental Monitor","2025-10-24T12:15:00.803Z","90","2","832","123","59","92","93"
"ENV-037","Pacific Power","Environmental Controls","Protection Relay","2025-10-23T20:21:07.182Z","98","2","344","109","60","82","91"
"ENV-038","Pacific Power","Environmental Controls","Grid Controller","2025-10-24T09:32:28.732Z","93","3","219","175","59","96","98"
"ENV-040","Pacific Power","Environmental Controls","IED","2025-10-24T05:57:16.688Z","98","1","353","164","59","87","92"
"ENV-041","Pacific Power","Environmental Controls","Grid Controller","2025-10-24T06:42:48.704Z","97","2","1062","120","59","96","94"
"ENV-042","Pacific Power","Environmental Controls","Protection Relay","2025-10-23T20:06:22.822Z","98","3","222","152","60","84","97"
"ENV-043","Pacific Power","Environmental Controls","Environmental Monitor","2025-10-24T07:28:31.504Z","92","2","1014","105","60","95","97"
"ENV-044","Pacific Power","Environmental Controls","IED","2025-10-24T04:46:53.024Z","99","3","427","193","59","99","92"
"GEN-002","Midwest Electric","Generation Unit","Protection Relay","2025-10-24T14:25:16.565Z","90","2","360","117","59","98","90"
"GEN-003","Midwest Electric","Generation Unit","Arc Flash Monitor","2025-10-24T04:43:59.496Z","92","3","981","168","60","92","99"
"GEN-005","Midwest Electric","Generation Unit","DMS","2025-10-23T18:41:09.313Z","91","3","715","146","60","92","93"
"GEN-006","Midwest Electric","Generation Unit","EMS","2025-10-24T00:54:42.954Z","99","1","142","165","60","83","90"
"GEN-007","Midwest Electric","Generation Unit","SCADA","2025-10-24T10:44:42.449Z","97","3","702","190","59","80","98"
"GEN-008","Midwest Electric","Generation Unit","EMS","2025-10-24T12:10:09.668Z","90","0","459","112","60","81","99"
"GEN-012","Midwest Electric","Generation Unit","Arc Flash Monitor","2025-10-24T03:22:19.423Z","93","2","859","184","59","93","93"
"GEN-015","Midwest Electric","Generation Unit","DMS","2025-10-24T03:41:35.590Z","95","3","1034","173","60","82","96"
"GEN-016","Midwest Electric","Generation Unit","DMS","2025-10-24T15:40:52.219Z","90","0","855","191","60","80","92"
"GEN-018","Midwest Electric","Generation Unit","Grid Controller","2025-10-24T14:30:01.645Z","94","1","571","140","60","82","97"
"GEN-021","Midwest Electric","Generation Unit","RTU","2025-10-24T07:46:08.815Z","98","0","785","103","60","86","90"
"GEN-022","Midwest Electric","Generation Unit","Protection Relay","2025-10-23T21:26:39.107Z","98","0","217","197","60","86","92"
"GEN-023","Midwest Electric","Generation Unit","Environmental Monitor","2025-10-24T01:14:57.085Z","92","2","393","147","59","84","94"
"GEN-025","Midwest Electric","Generation Unit","Environmental Monitor","2025-10-24T00:15:18.423Z","98","0","324","123","60","93","96"
"GEN-026","Midwest Electric","Generation Unit","Arc Flash Monitor","2025-10-23T23:41:49.001Z","99","0","246","158","59","91","94"
"GEN-027","Midwest Electric","Generation Unit","Environmental Monitor","2025-10-24T14:51:44.421Z","96","0","318","188","59","85","94"
"GEN-028","Midwest Electric","Generation Unit","HMI","2025-10-23T18:28:35.252Z","96","1","566","155","60","87","98"
"GEN-029","Midwest Electric","Generation Unit","IED","2025-10-24T11:12:39.762Z","97","0","809","196","59","99","95"
"GEN-030","Midwest Electric","Generation Unit","Grid Controller","2025-10-24T01:09:24.537Z","99","2","848","158","60","96","96"
"GEN-031","Midwest Electric","Generation Unit","Environmental Monitor","2025-10-24T16:27:43.012Z","91","2","181","149","59","99","99"
"GEN-036","Midwest Electric","Generation Unit","EMS","2025-10-24T14:34:54.429Z","95","0","579","178","59","90","98"
"GEN-037","Midwest Electric","Generation Unit","DMS","2025-10-24T08:23:59.158Z","91","1","890","152","59","94","99"
"GEN-038","Midwest Electric","Generation Unit","RTU","2025-10-24T05:04:58.646Z","90","4","672","112","60","99","96"
"GEN-039","Midwest Electric","Generation Unit","IED","2025-10-24T11:58:59.954Z","98","3","574","181","60","86","90"
"GEN-040","Midwest Electric","Generation Unit","Protection Relay","2025-10-24T07:21:11.103Z","97","3","806","167","60","80","99"
"GEN-041","Midwest Electric","Generation Unit","SCADA","2025-10-24T04:36:25.941Z","98","0","805","178","60","87","97"
"GEN-043","Midwest Electric","Generation Unit","Environmental Monitor","2025-10-24T01:33:37.640Z","93","1","936","145","60","95","90"
"GEN-047","Midwest Electric","Generation Unit","Arc Flash Monitor","2025-10-23T22:18:18.744Z","99","0","347","110","59","95","92"
"GEN-049","Midwest Electric","Generation Unit","DMS","2025-10-23T23:55:59.801Z","91","0","152","122","60","98","97"
"GEN-050","Midwest Electric","Generation Unit","SCADA","2025-10-24T16:51:16.889Z","96","4","770","151","59","92","93"
"GEN-051","Midwest Electric","Generation Unit","SCADA","2025-10-23T21:11:13.918Z","95","4","924","110","59","85","97"
"GEN-052","Midwest Electric","Generation Unit","RTU","2025-10-23T18:22:30.399Z","98","2","186","152","60","82","90"
"GEN-053","Midwest Electric","Generation Unit","Environmental Monitor","2025-10-24T01:11:03.985Z","93","4","171","176","59","84","94"
"GEN-054","Midwest Electric","Generation Unit","HMI","2025-10-23T18:41:26.851Z","91","2","510","174","60","84","95"
"GEN-055","Midwest Electric","Generation Unit","SCADA","2025-10-24T18:01:42.234Z","90","0","1012","173","59","92","98"
"GEN-058","Midwest Electric","Generation Unit","IED","2025-10-24T05:04:51.269Z","95","0","873","152","60","87","97"
"GEN-061","Midwest Electric","Generation Unit","Grid Controller","2025-10-24T01:04:39.117Z","93","1","390","156","60","94","93"
"GEN-062","Midwest Electric","Generation Unit","Arc Flash Monitor","2025-10-23T21:29:02.377Z","92","2","410","157","60","91","95"
"GEN-065","Midwest Electric","Generation Unit","Arc Flash Monitor","2025-10-23T20:05:15.654Z","97","0","861","116","59","97","99"
"GEN-066","Midwest Electric","Generation Unit","HMI","2025-10-23T20:56:14.926Z","95","3","417","168","59","90","99"
"GEN-067","Midwest Electric","Generation Unit","SCADA","2025-10-24T03:45:18.490Z","90","0","848","160","60","89","97"
"GEN-068","Midwest Electric","Generation Unit","EMS","2025-10-24T15:29:00.634Z","96","3","493","144","59","86","99"
"GEN-069","Midwest Electric","Generation Unit","IED","2025-10-23T19:07:14.208Z","94","0","931","181","59","88","93"
"GEN-070","Midwest Electric","Generation Unit","RTU","2025-10-23T20:26:51.585Z","96","0","235","180","59","84","91"
"GEN-071","Midwest Electric","Generation Unit","DMS","2025-10-24T04:04:54.298Z","94","2","289","160","59","81","91"
"GEN-072","Midwest Electric","Generation Unit","SCADA","2025-10-23T20:34:39.958Z","99","3","126","191","59","96","93"
"GEN-074","Midwest Electric","Generation Unit","SCADA","2025-10-23T19:45:44.342Z","93","1","495","170","60","95","92"
"GEN-075","Midwest Electric","Generation Unit","Arc Flash Monitor","2025-10-24T02:33:23.755Z","99","0","439","106","60","84","96"
"GEN-076","Midwest Electric","Generation Unit","HMI","2025-10-24T16:53:17.562Z","97","0","705","192","60","88","98"
"TRA-002","Midwest Electric","Transmission","IED","2025-10-24T12:22:18.875Z","92","0","416","117","60","82","93"
"TRA-004","Midwest Electric","Transmission","Environmental Monitor","2025-10-24T14:50:51.936Z","99","3","358","149","59","96","93"
"TRA-005","Midwest Electric","Transmission","DMS","2025-10-24T08:42:20.424Z","96","2","351","112","60","92","92"
"TRA-010","Midwest Electric","Transmission","IED","2025-10-24T15:59:28.444Z","95","3","434","157","59","90","94"
"TRA-011","Midwest Electric","Transmission","Environmental Monitor","2025-10-24T10:45:51.880Z","92","1","206","141","59","92","96"
"TRA-012","Midwest Electric","Transmission","DMS","2025-10-24T13:41:50.232Z","98","1","1052","160","60","84","97"
"TRA-013","Midwest Electric","Transmission","Arc Flash Monitor","2025-10-24T03:36:51.146Z","90","4","544","182","60","83","96"
"TRA-014","Midwest Electric","Transmission","EMS","2025-10-24T00:31:51.225Z","96","3","991","148","60","96","97"
"TRA-015","Midwest Electric","Transmission","RTU","2025-10-23T19:59:50.388Z","92","0","902","144","59","89","95"
"TRA-016","Midwest Electric","Transmission","DMS","2025-10-23T23:13:43.662Z","90","0","219","150","60","94","90"
"TRA-017","Midwest Electric","Transmission","IED","2025-10-24T06:40:57.892Z","97","4","231","117","60","95","92"
"TRA-019","Midwest Electric","Transmission","DMS","2025-10-23T19:39:50.172Z","92","1","423","105","60","93","96"
"TRA-021","Midwest Electric","Transmission","Grid Controller","2025-10-23T22:13:06.676Z","93","0","485","121","59","96","90"
"TRA-023","Midwest Electric","Transmission","RTU","2025-10-24T11:47:35.683Z","91","1","811","124","60","92","94"
"TRA-025","Midwest Electric","Transmission","Grid Controller","2025-10-23T18:23:11.083Z","95","2","139","164","59","96","98"
"TRA-026","Midwest Electric","Transmission","EMS","2025-10-24T08:13:20.009Z","98","2","828","124","60","88","96"
"TRA-029","Midwest Electric","Transmission","DMS","2025-10-24T17:16:55.422Z","97","2","278","174","59","85","98"
"TRA-031","Midwest Electric","Transmission","Arc Flash Monitor","2025-10-23T19:33:48.135Z","98","2","839","169","59","82","95"
"TRA-032","Midwest Electric","Transmission","Protection Relay","2025-10-24T10:10:09.012Z","94","0","648","105","59","88","97"
"TRA-034","Midwest Electric","Transmission","DMS","2025-10-24T02:04:10.257Z","96","1","283","168","59","86","96"
"TRA-035","Midwest Electric","Transmission","DMS","2025-10-24T08:21:40.598Z","94","3","102","126","60","80","92"
"TRA-036","Midwest Electric","Transmission","IED","2025-10-24T03:32:35.291Z","95","1","597","111","59","94","97"
"TRA-037","Midwest Electric","Transmission","HMI","2025-10-24T02:11:52.902Z","91","1","1004","125","60","97","95"
"TRA-038","Midwest Electric","Transmission","SCADA","2025-10-23T20:06:32.999Z","91","1","414","193","60","91","92"
"TRA-040","Midwest Electric","Transmission","DMS","2025-10-24T03:18:05.972Z","92","1","374","110","60","82","97"
"TRA-041","Midwest Electric","Transmission","Environmental Monitor","2025-10-24T13:21:34.727Z","94","3","169","175","60","83","98"
"TRA-042","Midwest Electric","Transmission","Arc Flash Monitor","2025-10-24T02:00:45.384Z","97","2","254","182","60","82","93"
"TRA-043","Midwest Electric","Transmission","DMS","2025-10-23T18:48:08.415Z","96","4","565","198","60","87","93"
"TRA-045","Midwest Electric","Transmission","Protection Relay","2025-10-24T11:49:50.655Z","94","1","896","143","60","89","99"
"TRA-046","Midwest Electric","Transmission","IED","2025-10-24T08:37:46.942Z","98","4","437","118","60","84","97"
"TRA-047","Midwest Electric","Transmission","IED","2025-10-24T13:32:33.480Z","95","3","317","181","59","91","95"
"TRA-048","Midwest Electric","Transmission","RTU","2025-10-24T01:46:18.548Z","97","1","311","166","60","87","90"
"TRA-049","Midwest Electric","Transmission","Arc Flash Monitor","2025-10-24T15:09:02.360Z","93","0","497","138","60","96","90"
"TRA-050","Midwest Electric","Transmission","HMI","2025-10-24T05:08:49.646Z","99","4","334","175","59","96","97"
"TRA-051","Midwest Electric","Transmission","IED","2025-10-24T11:40:09.388Z","92","3","453","117","60","89","96"
"TRA-052","Midwest Electric","Transmission","Environmental Monitor","2025-10-23T23:21:00.410Z","91","3","1069","119","60","82","97"
"DIS-001","Midwest Electric","Distribution","SCADA","2025-10-24T14:42:05.751Z","90","2","557","110","59","86","93"
"DIS-003","Midwest Electric","Distribution","Protection Relay","2025-10-24T03:41:13.932Z","92","3","962","171","60","82","90"
"DIS-004","Midwest Electric","Distribution","SCADA","2025-10-24T02:44:26.424Z","97","4","946","103","60","93","96"
"DIS-006","Midwest Electric","Distribution","Environmental Monitor","2025-10-23T19:52:38.763Z","99","0","387","129","60","96","94"
"DIS-007","Midwest Electric","Distribution","Environmental Monitor","2025-10-24T15:53:02.522Z","96","3","103","134","60","84","97"
"DIS-008","Midwest Electric","Distribution","RTU","2025-10-23T18:51:12.580Z","96","4","672","101","59","94","99"
"DIS-009","Midwest Electric","Distribution","IED","2025-10-24T02:37:02.917Z","96","0","526","121","60","97","98"
"DIS-010","Midwest Electric","Distribution","RTU","2025-10-24T12:33:46.895Z","99","0","773","179","60","90","91"
"DIS-011","Midwest Electric","Distribution","HMI","2025-10-24T09:49:36.470Z","95","3","741","105","60","98","92"
"DIS-012","Midwest Electric","Distribution","RTU","2025-10-24T15:07:44.972Z","93","1","779","144","60","85","95"
"DIS-013","Midwest Electric","Distribution","Grid Controller","2025-10-24T13:50:48.181Z","95","3","284","179","60","80","92"
"DIS-014","Midwest Electric","Distribution","Protection Relay","2025-10-24T07:09:35.616Z","94","2","464","117","60","80","92"
"DIS-015","Midwest Electric","Distribution","RTU","2025-10-24T04:16:48.377Z","94","4","502","104","59","93","90"
"DIS-017","Midwest Electric","Distribution","RTU","2025-10-24T01:55:19.300Z","92","4","281","115","59","84","90"
"DIS-019","Midwest Electric","Distribution","HMI","2025-10-24T13:11:41.398Z","97","4","123","187","59","98","96"
"DIS-020","Midwest Electric","Distribution","Environmental Monitor","2025-10-24T02:54:12.184Z","99","3","167","136","60","99","93"
"DIS-021","Midwest Electric","Distribution","HMI","2025-10-24T01:20:07.293Z","96","4","803","165","60","86","90"
"DIS-022","Midwest Electric","Distribution","DMS","2025-10-23T23:55:57.038Z","95","3","122","136","60","85","97"
"DIS-023","Midwest Electric","Distribution","SCADA","2025-10-23T22:40:52.514Z","97","0","286","161","60","91","91"
"DIS-024","Midwest Electric","Distribution","Arc Flash Monitor","2025-10-23T23:06:27.323Z","98","4","968","147","59","97","97"
"DIS-025","Midwest Electric","Distribution","IED","2025-10-23T19:06:22.533Z","91","3","892","137","59","95","95"
"DIS-026","Midwest Electric","Distribution","SCADA","2025-10-23T20:03:11.297Z","99","3","108","102","60","96","94"
"DIS-029","Midwest Electric","Distribution","Grid Controller","2025-10-24T04:00:06.546Z","98","4","160","192","59","86","91"
"DIS-030","Midwest Electric","Distribution","IED","2025-10-24T11:58:20.203Z","92","2","880","169","59","88","91"
"DIS-031","Midwest Electric","Distribution","RTU","2025-10-24T16:01:40.338Z","93","3","853","187","59","94","92"
"DIS-033","Midwest Electric","Distribution","HMI","2025-10-24T03:55:32.120Z","91","1","874","195","60","89","92"
"DIS-039","Midwest Electric","Distribution","DMS","2025-10-24T10:14:02.441Z","97","2","481","112","60","83","98"
"DIS-040","Midwest Electric","Distribution","Grid Controller","2025-10-24T00:51:10.432Z","96","3","190","101","60","93","97"
"DIS-041","Midwest Electric","Distribution","IED","2025-10-24T15:08:31.003Z","90","3","741","156","60","99","93"
"DIS-043","Midwest Electric","Distribution","Grid Controller","2025-10-24T14:33:58.276Z","98","1","904","125","59","90","99"
"DIS-046","Midwest Electric","Distribution","EMS","2025-10-24T14:40:50.284Z","99","3","990","139","59","95","93"
"DIS-047","Midwest Electric","Distribution","RTU","2025-10-24T11:01:55.018Z","96","4","333","197","60","95","94"
"CON-001","Midwest Electric","Control Center","DMS","2025-10-24T07:27:40.459Z","93","2","863","183","60","91","92"
"CON-002","Midwest Electric","Control Center","SCADA","2025-10-24T10:10:19.051Z","95","1","454","189","59","82","92"
"CON-003","Midwest Electric","Control Center","RTU","2025-10-24T12:00:35.384Z","90","0","727","117","59","99","90"
"CON-004","Midwest Electric","Control Center","Environmental Monitor","2025-10-24T01:38:13.930Z","92","0","1028","142","60","92","90"
"CON-008","Midwest Electric","Control Center","EMS","2025-10-24T06:50:57.165Z","94","4","386","106","59","83","90"
"CON-010","Midwest Electric","Control Center","Environmental Monitor","2025-10-24T09:51:20.515Z","97","4","151","180","60","97","91"
"CON-011","Midwest Electric","Control Center","Protection Relay","2025-10-24T05:30:18.909Z","93","0","154","163","59","90","93"
"CON-014","Midwest Electric","Control Center","EMS","2025-10-24T09:34:07.827Z","91","3","973","184","59","92","96"
"CON-016","Midwest Electric","Control Center","IED","2025-10-24T03:43:04.204Z","95","2","810","144","60","86","94"
"CON-018","Midwest Electric","Control Center","IED","2025-10-24T13:04:29.562Z","94","2","617","124","59","85","92"
"CON-019","Midwest Electric","Control Center","EMS","2025-10-24T16:54:32.654Z","90","1","1009","134","60","93","90"
"CON-020","Midwest Electric","Control Center","DMS","2025-10-24T17:00:25.656Z","93","3","775","109","59","88","96"
"CON-021","Midwest Electric","Control Center","DMS","2025-10-24T13:17:29.855Z","95","1","871","181","59","90","90"
"CON-023","Midwest Electric","Control Center","EMS","2025-10-24T12:21:30.517Z","97","2","891","116","59","84","95"
"CON-024","Midwest Electric","Control Center","Arc Flash Monitor","2025-10-24T16:10:55.807Z","95","0","773","160","59","85","90"
"CON-025","Midwest Electric","Control Center","DMS","2025-10-24T03:29:32.720Z","94","0","492","136","60","97","99"
"CON-026","Midwest Electric","Control Center","Grid Controller","2025-10-24T16:07:38.358Z","92","1","313","170","59","81","99"
"CON-027","Midwest Electric","Control Center","DMS","2025-10-24T10:16:11.032Z","96","0","261","109","59","87","99"
"CON-028","Midwest Electric","Control Center","Protection Relay","2025-10-24T16:02:47.438Z","90","3","1020","101","60","80","99"
"CON-031","Midwest Electric","Control Center","DMS","2025-10-23T21:54:26.111Z","95","4","1046","147","60","99","96"
"CON-033","Midwest Electric","Control Center","Arc Flash Monitor","2025-10-23T19:45:33.655Z","93","0","349","162","59","88","98"
"CON-034","Midwest Electric","Control Center","Protection Relay","2025-10-24T10:15:15.300Z","90","4","311","141","59","95","90"
"SUB-001","Midwest Electric","Substation","RTU","2025-10-24T00:06:03.391Z","96","0","534","196","60","91","99"
"SUB-002","Midwest Electric","Substation","EMS","2025-10-24T04:58:03.528Z","99","2","418","132","60","93","91"
"SUB-004","Midwest Electric","Substation","DMS","2025-10-24T17:56:38.185Z","93","4","572","149","60","85","99"
"SUB-005","Midwest Electric","Substation","DMS","2025-10-23T18:29:25.764Z","90","3","733","165","59","89","99"
"SUB-009","Midwest Electric","Substation","DMS","2025-10-24T08:01:17.838Z","97","0","475","181","60","83","93"
"SUB-012","Midwest Electric","Substation","HMI","2025-10-24T01:12:41.955Z","93","0","910","155","59","83","96"
"SUB-015","Midwest Electric","Substation","DMS","2025-10-24T12:24:06.781Z","97","2","129","101","60","90","94"
"SUB-016","Midwest Electric","Substation","IED","2025-10-24T07:39:36.771Z","91","2","327","164","59","89","99"
"SUB-017","Midwest Electric","Substation","Protection Relay","2025-10-24T15:33:51.422Z","90","1","135","178","59","84","92"
"SUB-019","Midwest Electric","Substation","EMS","2025-10-24T00:57:05.026Z","97","0","966","102","60","85","96"
"SUB-020","Midwest Electric","Substation","Grid Controller","2025-10-23T19:18:52.278Z","94","1","461","148","59","90","92"
"SUB-022","Midwest Electric","Substation","IED","2025-10-24T14:40:11.565Z","98","3","180","127","60","80","93"
"SUB-024","Midwest Electric","Substation","HMI","2025-10-24T12:32:24.265Z","90","2","116","150","59","92","96"
"SUB-026","Midwest Electric","Substation","IED","2025-10-24T11:01:27.670Z","97","4","660","102","60","84","93"
"SUB-028","Midwest Electric","Substation","Protection Relay","2025-10-24T10:44:50.481Z","91","0","333","154","60","81","93"
"SUB-029","Midwest Electric","Substation","HMI","2025-10-23T21:57:28.353Z","97","0","1069","128","59","83","91"
"SUB-030","Midwest Electric","Substation","Arc Flash Monitor","2025-10-24T16:52:50.676Z","90","0","435","103","60","87","90"
"SUB-031","Midwest Electric","Substation","EMS","2025-10-24T13:49:05.508Z","92","1","889","110","59","81","98"
"SUB-032","Midwest Electric","Substation","DMS","2025-10-24T00:08:39.158Z","91","0","933","103","59","99","97"
"SUB-033","Midwest Electric","Substation","RTU","2025-10-24T09:25:10.274Z","96","2","500","193","59","98","94"
"SUB-034","Midwest Electric","Substation","RTU","2025-10-24T16:04:43.996Z","93","0","830","137","60","88","95"
"SUB-035","Midwest Electric","Substation","EMS","2025-10-24T05:50:39.754Z","91","3","928","126","60","87","90"
"SUB-036","Midwest Electric","Substation","SCADA","2025-10-24T08:12:26.720Z","95","3","516","170","60","93","92"
"SUB-039","Midwest Electric","Substation","DMS","2025-10-24T11:56:31.263Z","93","3","129","140","60","97","99"
"SUB-040","Midwest Electric","Substation","Environmental Monitor","2025-10-24T05:17:42.124Z","93","0","832","169","60","94","98"
"SUB-044","Midwest Electric","Substation","Protection Relay","2025-10-23T20:43:00.784Z","93","3","132","143","59","87","93"
"SUB-045","Midwest Electric","Substation","RTU","2025-10-23T21:51:37.147Z","90","3","995","115","60","85","99"
"SUB-046","Midwest Electric","Substation","HMI","2025-10-24T09:18:02.918Z","93","2","562","158","59","89","96"
"SUB-047","Midwest Electric","Substation","DMS","2025-10-24T06:58:22.378Z","90","1","485","103","60","89","95"
"SUB-049","Midwest Electric","Substation","RTU","2025-10-24T12:41:14.477Z","97","3","118","137","59","88","96"
"SUB-050","Midwest Electric","Substation","Protection Relay","2025-10-24T09:39:47.065Z","95","3","886","169","59","92","99"
"SUB-051","Midwest Electric","Substation","IED","2025-10-24T14:53:33.846Z","98","3","729","113","59","97","95"
"SUB-052","Midwest Electric","Substation","DMS","2025-10-23T18:53:44.209Z","90","1","115","188","60","96","95"
"SUB-053","Midwest Electric","Substation","Arc Flash Monitor","2025-10-24T10:42:26.554Z","95","3","302","138","59","94","95"
"SUB-055","Midwest Electric","Substation","RTU","2025-10-24T12:41:03.017Z","94","0","712","152","59","94","95"
"SUB-056","Midwest Electric","Substation","IED","2025-10-24T04:04:20.573Z","94","4","920","148","60","99","90"
"SUB-057","Midwest Electric","Substation","IED","2025-10-23T18:56:07.304Z","90","4","1045","195","59","82","98"
"SUB-058","Midwest Electric","Substation","Arc Flash Monitor","2025-10-24T04:58:41.874Z","95","3","290","136","60","98","93"
"SUB-059","Midwest Electric","Substation","Grid Controller","2025-10-24T02:05:39.457Z","92","3","725","158","59","88","92"
"SUB-060","Midwest Electric","Substation","DMS","2025-10-24T14:09:05.899Z","97","4","804","184","59","82","92"
"SUB-062","Midwest Electric","Substation","Grid Controller","2025-10-24T09:50:31.771Z","92","1","373","196","60","97","99"
"ENV-001","Midwest Electric","Environmental Controls","Arc Flash Monitor","2025-10-24T03:16:10.681Z","94","4","651","148","60","82","99"
"ENV-002","Midwest Electric","Environmental Controls","HMI","2025-10-24T16:09:42.308Z","95","0","1040","183","60","93","97"
"ENV-004","Midwest Electric","Environmental Controls","DMS","2025-10-24T10:37:06.114Z","92","2","116","105","60","94","97"
"ENV-005","Midwest Electric","Environmental Controls","Grid Controller","2025-10-24T04:47:07.633Z","91","3","153","109","59","96","90"
"ENV-006","Midwest Electric","Environmental Controls","Protection Relay","2025-10-24T01:23:37.309Z","97","2","710","189","60","89","96"
"ENV-007","Midwest Electric","Environmental Controls","DMS","2025-10-24T10:17:43.626Z","90","1","704","103","59","84","92"
"ENV-008","Midwest Electric","Environmental Controls","Grid Controller","2025-10-24T04:11:12.685Z","95","1","463","158","60","98","98"
"ENV-010","Midwest Electric","Environmental Controls","RTU","2025-10-24T13:04:17.489Z","91","4","111","195","59","86","99"
"ENV-012","Midwest Electric","Environmental Controls","EMS","2025-10-23T19:27:53.501Z","99","0","820","121","59","92","97"
"ENV-016","Midwest Electric","Environmental Controls","Arc Flash Monitor","2025-10-24T16:51:58.595Z","97","0","670","195","60","82","97"
"ENV-017","Midwest Electric","Environmental Controls","HMI","2025-10-24T11:26:36.905Z","99","1","551","104","60","86","97"
"ENV-019","Midwest Electric","Environmental Controls","DMS","2025-10-24T11:45:28.735Z","92","1","613","116","59","99","94"
"ENV-023","Midwest Electric","Environmental Controls","SCADA","2025-10-24T05:07:58.399Z","90","3","234","115","59","98","92"
"ENV-024","Midwest Electric","Environmental Controls","HMI","2025-10-23T22:22:55.373Z","97","2","308","109","60","91","93"
"ENV-026","Midwest Electric","Environmental Controls","IED","2025-10-24T08:22:34.484Z","98","4","1038","155","60","94","98"
"ENV-027","Midwest Electric","Environmental Controls","Grid Controller","2025-10-24T03:18:33.947Z","97","0","1009","163","59","92","90"
"ENV-028","Midwest Electric","Environmental Controls","IED","2025-10-24T03:06:49.221Z","95","2","502","126","59","90","93"
"ENV-029","Midwest Electric","Environmental Controls","DMS","2025-10-24T07:18:58.983Z","97","3","755","175","59","83","95"
"ENV-031","Midwest Electric","Environmental Controls","IED","2025-10-24T09:42:21.410Z","96","4","265","138","59","87","99"
"ENV-032","Midwest Electric","Environmental Controls","Protection Relay","2025-10-24T14:24:36.338Z","92","3","269","172","60","86","92"
"GEN-002","Southeast Utilities","Generation Unit","EMS","2025-10-24T16:22:23.749Z","93","1","598","128","59","98","95"
"GEN-003","Southeast Utilities","Generation Unit","DMS","2025-10-24T16:49:32.402Z","91","2","1000","112","60","92","95"
"GEN-005","Southeast Utilities","Generation Unit","IED","2025-10-23T22:15:42.630Z","94","3","999","177","60","95","94"
"GEN-006","Southeast Utilities","Generation Unit","Environmental Monitor","2025-10-24T05:37:14.385Z","93","2","797","181","60","80","95"
"GEN-007","Southeast Utilities","Generation Unit","Environmental Monitor","2025-10-23T20:17:11.563Z","96","3","837","148","60","93","97"
"GEN-008","Southeast Utilities","Generation Unit","IED","2025-10-24T16:34:07.823Z","97","1","176","112","60","88","98"
"GEN-010","Southeast Utilities","Generation Unit","RTU","2025-10-24T00:45:04.562Z","92","1","934","174","59","85","95"
"GEN-011","Southeast Utilities","Generation Unit","EMS","2025-10-24T08:27:59.426Z","97","3","394","174","59","92","98"
"GEN-012","Southeast Utilities","Generation Unit","HMI","2025-10-24T17:15:56.567Z","91","0","232","117","60","87","93"
"GEN-013","Southeast Utilities","Generation Unit","DMS","2025-10-24T06:37:27.760Z","94","1","231","182","60","93","90"
"GEN-014","Southeast Utilities","Generation Unit","HMI","2025-10-24T02:42:39.757Z","96","0","179","177","60","87","99"
"GEN-015","Southeast Utilities","Generation Unit","DMS","2025-10-23T20:44:16.989Z","98","0","485","179","59","88","97"
"GEN-017","Southeast Utilities","Generation Unit","Grid Controller","2025-10-24T18:08:20.662Z","98","3","381","172","59","97","91"
"GEN-019","Southeast Utilities","Generation Unit","HMI","2025-10-23T20:52:23.321Z","94","0","541","112","60","88","96"
"GEN-021","Southeast Utilities","Generation Unit","Arc Flash Monitor","2025-10-24T14:23:07.350Z","90","0","501","145","59","95","95"
"GEN-022","Southeast Utilities","Generation Unit","DMS","2025-10-24T11:36:19.684Z","99","1","1092","115","59","86","90"
"GEN-026","Southeast Utilities","Generation Unit","Protection Relay","2025-10-24T05:51:08.509Z","99","3","675","162","60","91","94"
"GEN-027","Southeast Utilities","Generation Unit","IED","2025-10-24T09:31:32.631Z","92","3","529","111","60","86","95"
"GEN-028","Southeast Utilities","Generation Unit","DMS","2025-10-24T12:03:09.369Z","91","0","969","127","59","89","95"
"GEN-030","Southeast Utilities","Generation Unit","HMI","2025-10-24T07:45:50.006Z","90","0","695","180","59","81","90"
"GEN-032","Southeast Utilities","Generation Unit","SCADA","2025-10-24T17:46:38.523Z","92","1","1062","181","60","93","98"
"GEN-033","Southeast Utilities","Generation Unit","Protection Relay","2025-10-24T06:00:06.371Z","94","2","718","156","59","91","99"
"GEN-034","Southeast Utilities","Generation Unit","RTU","2025-10-23T18:43:57.239Z","93","3","273","162","59","95","92"
"GEN-035","Southeast Utilities","Generation Unit","SCADA","2025-10-23T21:00:43.639Z","93","3","956","125","59","93","90"
"GEN-036","Southeast Utilities","Generation Unit","SCADA","2025-10-24T04:06:56.530Z","90","1","181","127","59","80","91"
"GEN-037","Southeast Utilities","Generation Unit","SCADA","2025-10-24T13:12:11.742Z","95","1","434","145","59","92","92"
"GEN-038","Southeast Utilities","Generation Unit","HMI","2025-10-24T07:52:24.258Z","93","3","1010","133","59","99","98"
"GEN-039","Southeast Utilities","Generation Unit","EMS","2025-10-24T07:48:46.704Z","99","3","1090","144","59","90","94"
"TRA-001","Southeast Utilities","Transmission","Environmental Monitor","2025-10-24T09:47:51.972Z","92","4","204","124","59","94","97"
"TRA-003","Southeast Utilities","Transmission","Arc Flash Monitor","2025-10-24T09:57:08.164Z","91","0","830","138","59","80","94"
"TRA-004","Southeast Utilities","Transmission","DMS","2025-10-24T05:41:12.588Z","99","2","514","178","60","85","95"
"TRA-006","Southeast Utilities","Transmission","RTU","2025-10-24T08:13:56.424Z","92","1","156","132","59","80","92"
"TRA-007","Southeast Utilities","Transmission","Arc Flash Monitor","2025-10-23T23:51:48.697Z","94","0","1003","161","59","82","96"
"TRA-008","Southeast Utilities","Transmission","IED","2025-10-24T11:14:57.838Z","94","0","933","162","60","97","93"
"TRA-010","Southeast Utilities","Transmission","SCADA","2025-10-24T16:25:45.796Z","93","0","712","168","59","92","97"
"TRA-011","Southeast Utilities","Transmission","SCADA","2025-10-24T02:10:21.851Z","92","3","834","146","59","85","91"
"TRA-012","Southeast Utilities","Transmission","DMS","2025-10-24T08:37:25.347Z","90","3","236","143","60","99","93"
"TRA-013","Southeast Utilities","Transmission","Protection Relay","2025-10-24T02:23:55.527Z","91","2","157","153","60","83","91"
"TRA-014","Southeast Utilities","Transmission","HMI","2025-10-24T10:14:54.590Z","93","0","857","149","59","92","94"
"TRA-015","Southeast Utilities","Transmission","Grid Controller","2025-10-24T10:09:26.086Z","92","3","525","117","60","99","97"
"TRA-016","Southeast Utilities","Transmission","IED","2025-10-24T06:11:42.421Z","90","0","779","176","60","87","91"
"TRA-017","Southeast Utilities","Transmission","SCADA","2025-10-24T02:40:17.723Z","98","2","266","195","60","92","93"
"TRA-018","Southeast Utilities","Transmission","IED","2025-10-24T02:33:01.033Z","93","2","371","166","60","85","93"
"TRA-019","Southeast Utilities","Transmission","RTU","2025-10-23T18:34:05.113Z","97","2","780","102","60","92","93"
"TRA-020","Southeast Utilities","Transmission","HMI","2025-10-24T08:21:32.602Z","92","2","603","167","59","93","94"
"TRA-021","Southeast Utilities","Transmission","Grid Controller","2025-10-24T01:03:33.171Z","98","1","170","179","60","82","97"
"TRA-023","Southeast Utilities","Transmission","EMS","2025-10-24T01:06:29.530Z","90","1","432","164","60","88","95"
"TRA-026","Southeast Utilities","Transmission","RTU","2025-10-24T09:24:21.346Z","96","0","210","198","59","82","91"
"TRA-028","Southeast Utilities","Transmission","HMI","2025-10-24T06:19:51.485Z","94","0","534","153","60","83","98"
"TRA-030","Southeast Utilities","Transmission","IED","2025-10-23T18:42:05.139Z","93","3","909","172","60","86","94"
"TRA-031","Southeast Utilities","Transmission","Grid Controller","2025-10-24T05:03:16.008Z","91","4","596","160","60","87","93"
"TRA-032","Southeast Utilities","Transmission","IED","2025-10-24T04:06:35.078Z","96","0","272","129","60","95","98"
"TRA-033","Southeast Utilities","Transmission","Protection Relay","2025-10-24T15:39:24.046Z","96","2","899","108","60","86","90"
"TRA-034","Southeast Utilities","Transmission","Arc Flash Monitor","2025-10-24T00:35:58.472Z","97","3","790","143","59","93","96"
"TRA-038","Southeast Utilities","Transmission","Environmental Monitor","2025-10-24T08:05:49.547Z","91","3","594","149","60","88","99"
"TRA-040","Southeast Utilities","Transmission","HMI","2025-10-24T04:59:40.775Z","91","4","1022","133","59","80","93"
"TRA-041","Southeast Utilities","Transmission","Arc Flash Monitor","2025-10-24T02:15:00.534Z","95","0","920","181","60","97","99"
"TRA-042","Southeast Utilities","Transmission","SCADA","2025-10-24T08:48:46.382Z","93","0","811","120","60","84","91"
"TRA-043","Southeast Utilities","Transmission","RTU","2025-10-23T21:21:49.520Z","99","3","1047","164","59","90","97"
"TRA-044","Southeast Utilities","Transmission","Environmental Monitor","2025-10-23T23:56:22.913Z","90","4","587","156","60","87","98"
"TRA-046","Southeast Utilities","Transmission","IED","2025-10-24T03:19:53.089Z","95","0","698","138","59","90","97"
"TRA-047","Southeast Utilities","Transmission","HMI","2025-10-24T04:07:05.903Z","95","2","401","194","60","87","94"
"TRA-048","Southeast Utilities","Transmission","EMS","2025-10-24T12:27:55.689Z","96","2","782","136","59","97","92"
"TRA-050","Southeast Utilities","Transmission","IED","2025-10-24T09:07:13.342Z","97","3","923","102","60","92","92"
"TRA-053","Southeast Utilities","Transmission","RTU","2025-10-24T15:45:00.499Z","90","4","133","128","59","97","93"
"TRA-054","Southeast Utilities","Transmission","Environmental Monitor","2025-10-24T10:06:38.201Z","97","0","322","147","59","95","99"
"TRA-057","Southeast Utilities","Transmission","Environmental Monitor","2025-10-24T10:47:51.442Z","91","1","254","125","59","84","93"
"TRA-058","Southeast Utilities","Transmission","SCADA","2025-10-24T13:29:27.973Z","97","3","908","121","59","94","95"
"TRA-059","Southeast Utilities","Transmission","EMS","2025-10-23T21:53:53.169Z","91","4","793","183","59","80","96"
"TRA-060","Southeast Utilities","Transmission","Arc Flash Monitor","2025-10-23T21:09:42.163Z","97","0","663","171","60","90","98"
"TRA-061","Southeast Utilities","Transmission","SCADA","2025-10-24T00:13:57.899Z","94","0","913","153","59","86","92"
"TRA-063","Southeast Utilities","Transmission","HMI","2025-10-24T14:27:38.896Z","98","3","742","130","60","99","91"
"TRA-064","Southeast Utilities","Transmission","Grid Controller","2025-10-24T11:41:29.323Z","97","0","673","110","59","89","92"
"TRA-065","Southeast Utilities","Transmission","EMS","2025-10-23T22:30:59.264Z","93","0","417","192","60","96","91"
"TRA-066","Southeast Utilities","Transmission","HMI","2025-10-24T00:47:29.677Z","97","2","284","196","60","83","96"
"TRA-067","Southeast Utilities","Transmission","Environmental Monitor","2025-10-23T18:55:25.193Z","91","4","948","112","60","98","91"
"TRA-068","Southeast Utilities","Transmission","EMS","2025-10-23T23:23:55.374Z","94","4","827","138","60","87","97"
"TRA-070","Southeast Utilities","Transmission","Protection Relay","2025-10-24T13:59:06.389Z","95","4","124","181","60","82","99"
"TRA-071","Southeast Utilities","Transmission","EMS","2025-10-24T01:46:01.610Z","90","3","135","130","60","87","92"
"TRA-073","Southeast Utilities","Transmission","Arc Flash Monitor","2025-10-24T06:46:44.464Z","91","1","864","183","60","83","95"
"TRA-074","Southeast Utilities","Transmission","EMS","2025-10-23T23:37:26.638Z","91","4","119","126","59","81","94"
"TRA-075","Southeast Utilities","Transmission","SCADA","2025-10-24T11:23:41.118Z","91","2","418","117","59","80","98"
"TRA-076","Southeast Utilities","Transmission","IED","2025-10-23T23:03:18.691Z","97","4","975","145","60","90","96"
"TRA-077","Southeast Utilities","Transmission","IED","2025-10-24T10:35:59.357Z","99","4","264","108","59","93","99"
"TRA-078","Southeast Utilities","Transmission","DMS","2025-10-24T12:21:56.074Z","97","3","478","164","60","93","91"
"TRA-079","Southeast Utilities","Transmission","SCADA","2025-10-24T12:35:05.045Z","93","3","500","143","60","85","97"
"TRA-080","Southeast Utilities","Transmission","IED","2025-10-24T04:36:16.364Z","96","1","408","137","59","85","96"
"DIS-001","Southeast Utilities","Distribution","RTU","2025-10-24T15:36:25.779Z","95","2","698","158","59","88","99"
"DIS-003","Southeast Utilities","Distribution","HMI","2025-10-24T00:37:38.678Z","93","4","1084","141","59","80","97"
"DIS-004","Southeast Utilities","Distribution","EMS","2025-10-24T15:26:18.782Z","94","1","456","184","60","85","94"
"DIS-006","Southeast Utilities","Distribution","EMS","2025-10-24T15:02:55.752Z","99","3","900","122","60","81","97"
"DIS-007","Southeast Utilities","Distribution","Arc Flash Monitor","2025-10-23T22:59:49.900Z","93","3","958","126","59","81","91"
"DIS-009","Southeast Utilities","Distribution","EMS","2025-10-24T03:43:12.802Z","90","4","300","159","60","97","99"
"DIS-010","Southeast Utilities","Distribution","RTU","2025-10-24T17:45:50.686Z","97","3","651","189","60","92","98"
"DIS-011","Southeast Utilities","Distribution","Arc Flash Monitor","2025-10-23T20:20:19.959Z","98","2","570","111","60","89","90"
"DIS-015","Southeast Utilities","Distribution","Arc Flash Monitor","2025-10-24T01:29:49.112Z","96","1","928","167","60","81","98"
"DIS-016","Southeast Utilities","Distribution","DMS","2025-10-23T21:05:40.903Z","96","0","752","104","59","84","96"
"DIS-018","Southeast Utilities","Distribution","Protection Relay","2025-10-24T05:47:30.092Z","99","3","624","107","59","82","91"
"DIS-020","Southeast Utilities","Distribution","SCADA","2025-10-23T20:03:04.868Z","93","2","492","140","59","89","92"
"DIS-021","Southeast Utilities","Distribution","Grid Controller","2025-10-24T03:33:19.182Z","94","0","364","136","60","80","95"
"DIS-022","Southeast Utilities","Distribution","HMI","2025-10-24T17:16:25.224Z","96","0","808","101","59","99","93"
"DIS-023","Southeast Utilities","Distribution","IED","2025-10-23T22:10:30.722Z","90","1","597","140","60","93","94"
"DIS-024","Southeast Utilities","Distribution","IED","2025-10-24T00:46:20.473Z","92","1","505","188","59","84","93"
"DIS-026","Southeast Utilities","Distribution","Arc Flash Monitor","2025-10-24T03:41:22.861Z","94","2","1007","113","59","93","93"
"DIS-028","Southeast Utilities","Distribution","DMS","2025-10-24T11:54:48.910Z","96","2","622","174","60","81","90"
"DIS-030","Southeast Utilities","Distribution","SCADA","2025-10-24T05:28:21.933Z","93","0","492","186","59","90","97"
"DIS-031","Southeast Utilities","Distribution","RTU","2025-10-24T16:27:43.889Z","90","3","707","107","59","90","90"
"DIS-032","Southeast Utilities","Distribution","HMI","2025-10-24T11:04:15.936Z","93","3","206","134","59","95","90"
"DIS-033","Southeast Utilities","Distribution","Protection Relay","2025-10-23T23:37:46.634Z","95","3","745","128","59","86","99"
"CON-001","Southeast Utilities","Control Center","Arc Flash Monitor","2025-10-23T19:05:37.237Z","94","1","1037","124","59","99","94"
"CON-003","Southeast Utilities","Control Center","DMS","2025-10-24T11:23:58.933Z","93","4","1021","185","60","98","95"
"CON-004","Southeast Utilities","Control Center","SCADA","2025-10-24T04:21:56.095Z","98","3","290","141","59","97","94"
"CON-005","Southeast Utilities","Control Center","IED","2025-10-24T02:19:12.997Z","95","1","1014","101","59","93","96"
"CON-007","Southeast Utilities","Control Center","Arc Flash Monitor","2025-10-24T07:01:08.061Z","94","4","869","128","60","91","98"
"CON-009","Southeast Utilities","Control Center","DMS","2025-10-24T00:25:30.008Z","90","1","932","115","60","96","95"
"CON-012","Southeast Utilities","Control Center","Arc Flash Monitor","2025-10-23T23:25:47.530Z","95","2","284","132","59","89","97"
"CON-013","Southeast Utilities","Control Center","HMI","2025-10-24T12:17:35.471Z","90","2","227","159","60","82","97"
"CON-015","Southeast Utilities","Control Center","Arc Flash Monitor","2025-10-24T04:20:02.361Z","97","1","340","164","59","82","94"
"CON-016","Southeast Utilities","Control Center","Grid Controller","2025-10-24T17:11:08.571Z","93","0","141","175","60","88","95"
"CON-017","Southeast Utilities","Control Center","SCADA","2025-10-23T19:36:02.100Z","93","3","1094","153","60","88","96"
"CON-018","Southeast Utilities","Control Center","RTU","2025-10-24T04:32:00.984Z","99","0","897","134","59","91","91"
"CON-020","Southeast Utilities","Control Center","Grid Controller","2025-10-24T03:33:27.481Z","92","3","986","198","59","86","97"
"CON-021","Southeast Utilities","Control Center","SCADA","2025-10-24T11:54:17.634Z","92","1","276","116","59","86","92"
"CON-022","Southeast Utilities","Control Center","Arc Flash Monitor","2025-10-24T09:26:28.451Z","99","0","237","122","59","95","98"
"CON-024","Southeast Utilities","Control Center","SCADA","2025-10-24T17:00:25.226Z","93","0","439","152","60","93","99"
"CON-025","Southeast Utilities","Control Center","Environmental Monitor","2025-10-24T07:02:18.800Z","92","0","184","186","60","94","96"
"CON-027","Southeast Utilities","Control Center","Arc Flash Monitor","2025-10-23T22:16:23.751Z","92","1","1006","176","60","93","94"
"CON-029","Southeast Utilities","Control Center","SCADA","2025-10-23T20:26:13.619Z","97","3","855","199","60","81","94"
"CON-030","Southeast Utilities","Control Center","Arc Flash Monitor","2025-10-24T17:04:46.124Z","94","2","904","134","59","84","98"
"CON-033","Southeast Utilities","Control Center","RTU","2025-10-24T16:28:24.237Z","97","3","280","197","59","98","99"
"CON-035","Southeast Utilities","Control Center","IED","2025-10-24T13:02:59.725Z","92","1","987","115","59","95","93"
"CON-036","Southeast Utilities","Control Center","SCADA","2025-10-23T21:13:41.027Z","92","3","442","161","60","83","92"
"CON-037","Southeast Utilities","Control Center","SCADA","2025-10-24T12:16:21.341Z","90","3","586","194","59","83","91"
"CON-039","Southeast Utilities","Control Center","EMS","2025-10-23T20:43:24.818Z","99","0","1006","192","59","86","91"
"CON-040","Southeast Utilities","Control Center","HMI","2025-10-24T09:58:47.740Z","91","1","342","145","59","81","99"
"CON-041","Southeast Utilities","Control Center","HMI","2025-10-24T04:58:18.093Z","97","3","127","147","59","89","99"
"CON-042","Southeast Utilities","Control Center","Grid Controller","2025-10-24T02:19:40.141Z","90","4","344","115","59","88","96"
"CON-043","Southeast Utilities","Control Center","EMS","2025-10-24T05:15:11.030Z","95","0","220","158","60","87","97"
"CON-044","Southeast Utilities","Control Center","Protection Relay","2025-10-23T19:36:16.917Z","99","4","777","142","60","80","97"
"CON-045","Southeast Utilities","Control Center","IED","2025-10-23T21:58:17.102Z","92","2","878","175","60","94","95"
"CON-046","Southeast Utilities","Control Center","HMI","2025-10-24T12:21:34.447Z","93","2","1068","111","60","89","98"
"CON-048","Southeast Utilities","Control Center","Protection Relay","2025-10-23T19:39:45.584Z","96","1","169","142","60","96","93"
"CON-049","Southeast Utilities","Control Center","Grid Controller","2025-10-24T17:24:00.956Z","94","3","1084","160","59","87","98"
"CON-050","Southeast Utilities","Control Center","DMS","2025-10-24T14:11:20.737Z","99","1","546","189","59","97","91"
"CON-051","Southeast Utilities","Control Center","Grid Controller","2025-10-24T09:35:11.270Z","98","4","676","126","59","93","95"
"CON-052","Southeast Utilities","Control Center","HMI","2025-10-24T10:02:14.908Z","97","4","717","127","60","89","99"
"CON-053","Southeast Utilities","Control Center","Grid Controller","2025-10-24T16:02:18.609Z","94","4","796","198","60","92","96"
"CON-054","Southeast Utilities","Control Center","Protection Relay","2025-10-23T21:01:37.689Z","98","3","888","124","59","93","95"
"CON-055","Southeast Utilities","Control Center","HMI","2025-10-24T03:33:35.892Z","92","3","742","155","59","99","92"
"CON-056","Southeast Utilities","Control Center","DMS","2025-10-24T09:52:28.548Z","92","2","771","180","60","91","98"
"SUB-001","Southeast Utilities","Substation","RTU","2025-10-24T00:48:15.935Z","96","1","1057","193","60","92","97"
"SUB-003","Southeast Utilities","Substation","HMI","2025-10-24T16:34:04.832Z","96","2","685","147","59","90","92"
"SUB-004","Southeast Utilities","Substation","RTU","2025-10-24T06:04:13.375Z","98","3","572","179","59","93","97"
"SUB-006","Southeast Utilities","Substation","IED","2025-10-24T06:41:55.926Z","93","4","406","116","60","94","97"
"SUB-008","Southeast Utilities","Substation","HMI","2025-10-24T12:56:41.970Z","93","1","1011","103","59","81","98"
"SUB-011","Southeast Utilities","Substation","SCADA","2025-10-24T05:34:49.152Z","98","4","553","166","60","91","96"
"SUB-013","Southeast Utilities","Substation","Protection Relay","2025-10-24T11:01:06.484Z","95","2","948","152","60","94","93"
"SUB-017","Southeast Utilities","Substation","SCADA","2025-10-24T04:17:22.868Z","96","2","508","194","59","94","92"
"SUB-018","Southeast Utilities","Substation","IED","2025-10-24T11:23:40.213Z","92","0","766","125","59","84","98"
"SUB-020","Southeast Utilities","Substation","Environmental Monitor","2025-10-24T06:53:08.046Z","94","4","495","170","60","93","96"
"SUB-023","Southeast Utilities","Substation","EMS","2025-10-24T01:31:13.768Z","93","1","1077","179","60","82","94"
"SUB-025","Southeast Utilities","Substation","EMS","2025-10-24T07:47:34.591Z","92","4","198","103","60","80","90"
"SUB-027","Southeast Utilities","Substation","IED","2025-10-23T18:31:04.754Z","98","3","880","134","59","98","90"
"SUB-028","Southeast Utilities","Substation","DMS","2025-10-24T10:02:13.645Z","93","1","960","181","59","93","99"
"SUB-029","Southeast Utilities","Substation","Protection Relay","2025-10-24T01:51:54.645Z","93","1","774","170","60","92","97"
"SUB-030","Southeast Utilities","Substation","Arc Flash Monitor","2025-10-24T17:06:58.283Z","93","2","752","152","60","95","91"
"SUB-032","Southeast Utilities","Substation","DMS","2025-10-24T16:09:45.342Z","94","1","770","172","60","86","92"
"SUB-034","Southeast Utilities","Substation","Grid Controller","2025-10-24T01:27:28.018Z","97","3","972","116","60","89","96"
"SUB-035","Southeast Utilities","Substation","HMI","2025-10-23T20:19:21.309Z","98","0","430","117","60","87","99"
"SUB-036","Southeast Utilities","Substation","HMI","2025-10-24T01:17:06.661Z","97","4","894","116","59","94","93"
"SUB-037","Southeast Utilities","Substation","EMS","2025-10-24T07:57:09.354Z","98","1","759","161","59","92","99"
"SUB-038","Southeast Utilities","Substation","Protection Relay","2025-10-24T05:05:12.248Z","91","2","413","160","59","90","94"
"SUB-039","Southeast Utilities","Substation","EMS","2025-10-24T04:23:46.337Z","95","1","214","158","59","87","90"
"SUB-040","Southeast Utilities","Substation","HMI","2025-10-24T17:13:41.416Z","98","0","737","194","59","98","99"
"SUB-041","Southeast Utilities","Substation","Arc Flash Monitor","2025-10-24T00:03:46.651Z","97","3","604","113","60","85","90"
"SUB-042","Southeast Utilities","Substation","Arc Flash Monitor","2025-10-24T15:35:28.728Z","92","1","149","108","60","81","96"
"SUB-043","Southeast Utilities","Substation","Environmental Monitor","2025-10-23T20:56:51.210Z","97","4","749","177","59","82","99"
"SUB-044","Southeast Utilities","Substation","DMS","2025-10-24T04:47:16.040Z","98","3","571","112","59","99","95"
"SUB-045","Southeast Utilities","Substation","Protection Relay","2025-10-24T16:12:32.915Z","94","4","119","140","59","94","90"
"SUB-048","Southeast Utilities","Substation","SCADA","2025-10-23T23:49:26.526Z","98","1","1070","131","60","89","98"
"SUB-049","Southeast Utilities","Substation","RTU","2025-10-23T21:35:02.494Z","97","1","1057","131","59","94","90"
"SUB-050","Southeast Utilities","Substation","Arc Flash Monitor","2025-10-24T00:09:46.058Z","93","1","102","113","59","91","98"
"SUB-052","Southeast Utilities","Substation","Protection Relay","2025-10-23T22:57:40.799Z","92","3","326","189","59","80","99"
"SUB-054","Southeast Utilities","Substation","Grid Controller","2025-10-24T03:46:14.489Z","96","1","434","124","59","82","94"
"SUB-056","Southeast Utilities","Substation","RTU","2025-10-24T01:23:11.193Z","92","4","100","190","59","88","91"
"SUB-057","Southeast Utilities","Substation","RTU","2025-10-24T16:56:02.055Z","91","2","220","163","59","96","95"
"SUB-058","Southeast Utilities","Substation","Arc Flash Monitor","2025-10-24T16:42:13.657Z","91","4","1053","124","59","82","97"
"SUB-062","Southeast Utilities","Substation","Grid Controller","2025-10-24T15:22:17.751Z","96","4","213","176","59","94","95"
"SUB-063","Southeast Utilities","Substation","Arc Flash Monitor","2025-10-23T23:13:20.039Z","95","2","605","133","60","83","92"
"SUB-064","Southeast Utilities","Substation","RTU","2025-10-24T15:22:02.872Z","92","2","404","136","60","91","93"
"SUB-065","Southeast Utilities","Substation","Protection Relay","2025-10-24T07:15:10.024Z","91","4","188","120","59","83","96"
"SUB-066","Southeast Utilities","Substation","Protection Relay","2025-10-24T06:36:16.103Z","96","0","695","133","59","95","90"
"SUB-068","Southeast Utilities","Substation","Protection Relay","2025-10-24T06:47:46.539Z","91","2","663","180","60","93","90"
"SUB-069","Southeast Utilities","Substation","Grid Controller","2025-10-24T15:18:30.971Z","95","3","249","158","60","91","98"
"SUB-070","Southeast Utilities","Substation","EMS","2025-10-24T02:06:59.978Z","92","1","780","174","60","80","92"
"SUB-073","Southeast Utilities","Substation","HMI","2025-10-24T00:01:54.974Z","93","0","573","109","60","97","94"
"SUB-074","Southeast Utilities","Substation","DMS","2025-10-23T19:31:38.746Z","92","3","249","164","60","85","96"
"SUB-075","Southeast Utilities","Substation","HMI","2025-10-23T20:55:42.849Z","99","4","322","120","59","81","91"
"ENV-003","Southeast Utilities","Environmental Controls","RTU","2025-10-24T15:31:56.961Z","99","1","315","142","59","96","90"
"ENV-004","Southeast Utilities","Environmental Controls","EMS","2025-10-24T06:53:52.320Z","94","0","285","190","60","88","95"
"ENV-005","Southeast Utilities","Environmental Controls","HMI","2025-10-24T00:07:43.230Z","96","4","743","199","60","82","96"
"ENV-006","Southeast Utilities","Environmental Controls","SCADA","2025-10-23T18:44:39.680Z","90","2","544","162","60","83","92"
"ENV-007","Southeast Utilities","Environmental Controls","EMS","2025-10-24T14:48:35.293Z","94","3","1049","149","60","81","92"
"ENV-009","Southeast Utilities","Environmental Controls","IED","2025-10-24T13:55:53.268Z","95","2","234","154","59","83","97"
"ENV-010","Southeast Utilities","Environmental Controls","EMS","2025-10-24T03:14:38.435Z","95","4","961","128","60","93","97"
"ENV-011","Southeast Utilities","Environmental Controls","Arc Flash Monitor","2025-10-23T18:25:09.718Z","94","2","302","158","59","89","98"
"ENV-012","Southeast Utilities","Environmental Controls","Grid Controller","2025-10-24T01:19:42.548Z","96","4","613","197","59","89","94"
"ENV-013","Southeast Utilities","Environmental Controls","DMS","2025-10-24T02:45:59.170Z","95","1","677","101","60","83","97"
"ENV-014","Southeast Utilities","Environmental Controls","Arc Flash Monitor","2025-10-23T18:24:22.729Z","94","1","919","115","60","93","90"
"ENV-015","Southeast Utilities","Environmental Controls","EMS","2025-10-24T09:43:19.655Z","96","3","294","156","59","87","90"
"ENV-016","Southeast Utilities","Environmental Controls","Protection Relay","2025-10-24T08:41:59.245Z","96","0","465","103","60","87","97"
"ENV-017","Southeast Utilities","Environmental Controls","DMS","2025-10-24T17:50:05.824Z","99","4","520","146","60","83","91"
"ENV-019","Southeast Utilities","Environmental Controls","HMI","2025-10-24T01:34:22.990Z","92","2","804","154","60","85","91"
"ENV-020","Southeast Utilities","Environmental Controls","IED","2025-10-24T12:11:39.416Z","91","0","339","112","60","80","98"
"ENV-021","Southeast Utilities","Environmental Controls","IED","2025-10-24T04:08:04.403Z","96","1","211","181","60","96","90"
"ENV-023","Southeast Utilities","Environmental Controls","RTU","2025-10-24T05:39:35.006Z","96","2","1003","148","60","90","95"
"ENV-024","Southeast Utilities","Environmental Controls","SCADA","2025-10-24T09:00:25.205Z","90","1","443","157","60","90","94"
"ENV-025","Southeast Utilities","Environmental Controls","DMS","2025-10-23T18:32:16.332Z","99","2","310","120","59","97","93"
"ENV-027","Southeast Utilities","Environmental Controls","SCADA","2025-10-24T00:14:50.237Z","99","2","693","149","59","90","96"
"ENV-028","Southeast Utilities","Environmental Controls","EMS","2025-10-24T07:05:44.241Z","96","3","831","126","60","96","97"
"ENV-030","Southeast Utilities","Environmental Controls","SCADA","2025-10-24T09:50:42.232Z","93","3","455","121","59","96","92"
"ENV-031","Southeast Utilities","Environmental Controls","Arc Flash Monitor","2025-10-23T23:23:39.290Z","98","1","159","175","60","85","92"
"ENV-032","Southeast Utilities","Environmental Controls","RTU","2025-10-24T14:06:28.781Z","92","4","1036","161","60","85","99"
"ENV-033","Southeast Utilities","Environmental Controls","Protection Relay","2025-10-24T08:22:06.443Z","98","1","1093","112","60","94","92"
"ENV-035","Southeast Utilities","Environmental Controls","Arc Flash Monitor","2025-10-24T14:04:48.101Z","93","0","377","196","60","96","99"
"ENV-036","Southeast Utilities","Environmental Controls","Arc Flash Monitor","2025-10-24T09:06:06.017Z","99","3","935","102","60","91","96"
"ENV-037","Southeast Utilities","Environmental Controls","Grid Controller","2025-10-24T11:31:07.172Z","92","1","125","181","59","85","90"
"ENV-038","Southeast Utilities","Environmental Controls","IED","2025-10-23T21:19:28.860Z","91","2","331","191","60","81","96"
"ENV-041","Southeast Utilities","Environmental Controls","EMS","2025-10-24T14:41:01.043Z","93","1","168","190","60","84","96"